None,None,None,None,None,None,None,None,
None,None,None,None,None,None,None,None,
150729.00,5318.824,614.0966,80.2,1.25,25.0,23.125,977.6827,
150729.00,5318.824,614.0966,80.2,1.25,25.0,23.125,977.7368,
150729.00,5318.824,614.0966,80.2,1.25,25.0,23.125,977.8644,
150729.00,5318.824,614.0966,80.2,1.25,25.0625,23.125,978.079,
150729.00,5318.824,614.0966,80.2,1.25,25.125,23.125,978.2776,
150729.00,5318.824,614.0966,80.2,1.25,25.125,23.125,978.3752,
None,None,None,None,None,None,None,None,
None,None,None,None,None,None,None,None,
150832.00,5318.821,614.0909,88.0,1.25,25.0,23.125,977.4413,
150832.00,5318.821,614.0909,88.0,1.25,25.0,23.125,977.416,
150832.00,5318.821,614.0909,88.0,1.25,25.0,23.1875,977.3939,
150832.00,5318.821,614.0909,88.0,1.25,25.0,23.125,977.351,
150832.00,5318.821,614.0909,88.0,1.25,25.0,23.1875,977.2952,
150832.00,5318.821,614.0909,88.0,1.25,25.0,23.1875,977.3033,
150832.00,5318.821,614.0909,88.0,1.25,25.0,23.1875,977.3033,
150832.00,5318.821,614.0909,88.0,1.25,25.0,23.1875,977.3033,
150845.00,5318.822,614.0921,87.1,1.25,25.0625,23.1875,977.7432,
150845.00,5318.822,614.0921,87.1,1.25,25.125,23.1875,977.8365,
150845.00,5318.822,614.0921,87.1,1.25,25.125,23.125,977.8892,
None,None,None,None,None,None,None,None,
None,None,None,None,None,None,None,None,
None,None,None,None,None,None,None,None,
None,None,None,None,None,None,None,None,
None,None,None,None,None,None,None,None,
150937.00,5318.821,614.0893,89.1,1.25,24.875,23.1875,977.01,
150937.00,5318.821,614.0893,89.1,1.25,24.875,23.1875,976.7253,
150937.00,5318.821,614.0893,89.1,1.25,24.8125,23.1875,976.8123,
150937.00,5318.821,614.0893,89.1,1.25,24.875,23.1875,976.9506,
150937.00,5318.821,614.0893,89.1,1.25,24.9375,23.1875,977.0415,
150949.00,5318.821,614.0884,88.3,1.25,24.9375,23.1875,977.1782,
150949.00,5318.821,614.0884,88.3,1.25,25.0,23.1875,977.1975,
150949.00,5318.821,614.0884,88.3,1.25,25.0,23.1875,977.2043,
150949.00,5318.821,614.0884,88.3,1.25,25.0,23.1875,977.2043,
150949.00,5318.821,614.0884,88.3,1.25,25.0,23.1875,977.2043,
150949.00,5318.821,614.0884,88.3,1.25,25.0,23.1875,977.2043,
150949.00,5318.821,614.0884,88.3,1.25,25.0,23.1875,977.2043,
150949.00,5318.821,614.0884,88.3,1.25,25.0,23.1875,977.2043,
150949.00,5318.821,614.0884,88.3,1.25,25.0,23.1875,977.2043,
150949.00,5318.821,614.0884,88.3,1.25,25.0,23.1875,977.2043,
150949.00,5318.821,614.0884,88.3,1.25,25.0,23.1875,977.2043,
150949.00,5318.821,614.0884,88.3,1.25,25.0,23.1875,977.2043,
150949.00,5318.821,614.0884,88.3,1.25,25.0,23.1875,977.2043,
None,None,None,None,None,None,None,None,
None,None,None,None,None,None,None,None,
None,None,None,None,None,None,None,None,
None,None,None,None,None,None,None,None,
None,None,None,None,None,None,None,None,
None,None,None,None,None,None,None,None,
None,None,None,None,None,None,None,None,
None,None,None,None,None,None,None,None,
None,None,None,None,None,None,None,None,
None,None,None,None,None,None,None,None,
None,None,None,None,None,None,None,None,
None,None,None,None,None,None,None,None,
None,None,None,None,None,None,None,None,
None,None,None,None,None,None,None,None,
None,None,None,None,None,None,None,None,
None,None,None,None,None,None,None,None,
None,None,None,None,None,None,None,None,
None,None,None,None,None,None,None,None,
None,None,None,None,None,None,None,None,
None,None,None,None,None,None,None,None,
None,None,None,None,None,None,None,None,
None,None,None,None,None,None,None,None,
None,None,None,None,None,None,None,None,
None,None,None,None,None,None,None,None,
None,None,None,None,None,None,None,None,
None,None,None,None,None,None,None,None,
None,None,None,None,None,None,None,None,
None,None,None,None,None,None,None,None,
None,None,None,None,None,None,None,None,
None,None,None,None,None,None,None,None,
None,None,None,None,None,None,None,None,
None,None,None,None,None,None,None,None,
None,None,None,None,None,None,None,None,
152455.00,5318.821,614.1055,64.6,0.9599999,25.0,24.625,976.3251,
152455.00,5318.821,614.1055,64.6,0.9599999,25.0625,24.625,976.3154,
152455.00,5318.821,614.1055,64.6,0.9599999,25.0,24.5625,976.284,
152455.00,5318.821,614.1055,64.6,0.9599999,25.0,24.5625,976.3134,
152455.00,5318.821,614.1055,64.6,0.9599999,25.0,24.5625,976.3173,
152455.00,5318.821,614.1055,64.6,0.9599999,25.0625,24.5625,976.3431,
152455.00,5318.821,614.1055,64.6,0.9599999,25.0625,24.5625,976.3431,
152455.00,5318.821,614.1055,64.6,0.9599999,25.0625,24.5625,976.3431,
152506.00,5318.82,614.1053,64.9,0.99,25.0625,24.5625,976.2915,
152637.00,5318.821,614.1029,55.8,0.93,24.9375,24.5,975.7848,
152637.00,5318.821,614.1029,55.8,0.93,24.9375,24.5,975.7056,
152637.00,5318.821,614.1029,55.8,0.93,24.9375,24.5,975.6437,
152637.00,5318.821,614.1029,55.8,0.93,24.9375,24.5,975.5977,
152637.00,5318.821,614.1029,55.8,0.93,24.875,24.5,975.6234,
152719.00,5318.824,614.1057,50.9,1.67,24.75,24.4375,975.2358,
152719.00,5318.824,614.1057,50.9,1.67,24.75,24.4375,975.2062,
152719.00,5318.824,614.1057,50.9,1.67,24.75,24.375,975.2743,
152719.00,5318.824,614.1057,50.9,1.67,24.75,24.375,975.324,
152719.00,5318.824,614.1057,50.9,1.67,24.75,24.375,975.324,
152719.00,5318.824,614.1057,50.9,1.67,24.75,24.375,975.324,
152719.00,5318.824,614.1057,50.9,1.67,24.75,24.375,975.324,
152719.00,5318.824,614.1057,50.9,1.67,24.75,24.375,975.324,
152719.00,5318.824,614.1057,50.9,1.67,24.75,24.375,975.324,
152719.00,5318.824,614.1057,50.9,1.67,24.75,24.375,975.324,
152758.00,5318.826,614.1019,57.0,1.21,24.75,24.25,975.5544,
6767676,34343,34334,3434,3434,3434,3434,34343,
0,0.0,0.0,0.0,99.99,27.5,24.875,998.5293,
0,0.0,0.0,0.0,99.99,27.5,24.8125,998.5483,
0,0.0,0.0,0.0,99.99,27.5,24.875,998.5717,
0,0.0,0.0,0.0,99.99,27.5,24.875,998.5751,
0,0.0,0.0,0.0,99.99,27.5625,24.875,998.6111,
0,0.0,0.0,0.0,99.99,27.5625,24.875,998.6133,
0,0.0,0.0,0.0,99.99,27.5625,24.875,998.6205,
0,0.0,0.0,0.0,99.99,27.5625,24.875,998.5824,
0,0.0,0.0,0.0,99.99,27.5625,24.875,998.5862,
0,0.0,0.0,0.0,99.99,27.5625,24.875,998.5245,
0,0.0,0.0,0.0,99.99,27.5625,24.875,998.4799,
0,0.0,0.0,0.0,99.99,27.5,24.875,998.4359,
0,0.0,0.0,0.0,99.99,27.4375,24.875,998.3914,
0,0.0,0.0,0.0,99.99,27.5,24.875,998.3026,
0,0.0,0.0,0.0,99.99,27.4375,24.875,998.2301,
000000.000,0.0,0.0,0.0,99.99,27.3125,24.875,997.2375,
000000.000,0.0,0.0,0.0,99.99,27.3125,24.875,997.0659,
000000.000,0.0,0.0,0.0,99.99,27.3125,24.875,996.9975,
000000.000,0.0,0.0,0.0,99.99,27.3125,24.875,996.9631,
000000.000,0.0,0.0,0.0,99.99,27.375,24.875,996.9799,
000000.000,0.0,0.0,0.0,99.99,27.375,24.875,996.9602,
000000.000,0.0,0.0,0.0,99.99,27.375,24.875,996.9332,
000000.000,0.0,0.0,0.0,99.99,27.375,24.875,996.9275,
000000.000,0.0,0.0,0.0,99.99,27.3125,24.875,996.876,
000000.000,0.0,0.0,0.0,99.99,27.375,24.875,996.885,
000000.000,0.0,0.0,0.0,99.99,27.3125,24.875,996.832,
000000.000,0.0,0.0,0.0,99.99,27.375,24.875,996.8146,
000000.000,0.0,0.0,0.0,99.99,27.375,24.875,996.7912,
000000.000,0.0,0.0,0.0,99.99,27.375,24.875,996.7516,
000000.000,0.0,0.0,0.0,99.99,27.375,24.875,996.7218,
000000.000,0.0,0.0,0.0,99.99,27.375,24.8125,996.684,
000000.000,0.0,0.0,0.0,99.99,27.3125,24.875,996.5775,
000000.000,0.0,0.0,0.0,99.99,27.3125,24.875,996.5129,
000000.000,0.0,0.0,0.0,99.99,27.3125,24.8125,996.4487,
000000.000,0.0,0.0,0.0,99.99,27.25,24.875,996.3658,
000000.000,0.0,0.0,0.0,99.99,27.25,24.875,996.3107,
000000.000,0.0,0.0,0.0,99.99,27.25,24.875,996.2857,
000000.000,0.0,0.0,0.0,99.99,27.25,24.875,996.2051,
000000.000,0.0,0.0,0.0,99.99,27.25,24.875,996.1674,
000000.000,0.0,0.0,0.0,99.99,27.25,24.875,996.1486,
000000.000,0.0,0.0,0.0,99.99,27.25,24.875,996.0728,
000000.000,0.0,0.0,0.0,99.99,27.25,24.875,996.0413,
000000.000,0.0,0.0,0.0,99.99,27.25,24.875,995.9945,
000000.000,0.0,0.0,0.0,99.99,27.25,24.875,995.9867,
000000.000,0.0,0.0,0.0,99.99,27.25,24.875,995.9127,
000000.000,0.0,0.0,0.0,99.99,27.25,24.875,995.837,
000000.000,0.0,0.0,0.0,99.99,27.1875,24.875,995.8019,
000000.000,0.0,0.0,0.0,99.99,27.1875,24.875,995.779,
000000.000,0.0,0.0,0.0,99.99,27.1875,24.875,995.7615,
000000.000,0.0,0.0,0.0,99.99,27.1875,24.875,995.7463,
000000.000,0.0,0.0,0.0,99.99,27.1875,24.875,995.7389,
000000.000,0.0,0.0,0.0,99.99,27.25,24.875,995.7661,
000000.000,0.0,0.0,0.0,99.99,27.25,24.875,995.7661,
000000.000,0.0,0.0,0.0,99.99,27.25,24.875,995.7661,
000000.000,0.0,0.0,0.0,99.99,27.25,24.875,995.7661,
000000.000,0.0,0.0,0.0,99.99,27.25,24.875,995.7661,
000000.000,0.0,0.0,0.0,99.99,27.25,24.875,995.7661,
000000.000,0.0,0.0,0.0,99.99,27.25,24.875,995.7661,
000000.000,0.0,0.0,0.0,99.99,27.25,24.875,995.7661,
000000.000,0.0,0.0,0.0,99.99,27.25,24.875,995.7661,
000000.000,0.0,0.0,0.0,99.99,27.25,24.875,995.7661,
000000.000,0.0,0.0,0.0,99.99,27.25,24.875,995.7661,
000000.000,0.0,0.0,0.0,99.99,27.25,24.875,995.7661,
000000.000,0.0,0.0,0.0,99.99,26.75,24.8125,993.9659,
000000.000,0.0,0.0,0.0,99.99,26.8125,24.8125,993.9373,
000000.000,0.0,0.0,0.0,99.99,26.8125,24.8125,993.9306,
000000.000,0.0,0.0,0.0,99.99,26.875,24.8125,993.8978,
000000.000,0.0,0.0,0.0,99.99,26.875,24.8125,993.9021,
000000.000,0.0,0.0,0.0,99.99,26.875,24.6875,993.6523,
000000.000,0.0,0.0,0.0,99.99,26.875,24.6875,993.6213,
000000.000,0.0,0.0,0.0,99.99,26.875,24.6875,993.6006,
000000.000,0.0,0.0,0.0,99.99,26.875,24.6875,993.6076,
000000.000,0.0,0.0,0.0,99.99,26.9375,24.6875,993.6566,
000000.000,0.0,0.0,0.0,99.99,26.9375,24.6875,993.6212,
000000.000,0.0,0.0,0.0,99.99,26.9375,24.6875,993.6603,
000000.000,0.0,0.0,0.0,99.99,26.9375,24.6875,993.6512,
000000.000,0.0,0.0,0.0,99.99,26.9375,24.6875,993.5975,
000000.000,0.0,0.0,0.0,99.99,26.9375,24.6875,993.6,
000000.000,0.0,0.0,0.0,99.99,26.9375,24.6875,993.5661,
000000.000,0.0,0.0,0.0,99.99,26.9375,24.6875,993.5021,
000000.000,0.0,0.0,0.0,99.99,26.9375,24.6875,993.4922,
000000.000,0.0,0.0,0.0,99.99,26.875,24.6875,993.3968,
000000.000,0.0,0.0,0.0,99.99,26.9375,24.6875,993.4112,
000000.000,0.0,0.0,0.0,99.99,26.9375,24.6875,993.4144,
000000.000,0.0,0.0,0.0,99.99,26.9375,24.6875,993.4225,
000000.000,0.0,0.0,0.0,99.99,26.9375,24.625,993.4022,
000000.000,0.0,0.0,0.0,99.99,26.9375,24.6875,993.3812,
000000.000,0.0,0.0,0.0,99.99,26.9375,24.625,993.3371,
000000.000,0.0,0.0,0.0,99.99,26.9375,24.6875,993.2999,
000000.000,0.0,0.0,0.0,99.99,26.9375,24.6875,993.2749,
000000.000,0.0,0.0,0.0,99.99,26.9375,24.6875,993.2509,
000000.000,0.0,0.0,0.0,99.99,26.9375,24.6875,993.2235,
000000.000,0.0,0.0,0.0,99.99,26.9375,24.75,993.2585,
000000.000,0.0,0.0,0.0,99.99,26.9375,24.75,993.226,
000000.000,0.0,0.0,0.0,99.99,26.9375,24.75,993.2479,
000000.000,0.0,0.0,0.0,99.99,26.9375,24.8125,993.2419,
000000.000,0.0,0.0,0.0,99.99,26.9375,24.875,993.3018,
000000.000,0.0,0.0,0.0,99.99,26.9375,24.875,993.3163,
000000.000,0.0,0.0,0.0,99.99,26.9375,24.9375,993.3345,
000000.000,0.0,0.0,0.0,99.99,27.0,24.9375,993.3568,
000000.000,0.0,0.0,0.0,99.99,27.0,25.0,993.3474,
000000.000,0.0,0.0,0.0,99.99,26.9375,25.0625,993.3532,
000000.000,0.0,0.0,0.0,99.99,26.9375,25.0625,993.3182,
000000.000,0.0,0.0,0.0,99.99,26.9375,25.125,993.2368,
000000.000,0.0,0.0,0.0,99.99,26.9375,25.125,993.1742,
000000.000,0.0,0.0,0.0,99.99,26.9375,25.125,993.1742,
000000.000,0.0,0.0,0.0,99.99,26.9375,25.125,993.1742,
000000.000,0.0,0.0,0.0,99.99,26.9375,25.125,993.1742,
000000.000,0.0,0.0,0.0,99.99,26.9375,25.125,993.1742,
000000.000,0.0,0.0,0.0,99.99,26.9375,25.125,993.1742,
000000.000,0.0,0.0,0.0,99.99,26.9375,25.125,993.1742,
000000.000,0.0,0.0,0.0,99.99,26.9375,25.125,993.1742,
000000.000,0.0,0.0,0.0,99.99,26.9375,25.125,993.1742,
000000.000,0.0,0.0,0.0,99.99,26.9375,25.125,993.1742,
000000.000,0.0,0.0,0.0,99.99,26.9375,25.125,993.1742,
000000.000,0.0,0.0,0.0,99.99,26.9375,25.125,993.1742,
000000.000,0.0,0.0,0.0,99.99,26.9375,25.125,993.1742,
000000.000,0.0,0.0,0.0,99.99,26.9375,25.125,993.1742,
000000.000,0.0,0.0,0.0,99.99,26.9375,25.125,993.1742,
000000.000,0.0,0.0,0.0,99.99,26.9375,25.125,993.1742,
000000.000,0.0,0.0,0.0,99.99,26.9375,25.125,993.1742,
000000.000,0.0,0.0,0.0,99.99,26.9375,25.125,993.1742,
000000.000,0.0,0.0,0.0,99.99,26.9375,25.125,993.1742,
000000.000,0.0,0.0,0.0,99.99,26.9375,25.125,993.1742,
000000.000,0.0,0.0,0.0,99.99,26.9375,25.125,993.1742,
000000.000,0.0,0.0,0.0,99.99,26.9375,25.125,993.1742,
000000.000,0.0,0.0,0.0,99.99,26.9375,25.125,993.1742,
000000.000,0.0,0.0,0.0,99.99,26.9375,25.125,993.1742,
000000.000,0.0,0.0,0.0,99.99,26.9375,25.125,993.1742,
000000.000,0.0,0.0,0.0,99.99,26.9375,25.125,993.1742,
000000.000,0.0,0.0,0.0,99.99,26.9375,25.125,993.1742,
000000.000,0.0,0.0,0.0,99.99,26.9375,25.125,993.1742,
000000.000,0.0,0.0,0.0,99.99,26.9375,25.125,993.1742,
000000.000,0.0,0.0,0.0,99.99,26.9375,25.125,993.1742,
000000.000,0.0,0.0,0.0,99.99,26.9375,25.125,993.1742,
000000.000,0.0,0.0,0.0,99.99,26.9375,25.125,993.1742,
000000.000,0.0,0.0,0.0,99.99,26.9375,25.125,993.1742,
000000.000,0.0,0.0,0.0,99.99,26.9375,25.125,993.1742,
000000.000,0.0,0.0,0.0,99.99,26.9375,25.125,993.1742,
000000.000,0.0,0.0,0.0,99.99,26.9375,25.125,993.1742,
000000.000,0.0,0.0,0.0,99.99,26.9375,25.125,993.1742,
000000.000,0.0,0.0,0.0,99.99,26.9375,25.125,993.1742,
000000.000,0.0,0.0,0.0,99.99,26.9375,25.125,993.1742,
000000.000,0.0,0.0,0.0,99.99,26.9375,25.125,993.1742,
000000.000,0.0,0.0,0.0,99.99,26.9375,25.125,993.1742,
000000.000,0.0,0.0,0.0,99.99,26.9375,25.125,993.1742,
000000.000,0.0,0.0,0.0,99.99,26.9375,25.125,993.1742,
000000.000,0.0,0.0,0.0,99.99,26.9375,25.125,993.1742,
000000.000,0.0,0.0,0.0,99.99,26.9375,25.125,993.1742,
000000.000,0.0,0.0,0.0,99.99,26.9375,25.125,993.1742,
000000.000,0.0,0.0,0.0,99.99,26.9375,25.125,993.1742,
000000.000,0.0,0.0,0.0,99.99,26.9375,25.125,993.1742,
000000.000,0.0,0.0,0.0,99.99,26.9375,25.125,993.1742,
000000.000,0.0,0.0,0.0,99.99,26.9375,25.125,993.1742,
000000.000,0.0,0.0,0.0,99.99,26.9375,25.125,993.1742,
000000.000,0.0,0.0,0.0,99.99,26.9375,25.125,993.1742,
000000.000,0.0,0.0,0.0,99.99,26.9375,25.125,993.1742,
000000.000,0.0,0.0,0.0,99.99,26.9375,25.125,993.1742,
000000.000,0.0,0.0,0.0,99.99,26.9375,25.125,993.1742,
000000.000,0.0,0.0,0.0,99.99,26.9375,25.125,993.1742,
000000.000,0.0,0.0,0.0,99.99,26.9375,25.125,993.1742,
000000.000,0.0,0.0,0.0,99.99,26.3125,27.0,988.2408,
000000.000,0.0,0.0,0.0,99.99,26.3125,27.0,988.2564,
000000.000,0.0,0.0,0.0,99.99,26.375,27.0,988.2828,
000000.000,0.0,0.0,0.0,99.99,26.375,27.0,988.2977,
000000.000,0.0,0.0,0.0,99.99,26.375,27.0,988.2606,
000000.000,0.0,0.0,0.0,99.99,26.375,27.0,988.2587,
000000.000,0.0,0.0,0.0,99.99,26.375,27.0,988.2528,
000000.000,0.0,0.0,0.0,99.99,26.375,27.0,988.1629,
000000.000,0.0,0.0,0.0,99.99,26.375,27.0,988.1777,
000000.000,0.0,0.0,0.0,99.99,26.375,27.0,988.1147,
000000.000,0.0,0.0,0.0,99.99,26.4375,27.0,988.1016,
000000.000,0.0,0.0,0.0,99.99,26.4375,27.0,988.0305,
000000.000,0.0,0.0,0.0,99.99,26.4375,27.0,987.9592,
000000.000,0.0,0.0,0.0,99.99,26.4375,27.0,987.9883,
000000.000,0.0,0.0,0.0,99.99,26.4375,27.0,987.9883,
000000.000,0.0,0.0,0.0,99.99,26.4375,27.0,987.9883,
000000.000,0.0,0.0,0.0,99.99,26.4375,27.0,987.9883,
000000.000,0.0,0.0,0.0,99.99,26.4375,27.0,987.9883,
000000.000,0.0,0.0,0.0,99.99,26.4375,27.0,987.9883,
000000.000,0.0,0.0,0.0,99.99,26.4375,27.0,988.4377,
000000.000,0.0,0.0,0.0,99.99,26.4375,27.0,987.9944,
000000.000,0.0,0.0,0.0,99.99,26.4375,27.0,988.0717,
000000.000,0.0,0.0,0.0,99.99,26.4375,26.9375,988.2195,
000000.000,0.0,0.0,0.0,99.99,26.4375,26.9375,988.3264,
000000.000,0.0,0.0,0.0,99.99,26.4375,26.9375,988.3242,
000000.000,0.0,0.0,0.0,99.99,26.4375,26.9375,988.4208,
000000.000,0.0,0.0,0.0,99.99,26.4375,26.9375,988.5454,
000000.000,0.0,0.0,0.0,99.99,26.4375,26.9375,988.4782,
000000.000,0.0,0.0,0.0,99.99,26.4375,26.875,988.5538,
000000.000,0.0,0.0,0.0,99.99,26.5,26.875,988.7513,
000000.000,0.0,0.0,0.0,99.99,26.5,26.875,988.8289,
000000.000,0.0,0.0,0.0,99.99,26.5,26.875,988.9663,
000000.000,0.0,0.0,0.0,99.99,26.5625,26.875,989.0546,
000000.000,0.0,0.0,0.0,99.99,26.5625,26.875,989.0309,
000000.000,0.0,0.0,0.0,99.99,26.5625,26.875,989.0516,
000000.000,0.0,0.0,0.0,99.99,26.5625,26.875,988.9568,
000000.000,0.0,0.0,0.0,99.99,26.5625,26.875,989.1339,
000000.000,0.0,0.0,0.0,99.99,26.5625,26.875,989.2527,
000000.000,0.0,0.0,0.0,99.99,26.625,26.8125,989.3365,
000000.000,0.0,0.0,0.0,99.99,26.5625,26.8125,989.3008,
000000.000,0.0,0.0,0.0,99.99,26.5,26.75,989.2639,
000000.000,0.0,0.0,0.0,99.99,26.5625,26.75,989.3068,
000000.000,0.0,0.0,0.0,99.99,26.5625,26.75,989.3453,
000000.000,0.0,0.0,0.0,99.99,26.5625,26.6875,989.4188,
000000.000,0.0,0.0,0.0,99.99,26.5625,26.6875,989.5429,
000000.000,0.0,0.0,0.0,99.99,26.5625,26.625,989.6465,
000000.000,0.0,0.0,0.0,99.99,26.5625,26.5625,989.7028,
000000.000,0.0,0.0,0.0,99.99,26.625,26.5625,989.7978,
000000.000,0.0,0.0,0.0,99.99,26.625,26.5,989.8695,
000000.000,0.0,0.0,0.0,99.99,26.625,26.4375,989.9334,
000000.000,0.0,0.0,0.0,99.99,26.625,26.4375,989.9461,
000000.000,0.0,0.0,0.0,99.99,26.625,26.375,990.0041,
000000.000,0.0,0.0,0.0,99.99,26.625,26.3125,990.0659,
000000.000,0.0,0.0,0.0,99.99,26.625,26.3125,990.0679,
000000.000,0.0,0.0,0.0,99.99,26.625,26.25,990.1127,
000000.000,0.0,0.0,0.0,99.99,26.625,26.1875,990.1863,
000000.000,0.0,0.0,0.0,99.99,26.6875,26.1875,990.2548,
000000.000,0.0,0.0,0.0,99.99,26.6875,26.1875,990.2548,
000000.000,0.0,0.0,0.0,99.99,26.6875,26.1875,990.2548,
000000.000,0.0,0.0,0.0,99.99,26.6875,26.1875,990.2548,
000000.000,0.0,0.0,0.0,99.99,26.6875,26.1875,990.2548,
000000.000,0.0,0.0,0.0,99.99,26.6875,26.1875,990.2548,
000000.000,0.0,0.0,0.0,99.99,26.6875,26.1875,990.2548,
000000.000,0.0,0.0,0.0,99.99,26.6875,26.1875,990.2548,
000000.000,0.0,0.0,0.0,99.99,26.6875,26.1875,990.2548,
000000.000,0.0,0.0,0.0,99.99,26.6875,26.1875,990.2548,
000000.000,0.0,0.0,0.0,99.99,26.6875,26.1875,990.2548,
000000.000,0.0,0.0,0.0,99.99,26.6875,26.1875,990.2548,
000000.000,0.0,0.0,0.0,99.99,26.6875,26.1875,990.2548,
000000.000,0.0,0.0,0.0,99.99,26.6875,26.1875,990.2548,
000000.000,0.0,0.0,0.0,99.99,26.6875,26.1875,990.2548,
000000.000,0.0,0.0,0.0,99.99,26.6875,26.1875,990.2548,
000000.000,0.0,0.0,0.0,99.99,26.6875,26.1875,990.2548,
000000.000,0.0,0.0,0.0,99.99,26.6875,26.1875,990.2548,
000000.000,0.0,0.0,0.0,99.99,26.6875,26.1875,990.2548,
000000.000,0.0,0.0,0.0,99.99,26.6875,26.1875,990.2548,
000000.000,0.0,0.0,0.0,99.99,26.6875,26.1875,990.2548,
000000.000,0.0,0.0,0.0,99.99,26.6875,26.1875,990.2548,
000000.000,0.0,0.0,0.0,99.99,26.6875,26.1875,990.2548,
000000.000,0.0,0.0,0.0,99.99,26.6875,26.1875,990.2548,
000000.000,0.0,0.0,0.0,99.99,26.6875,26.1875,990.2548,
000000.000,0.0,0.0,0.0,99.99,26.6875,26.1875,990.2548,
000000.000,0.0,0.0,0.0,99.99,26.6875,26.1875,990.2548,
000000.000,0.0,0.0,0.0,99.99,26.6875,26.1875,990.2548,
000000.000,0.0,0.0,0.0,99.99,26.6875,26.1875,990.2548,
000000.000,0.0,0.0,0.0,99.99,26.6875,26.1875,990.2548,
000000.000,0.0,0.0,0.0,99.99,26.6875,26.1875,990.2548,
000000.000,0.0,0.0,0.0,99.99,26.6875,26.1875,990.2548,
000000.000,0.0,0.0,0.0,99.99,26.6875,26.1875,990.2548,
000000.000,0.0,0.0,0.0,99.99,26.6875,26.1875,990.2548,
000000.000,0.0,0.0,0.0,99.99,26.6875,26.1875,990.2548,
000000.000,0.0,0.0,0.0,99.99,26.6875,26.1875,990.2548,
000000.000,0.0,0.0,0.0,99.99,26.6875,26.1875,990.2548,
000000.000,0.0,0.0,0.0,99.99,26.6875,26.1875,990.2548,
000000.000,0.0,0.0,0.0,99.99,26.6875,26.1875,990.2548,
000000.000,0.0,0.0,0.0,99.99,26.6875,26.1875,990.2548,
000000.000,0.0,0.0,0.0,99.99,26.6875,26.1875,990.2548,
000000.000,0.0,0.0,0.0,99.99,26.6875,26.1875,990.2548,
000000.000,0.0,0.0,0.0,99.99,26.6875,26.1875,990.2548,
000000.000,0.0,0.0,0.0,99.99,26.6875,26.1875,990.2548,
000000.000,0.0,0.0,0.0,99.99,26.6875,26.1875,990.2548,
000000.000,0.0,0.0,0.0,99.99,26.6875,26.1875,990.2548,
000000.000,0.0,0.0,0.0,99.99,26.6875,26.1875,990.2548,
000000.000,0.0,0.0,0.0,99.99,26.6875,26.1875,990.2548,
000000.000,0.0,0.0,0.0,99.99,26.6875,26.1875,990.2548,
000000.000,0.0,0.0,0.0,99.99,26.6875,26.1875,990.2548,
000000.000,0.0,0.0,0.0,99.99,26.6875,26.1875,990.2548,
000000.000,0.0,0.0,0.0,99.99,26.6875,26.1875,990.2548,
000000.000,0.0,0.0,0.0,99.99,26.6875,26.1875,990.2548,
000000.000,0.0,0.0,0.0,99.99,26.6875,26.1875,990.2548,
000000.000,0.0,0.0,0.0,99.99,26.6875,26.1875,990.2548,
000000.000,0.0,0.0,0.0,99.99,26.6875,26.1875,990.2548,
161126.00,0.0,0.0,0.0,99.99,26.5,25.0,990.3906,
161126.00,0.0,0.0,0.0,99.99,26.5,25.0,990.4396,
161126.00,0.0,0.0,0.0,99.99,26.5625,25.0,990.4711,
161126.00,0.0,0.0,0.0,99.99,26.5625,25.0,990.483,
161126.00,0.0,0.0,0.0,99.99,26.5,25.0,990.4744,
161126.00,0.0,0.0,0.0,99.99,26.5,24.9375,990.4849,
161127.00,0.0,0.0,0.0,99.99,26.5,25.0,990.5105,
161127.00,0.0,0.0,0.0,99.99,26.5,25.0,990.4691,
161127.00,0.0,0.0,0.0,99.99,26.5,25.0,990.5453,
161127.00,0.0,0.0,0.0,99.99,26.5,25.0,990.5715,
161127.00,0.0,0.0,0.0,99.99,26.5,25.0,990.6076,
161127.00,0.0,0.0,0.0,99.99,26.5625,25.0,990.6365,
161127.00,0.0,0.0,0.0,99.99,26.5625,25.0,990.5683,
161127.00,0.0,0.0,0.0,99.99,26.5625,25.0,990.5683,
161127.00,0.0,0.0,0.0,99.99,26.5625,25.0,990.5683,
161127.00,0.0,0.0,0.0,99.99,26.5625,25.0,990.5683,
161311.00,0.0,0.0,0.0,99.99,26.5625,25.125,990.488,
161311.00,0.0,0.0,0.0,99.99,26.5625,25.125,990.4289,
161311.00,0.0,0.0,0.0,99.99,26.5625,25.125,990.2773,
161311.00,0.0,0.0,0.0,99.99,26.5625,25.0625,990.2456,
161311.00,0.0,0.0,0.0,99.99,26.5,25.0625,990.2333,
161311.00,0.0,0.0,0.0,99.99,26.5,25.0625,990.2869,
161312.00,0.0,0.0,0.0,99.99,26.5,25.0,990.174,
161312.00,0.0,0.0,0.0,99.99,26.5,25.0,990.0291,
161312.00,0.0,0.0,0.0,99.99,26.5,25.0,989.9194,
161312.00,0.0,0.0,0.0,99.99,26.5,25.0,989.8229,
161312.00,0.0,0.0,0.0,99.99,26.5,25.0,989.8417,
161312.00,0.0,0.0,0.0,99.99,26.5,25.0,989.6118,
161312.00,0.0,0.0,0.0,99.99,26.5,25.0,989.6836,
161312.00,0.0,0.0,0.0,99.99,26.5,25.0,989.6836,
161312.00,0.0,0.0,0.0,99.99,26.5,25.0,989.6836,
161312.00,0.0,0.0,0.0,99.99,26.5,25.0,989.6836,
161312.00,0.0,0.0,0.0,99.99,26.5,25.0,989.6836,
161312.00,0.0,0.0,0.0,99.99,26.5,25.0,989.6836,
163939.00,0.0,0.0,0.0,99.99,23.1875,19.125,969.303,
163939.00,0.0,0.0,0.0,99.99,23.25,19.125,969.4168,
163939.00,0.0,0.0,0.0,99.99,23.25,19.125,969.3624,
163939.00,0.0,0.0,0.0,99.99,23.25,19.1875,969.3118,
163939.00,0.0,0.0,0.0,99.99,23.25,19.125,969.22,
163939.00,0.0,0.0,0.0,99.99,23.25,19.125,969.2033,
163939.00,0.0,0.0,0.0,99.99,23.25,19.1875,969.2527,
163939.00,0.0,0.0,0.0,99.99,23.25,19.1875,969.2996,
163939.00,0.0,0.0,0.0,99.99,23.25,19.125,969.2054,
163939.00,0.0,0.0,0.0,99.99,23.25,19.1875,969.1331,
163939.00,0.0,0.0,0.0,99.99,23.25,19.1875,969.0081,
163939.00,0.0,0.0,0.0,99.99,23.25,19.1875,969.0081,
163939.00,0.0,0.0,0.0,99.99,23.25,19.1875,969.0081,
163939.00,0.0,0.0,0.0,99.99,23.25,19.1875,969.0081,
163939.00,0.0,0.0,0.0,99.99,23.25,19.1875,969.0081,
163939.00,0.0,0.0,0.0,99.99,23.25,19.1875,969.0081,
163939.00,0.0,0.0,0.0,99.99,23.25,19.1875,969.0081,
163939.00,0.0,0.0,0.0,99.99,23.25,19.1875,969.0081,
163939.00,0.0,0.0,0.0,99.99,23.25,19.1875,969.0081,
163939.00,0.0,0.0,0.0,99.99,23.25,19.1875,969.0081,
163939.00,0.0,0.0,0.0,99.99,23.25,19.1875,969.0081,
163939.00,0.0,0.0,0.0,99.99,23.25,19.1875,969.0081,
163939.00,0.0,0.0,0.0,99.99,23.25,19.1875,969.0081,
163939.00,0.0,0.0,0.0,99.99,23.25,19.1875,969.0081,
163939.00,0.0,0.0,0.0,99.99,23.25,19.1875,969.0081,
163939.00,0.0,0.0,0.0,99.99,23.25,19.1875,969.0081,
163939.00,0.0,0.0,0.0,99.99,23.25,19.1875,969.0081,
163939.00,0.0,0.0,0.0,99.99,23.25,19.1875,969.0081,
163939.00,0.0,0.0,0.0,99.99,23.25,19.1875,969.0081,
164216.00,0.0,0.0,0.0,99.99,23.1875,19.375,969.6925,
164216.00,0.0,0.0,0.0,99.99,23.1875,19.375,969.676,
164216.00,0.0,0.0,0.0,99.99,23.1875,19.4375,969.7158,
164216.00,0.0,0.0,0.0,99.99,23.25,19.4375,969.8179,
164216.00,0.0,0.0,0.0,99.99,23.3125,19.4375,969.8515,
164216.00,0.0,0.0,0.0,99.99,23.3125,19.4375,969.9048,
164217.00,0.0,0.0,0.0,99.99,23.3125,19.4375,969.8671,
164217.00,0.0,0.0,0.0,99.99,23.3125,19.4375,969.8521,
164217.00,0.0,0.0,0.0,99.99,23.1875,19.4375,969.7571,
164217.00,0.0,0.0,0.0,99.99,23.1875,19.4375,969.6404,
164217.00,0.0,0.0,0.0,99.99,23.0625,19.4375,969.3804,
164217.00,0.0,0.0,0.0,99.99,23.0625,19.4375,969.431,
164217.00,0.0,0.0,0.0,99.99,23.125,19.5,969.3798,
164217.00,0.0,0.0,0.0,99.99,23.125,19.4375,969.4972,
164217.00,0.0,0.0,0.0,99.99,23.125,19.5,969.6561,
164217.00,0.0,0.0,0.0,99.99,23.1875,19.5,969.8228,
164217.00,0.0,0.0,0.0,99.99,23.25,19.4375,969.9803,
164217.00,0.0,0.0,0.0,99.99,23.25,19.4375,969.9803,
164217.00,0.0,0.0,0.0,99.99,23.25,19.4375,969.9803,
164217.00,0.0,0.0,0.0,99.99,23.25,19.4375,969.9803,
164217.00,0.0,0.0,0.0,99.99,23.25,19.4375,969.9803,
164217.00,0.0,0.0,0.0,99.99,23.25,19.4375,969.9803,
164217.00,0.0,0.0,0.0,99.99,23.25,19.4375,969.9803,
164217.00,0.0,0.0,0.0,99.99,23.25,19.4375,969.9803,
164217.00,0.0,0.0,0.0,99.99,23.25,19.4375,969.9803,
164217.00,0.0,0.0,0.0,99.99,23.25,19.4375,969.9803,
164217.00,0.0,0.0,0.0,99.99,23.25,19.4375,969.9803,
164217.00,0.0,0.0,0.0,99.99,23.25,19.4375,969.9803,
164217.00,0.0,0.0,0.0,99.99,23.25,19.4375,969.9803,
164217.00,0.0,0.0,0.0,99.99,23.25,19.4375,969.9803,
164217.00,0.0,0.0,0.0,99.99,23.25,19.4375,969.9803,
164217.00,0.0,0.0,0.0,99.99,23.25,19.4375,969.9803,
164217.00,0.0,0.0,0.0,99.99,23.25,19.4375,969.9803,
164217.00,0.0,0.0,0.0,99.99,23.25,19.4375,969.9803,
164217.00,0.0,0.0,0.0,99.99,23.25,19.4375,969.9803,
164217.00,0.0,0.0,0.0,99.99,23.25,19.4375,969.9803,
164217.00,0.0,0.0,0.0,99.99,23.25,19.4375,969.9803,
164217.00,0.0,0.0,0.0,99.99,23.25,19.4375,969.9803,
164217.00,0.0,0.0,0.0,99.99,23.25,19.4375,969.9803,
164217.00,0.0,0.0,0.0,99.99,23.25,19.4375,969.9803,
164217.00,0.0,0.0,0.0,99.99,23.25,19.4375,969.9803,
164217.00,0.0,0.0,0.0,99.99,23.25,19.4375,969.9803,
164217.00,0.0,0.0,0.0,99.99,23.25,19.4375,969.9803,
164217.00,0.0,0.0,0.0,99.99,23.25,19.4375,969.9803,
164217.00,0.0,0.0,0.0,99.99,23.25,19.4375,969.9803,
164217.00,0.0,0.0,0.0,99.99,23.25,19.4375,969.9803,
164217.00,0.0,0.0,0.0,99.99,23.25,19.4375,969.9803,
164217.00,0.0,0.0,0.0,99.99,23.25,19.4375,969.9803,
164217.00,0.0,0.0,0.0,99.99,23.25,19.4375,969.9803,
164217.00,0.0,0.0,0.0,99.99,23.25,19.4375,969.9803,
164217.00,0.0,0.0,0.0,99.99,23.25,19.4375,969.9803,
164217.00,0.0,0.0,0.0,99.99,23.25,19.4375,969.9803,
164217.00,0.0,0.0,0.0,99.99,23.25,19.4375,969.9803,
164217.00,0.0,0.0,0.0,99.99,23.25,19.4375,969.9803,
164217.00,0.0,0.0,0.0,99.99,23.25,19.4375,969.9803,
164217.00,0.0,0.0,0.0,99.99,23.25,19.4375,969.9803,
164217.00,0.0,0.0,0.0,99.99,23.25,19.4375,969.9803,
164217.00,0.0,0.0,0.0,99.99,23.25,19.4375,969.9803,
164217.00,0.0,0.0,0.0,99.99,23.25,19.4375,969.9803,
164217.00,0.0,0.0,0.0,99.99,23.25,19.4375,969.9803,
164217.00,0.0,0.0,0.0,99.99,23.25,19.4375,969.9803,
164217.00,0.0,0.0,0.0,99.99,23.25,19.4375,969.9803,
164217.00,0.0,0.0,0.0,99.99,23.25,19.4375,969.9803,
164217.00,0.0,0.0,0.0,99.99,23.25,19.4375,969.9803,
164217.00,0.0,0.0,0.0,99.99,23.25,19.4375,969.9803,
164217.00,0.0,0.0,0.0,99.99,23.25,19.4375,969.9803,
164217.00,0.0,0.0,0.0,99.99,23.25,19.4375,969.9803,
164217.00,0.0,0.0,0.0,99.99,23.25,19.4375,969.9803,
164217.00,0.0,0.0,0.0,99.99,23.25,19.4375,969.9803,
164217.00,0.0,0.0,0.0,99.99,23.25,19.4375,969.9803,
164217.00,0.0,0.0,0.0,99.99,23.25,19.4375,969.9803,
164217.00,0.0,0.0,0.0,99.99,23.25,19.4375,969.9803,
164217.00,0.0,0.0,0.0,99.99,23.25,19.4375,969.9803,
164217.00,0.0,0.0,0.0,99.99,23.25,19.4375,969.9803,
164217.00,0.0,0.0,0.0,99.99,23.25,19.4375,969.9803,
164217.00,0.0,0.0,0.0,99.99,23.25,19.4375,969.9803,
164217.00,0.0,0.0,0.0,99.99,23.25,19.4375,969.9803,
164217.00,0.0,0.0,0.0,99.99,23.25,19.4375,969.9803,
164217.00,0.0,0.0,0.0,99.99,23.25,19.4375,969.9803,
164217.00,0.0,0.0,0.0,99.99,23.25,19.4375,969.9803,
164217.00,0.0,0.0,0.0,99.99,23.25,19.4375,969.9803,
164217.00,0.0,0.0,0.0,99.99,23.25,19.4375,969.9803,
164217.00,0.0,0.0,0.0,99.99,23.25,19.4375,969.9803,
164217.00,0.0,0.0,0.0,99.99,23.25,19.4375,969.9803,
164217.00,0.0,0.0,0.0,99.99,23.25,19.4375,969.9803,
164217.00,0.0,0.0,0.0,99.99,23.25,19.4375,969.9803,
164217.00,0.0,0.0,0.0,99.99,23.25,19.4375,969.9803,
164217.00,0.0,0.0,0.0,99.99,23.25,19.4375,969.9803,
164217.00,0.0,0.0,0.0,99.99,23.25,19.4375,969.9803,
164217.00,0.0,0.0,0.0,99.99,23.25,19.4375,969.9803,
0,0.0,0.0,0.0,0.0,22.9375,19.375,966.6456,
0,0.0,0.0,0.0,0.0,23.0,19.4375,966.7386,
164927.00,0.0,0.0,0.0,99.99,23.0,19.4375,966.7628,
164927.00,0.0,0.0,0.0,99.99,23.0,19.375,966.8024,
164927.00,0.0,0.0,0.0,99.99,23.0,19.4375,966.8273,
164927.00,0.0,0.0,0.0,99.99,23.0,19.375,966.767,
0,0.0,0.0,0.0,0.0,23.0,19.375,966.3274,
0,0.0,0.0,0.0,0.0,22.8125,19.4375,966.2816,
164950.00,0.0,0.0,0.0,99.99,22.8125,19.4375,966.3519,
164950.00,0.0,0.0,0.0,99.99,22.875,19.4375,966.3608,
164950.00,0.0,0.0,0.0,99.99,22.875,19.4375,966.4667,
164950.00,0.0,0.0,0.0,99.99,22.875,19.4375,966.5726,
164950.00,0.0,0.0,0.0,99.99,22.9375,19.4375,966.6686,
164950.00,0.0,0.0,0.0,99.99,22.9375,19.4375,966.8597,
164951.00,0.0,0.0,0.0,99.99,23.0,19.4375,967.0184,
164951.00,0.0,0.0,0.0,99.99,23.0625,19.4375,967.1909,
164951.00,0.0,0.0,0.0,99.99,23.125,19.4375,967.2818,
164951.00,0.0,0.0,0.0,99.99,23.1875,19.5,967.5133,
164951.00,0.0,0.0,0.0,99.99,23.1875,19.5,967.6223,
164951.00,0.0,0.0,0.0,99.99,23.1875,19.5,967.6648,
164951.00,0.0,0.0,0.0,99.99,23.1875,19.4375,967.5756,
164951.00,0.0,0.0,0.0,99.99,23.1875,19.4375,967.5756,
164951.00,0.0,0.0,0.0,99.99,23.1875,19.4375,967.5756,
164951.00,0.0,0.0,0.0,99.99,23.1875,19.4375,967.5756,
164951.00,0.0,0.0,0.0,99.99,23.1875,19.4375,967.5756,
164951.00,0.0,0.0,0.0,99.99,23.1875,19.4375,967.5756,
164951.00,0.0,0.0,0.0,99.99,23.1875,19.4375,967.5756,
164951.00,0.0,0.0,0.0,99.99,23.1875,19.4375,967.5756,
164951.00,0.0,0.0,0.0,99.99,23.1875,19.4375,967.5756,
0,0.0,0.0,0.0,0.0,85.0,3.0,951.5435,
0,0.0,0.0,0.0,0.0,21.3125,3.0,951.9462,
0,0.0,0.0,0.0,0.0,21.5,3.0,951.8416,
0,0.0,0.0,0.0,0.0,21.5,3.0,951.8619,
0,0.0,0.0,0.0,0.0,21.5,3.0,952.0248,
0,0.0,0.0,0.0,0.0,21.5,3.0,952.1898,
0,0.0,0.0,0.0,0.0,21.5625,3.0,952.4044,
0,0.0,0.0,0.0,0.0,21.625,3.0,952.4609,
0,0.0,0.0,0.0,0.0,21.5625,3.0,952.7734,
000000.000,0.0,0.0,0.0,0.0,21.625,3.0,952.6494,
000000.000,0.0,0.0,0.0,0.0,21.6875,3.0,952.8748,
000000.000,0.0,0.0,0.0,0.0,21.6875,3.0,952.4869,
000000.000,0.0,0.0,0.0,0.0,21.6875,3.0,952.4673,
000000.000,0.0,0.0,0.0,0.0,21.6875,3.0,952.4598,
000000.000,0.0,0.0,0.0,0.0,21.6875,3.0,952.4656,
000000.000,0.0,0.0,0.0,0.0,21.6875,3.0,952.4734,
000000.000,0.0,0.0,0.0,0.0,21.6875,3.0,952.4627,
000000.000,0.0,0.0,0.0,0.0,21.6875,3.0,952.4141,
113051.00,0.0,0.0,0.0,99.99,21.6875,3.0,952.4559,
113051.00,0.0,0.0,0.0,99.99,21.6875,3.0,952.4377,
113051.00,0.0,0.0,0.0,99.99,21.6875,3.0,952.4202,
113051.00,0.0,0.0,0.0,99.99,21.6875,3.0,952.4213,
113051.00,0.0,0.0,0.0,99.99,21.6875,3.0,952.4158,
000000.000,0.0,0.0,0.0,0.0,21.75,3.0,952.5291,
000000.000,0.0,0.0,0.0,0.0,21.6875,3.0,952.5471,
113127.00,0.0,0.0,0.0,99.99,21.6875,3.0,952.5652,
113127.00,0.0,0.0,0.0,99.99,21.6875,3.0,952.611,
113127.00,0.0,0.0,0.0,99.99,21.75,3.0,952.6069,
113127.00,0.0,0.0,0.0,99.99,21.75,3.0,952.6309,
113127.00,0.0,0.0,0.0,99.99,21.75,3.0,952.6473,
113127.00,0.0,0.0,0.0,99.99,21.75,3.0,952.662,
113128.00,0.0,0.0,0.0,99.99,21.75,3.0,952.642,
113128.00,0.0,0.0,0.0,99.99,21.75,3.0,952.6508,
113128.00,0.0,0.0,0.0,99.99,21.75,3.0,952.6579,
113128.00,0.0,0.0,0.0,99.99,21.75,3.0,952.6777,
113128.00,0.0,0.0,0.0,99.99,21.75,3.0,952.6809,
113128.00,0.0,0.0,0.0,99.99,21.8125,3.0,952.6661,
113128.00,0.0,0.0,0.0,99.99,21.8125,3.0,952.6942,
113128.00,0.0,0.0,0.0,99.99,21.8125,3.0,952.6942,
113128.00,0.0,0.0,0.0,99.99,21.8125,3.0,952.6942,
113128.00,0.0,0.0,0.0,99.99,21.8125,3.0,952.6942,
113128.00,0.0,0.0,0.0,99.99,21.8125,3.0,952.6942,
113128.00,0.0,0.0,0.0,99.99,21.8125,3.0,952.6942,
113128.00,0.0,0.0,0.0,99.99,21.8125,3.0,952.6942,
113128.00,0.0,0.0,0.0,99.99,21.8125,3.0,952.6942,
113128.00,0.0,0.0,0.0,99.99,21.8125,3.0,952.6942,
113128.00,0.0,0.0,0.0,99.99,21.8125,3.0,952.6942,
113128.00,0.0,0.0,0.0,99.99,21.8125,3.0,952.6942,
113128.00,0.0,0.0,0.0,99.99,21.8125,3.0,952.6942,
113128.00,0.0,0.0,0.0,99.99,21.8125,3.0,952.6942,
113128.00,0.0,0.0,0.0,99.99,21.8125,3.0,952.6942,
113128.00,0.0,0.0,0.0,99.99,21.8125,3.0,952.6942,
113128.00,0.0,0.0,0.0,99.99,21.8125,3.0,952.6942,
113128.00,0.0,0.0,0.0,99.99,21.8125,3.0,952.6942,
113128.00,0.0,0.0,0.0,99.99,21.8125,3.0,952.6942,
113128.00,0.0,0.0,0.0,99.99,21.8125,3.0,952.6942,
113128.00,0.0,0.0,0.0,99.99,21.8125,3.0,952.6942,
113128.00,0.0,0.0,0.0,99.99,21.8125,3.0,952.6942,
113128.00,0.0,0.0,0.0,99.99,21.8125,3.0,952.6942,
113128.00,0.0,0.0,0.0,99.99,21.8125,3.0,952.6942,
113128.00,0.0,0.0,0.0,99.99,21.8125,3.0,952.6942,
113128.00,0.0,0.0,0.0,99.99,21.8125,3.0,952.6942,
113128.00,0.0,0.0,0.0,99.99,21.8125,3.0,952.6942,
113128.00,0.0,0.0,0.0,99.99,21.8125,3.0,952.6942,
113128.00,0.0,0.0,0.0,99.99,21.8125,3.0,952.6942,
113128.00,0.0,0.0,0.0,99.99,21.8125,3.0,952.6942,
113128.00,0.0,0.0,0.0,99.99,21.8125,3.0,952.6942,
113128.00,0.0,0.0,0.0,99.99,21.8125,3.0,952.6942,
113128.00,0.0,0.0,0.0,99.99,21.8125,3.0,952.6942,
113128.00,0.0,0.0,0.0,99.99,21.8125,3.0,952.6942,
113128.00,0.0,0.0,0.0,99.99,21.8125,3.0,952.6942,
113128.00,0.0,0.0,0.0,99.99,21.8125,3.0,952.6942,
113128.00,0.0,0.0,0.0,99.99,21.8125,3.0,952.6942,
113128.00,0.0,0.0,0.0,99.99,21.8125,3.0,952.6942,
113128.00,0.0,0.0,0.0,99.99,21.8125,3.0,952.6942,
113128.00,0.0,0.0,0.0,99.99,21.8125,3.0,952.6942,
113128.00,0.0,0.0,0.0,99.99,21.8125,3.0,952.6942,
113128.00,0.0,0.0,0.0,99.99,21.8125,3.0,952.6942,
113128.00,0.0,0.0,0.0,99.99,21.8125,3.0,952.6942,
113128.00,0.0,0.0,0.0,99.99,21.8125,3.0,952.6942,
113128.00,0.0,0.0,0.0,99.99,21.8125,3.0,952.6942,
113128.00,0.0,0.0,0.0,99.99,21.8125,3.0,952.6942,
113128.00,0.0,0.0,0.0,99.99,21.8125,3.0,952.6942,
113128.00,0.0,0.0,0.0,99.99,21.8125,3.0,952.6942,
113128.00,0.0,0.0,0.0,99.99,21.8125,3.0,952.6942,
113128.00,0.0,0.0,0.0,99.99,21.8125,3.0,952.6942,
113128.00,0.0,0.0,0.0,99.99,21.8125,3.0,952.6942,
113128.00,0.0,0.0,0.0,99.99,21.8125,3.0,952.6942,
113128.00,0.0,0.0,0.0,99.99,21.8125,3.0,952.6942,
113128.00,0.0,0.0,0.0,99.99,21.8125,3.0,952.6942,
000000.000,0.0,0.0,0.0,0.0,25.625,3.0,954.1189,
000000.000,0.0,0.0,0.0,0.0,24.25,3.0,954.1955,
113414.00,0.0,0.0,0.0,99.99,24.125,3.0,954.2148,
113414.00,0.0,0.0,0.0,99.99,24.0,3.0,954.2378,
113414.00,0.0,0.0,0.0,99.99,23.875,3.0,954.2853,
113414.00,0.0,0.0,0.0,99.99,23.875,3.0,954.2912,
113414.00,0.0,0.0,0.0,99.99,24.6875,3.0,954.317,
113414.00,0.0,0.0,0.0,99.99,25.4375,3.0,954.3223,
113415.00,0.0,0.0,0.0,99.99,25.9375,3.0,954.3405,
113415.00,0.0,0.0,0.0,99.99,26.375,3.0,954.3309,
113415.00,0.0,0.0,0.0,99.99,26.6875,3.0,954.3527,
113415.00,0.0,0.0,0.0,99.99,26.625,3.0,954.3628,
113415.00,0.0,0.0,0.0,99.99,26.3125,3.0,954.3772,
113415.00,0.0,0.0,0.0,99.99,26.0,3.0,954.3957,
113415.00,0.0,0.0,0.0,99.99,25.75,3.0,954.3387,
113415.00,0.0,0.0,0.0,99.99,25.5,3.0,954.3438,
113415.00,0.0,0.0,0.0,99.99,25.25,3.0,954.3328,
113415.00,0.0,0.0,0.0,99.99,25.0625,3.0,954.3487,
113415.00,0.0,0.0,0.0,99.99,24.875,3.0,954.3353,
113415.00,0.0,0.0,0.0,99.99,24.875,3.0,954.3353,
113415.00,0.0,0.0,0.0,99.99,24.875,3.0,954.3353,
113415.00,0.0,0.0,0.0,99.99,24.875,3.0,954.3353,
113415.00,0.0,0.0,0.0,99.99,24.875,3.0,954.3353,
113415.00,0.0,0.0,0.0,99.99,24.875,3.0,954.3353,
113415.00,0.0,0.0,0.0,99.99,24.875,3.0,954.3353,
113415.00,0.0,0.0,0.0,99.99,24.875,3.0,954.3353,
113415.00,0.0,0.0,0.0,99.99,24.875,3.0,954.3353,
113415.00,0.0,0.0,0.0,99.99,24.875,3.0,954.3353,
113415.00,0.0,0.0,0.0,99.99,24.875,3.0,954.3353,
113415.00,0.0,0.0,0.0,99.99,24.875,3.0,954.3353,
113415.00,0.0,0.0,0.0,99.99,24.875,3.0,954.3353,
113415.00,0.0,0.0,0.0,99.99,24.875,3.0,954.3353,
113415.00,0.0,0.0,0.0,99.99,24.875,3.0,954.3353,
113415.00,0.0,0.0,0.0,99.99,24.875,3.0,954.3353,
113415.00,0.0,0.0,0.0,99.99,24.875,3.0,954.3353,
113415.00,0.0,0.0,0.0,99.99,24.875,3.0,954.3353,
113415.00,0.0,0.0,0.0,99.99,24.875,3.0,954.3353,
113415.00,0.0,0.0,0.0,99.99,24.875,3.0,954.3353,
113415.00,0.0,0.0,0.0,99.99,24.875,3.0,954.3353,
113415.00,0.0,0.0,0.0,99.99,24.875,3.0,954.3353,
113415.00,0.0,0.0,0.0,99.99,24.875,3.0,954.3353,
113415.00,0.0,0.0,0.0,99.99,24.875,3.0,954.3353,
113415.00,0.0,0.0,0.0,99.99,24.875,3.0,954.3353,
113415.00,0.0,0.0,0.0,99.99,24.875,3.0,954.3353,
113415.00,0.0,0.0,0.0,99.99,24.875,3.0,954.3353,
000000.000,0.0,0.0,0.0,0.0,22.875,3.0,958.6905,
000000.000,0.0,0.0,0.0,0.0,22.8125,3.0,958.7399,
133408.00,0.0,0.0,0.0,99.99,22.75,3.0,958.7518,
133408.00,0.0,0.0,0.0,99.99,22.8125,3.0,958.7192,
133408.00,0.0,0.0,0.0,99.99,22.8125,3.0,958.7266,
133408.00,0.0,0.0,0.0,99.99,22.8125,3.0,958.7611,
133408.00,0.0,0.0,0.0,99.99,22.8125,3.0,958.7539,
133408.00,0.0,0.0,0.0,99.99,22.8125,3.0,958.7777,
133409.00,0.0,0.0,0.0,99.99,22.8125,3.0,958.8015,
133409.00,0.0,0.0,0.0,99.99,22.8125,3.0,958.8089,
133409.00,0.0,0.0,0.0,99.99,22.8125,3.0,958.8191,
133409.00,0.0,0.0,0.0,99.99,22.8125,3.0,958.8077,
133409.00,0.0,0.0,0.0,99.99,22.875,3.0,958.821,
133409.00,0.0,0.0,0.0,99.99,22.8125,3.0,958.8137,
133409.00,0.0,0.0,0.0,99.99,22.8125,3.0,958.8298,
000000.000,0.0,0.0,0.0,0.0,22.875,3.0,958.8519,
000000.000,0.0,0.0,0.0,0.0,22.875,3.0,958.8461,
000000.000,0.0,0.0,0.0,0.0,22.875,3.0,958.8413,
000000.000,0.0,0.0,0.0,0.0,22.875,3.0,958.8465,
000000.000,0.0,0.0,0.0,0.0,22.875,3.0,958.8121,
000000.000,0.0,0.0,0.0,0.0,22.875,3.0,958.8141,
000000.000,0.0,0.0,0.0,0.0,22.875,3.0,958.7786,
000000.000,0.0,0.0,0.0,0.0,22.875,3.0,958.8107,
000000.000,0.0,0.0,0.0,0.0,22.875,3.0,958.8152,
000000.000,0.0,0.0,0.0,0.0,22.875,3.0,958.8018,
000000.000,0.0,0.0,0.0,0.0,22.875,3.0,958.8168,
000000.000,0.0,0.0,0.0,0.0,22.875,3.0,958.8135,
000000.000,0.0,0.0,0.0,0.0,22.9375,3.0,958.7942,
000000.000,0.0,0.0,0.0,0.0,22.875,3.0,958.789,
000000.000,0.0,0.0,0.0,0.0,22.875,3.0,958.7785,
000000.000,0.0,0.0,0.0,0.0,85.0,3.0,958.6646,
000000.000,0.0,0.0,0.0,0.0,22.75,3.0,958.6387,
000000.000,0.0,0.0,0.0,99.99,22.8125,3.0,958.6096,
000000.000,0.0,0.0,0.0,99.99,22.8125,3.0,958.5715,
000000.000,0.0,0.0,0.0,99.99,22.8125,3.0,958.5101,
000000.000,0.0,0.0,0.0,99.99,22.8125,3.0,958.4905,
000000.000,0.0,0.0,0.0,0.0,22.8125,3.0,958.7596,
000000.000,0.0,0.0,0.0,0.0,22.8125,3.0,958.7796,
000000.000,0.0,0.0,0.0,99.99,22.8125,3.0,958.7943,
000000.000,0.0,0.0,0.0,99.99,22.8125,3.0,958.7853,
000000.000,0.0,0.0,0.0,99.99,22.8125,3.0,958.7841,
000000.000,0.0,0.0,0.0,99.99,22.8125,3.0,958.7805,
000000.000,0.0,0.0,0.0,99.99,22.8125,3.0,958.7703,
000000.000,0.0,0.0,0.0,99.99,22.8125,3.0,958.7007,
000000.000,0.0,0.0,0.0,99.99,22.8125,3.0,958.7109,
000000.000,0.0,0.0,0.0,0.0,22.875,3.0,958.6931,
000000.000,0.0,0.0,0.0,0.0,22.8125,3.0,958.7228,
000000.000,0.0,0.0,0.0,99.99,22.8125,3.0,958.6778,
000000.000,0.0,0.0,0.0,99.99,22.8125,3.0,958.6415,
000000.000,0.0,0.0,0.0,99.99,22.8125,3.0,958.6312,
000000.000,0.0,0.0,0.0,99.99,22.875,3.0,958.6368,
000000.000,0.0,0.0,0.0,99.99,22.8125,3.0,958.5983,
000000.000,0.0,0.0,0.0,99.99,22.8125,3.0,958.6071,
000000.000,0.0,0.0,0.0,99.99,22.875,3.0,958.5703,
000000.000,0.0,0.0,0.0,99.99,22.875,3.0,958.5925,
000000.000,0.0,0.0,0.0,99.99,22.875,3.0,958.5781,
000000.000,0.0,0.0,0.0,99.99,22.875,3.0,958.5535,
000000.000,0.0,0.0,0.0,99.99,22.875,3.0,958.519,
000000.000,0.0,0.0,0.0,99.99,22.875,3.0,958.4431,
000000.000,0.0,0.0,0.0,99.99,22.875,3.0,958.4063,
000000.000,0.0,0.0,0.0,99.99,22.875,3.0,958.3149,
000000.000,0.0,0.0,0.0,99.99,22.875,3.0,958.2193,
000000.000,0.0,0.0,0.0,99.99,22.875,3.0,958.1537,
000000.000,0.0,0.0,0.0,99.99,22.875,3.0,958.1425,
000000.000,0.0,0.0,0.0,99.99,22.875,3.0,958.1111,
000000.000,0.0,0.0,0.0,99.99,22.875,3.0,958.1496,
000000.000,0.0,0.0,0.0,99.99,22.875,3.0,958.1383,
000000.000,0.0,0.0,0.0,99.99,22.875,3.0,958.1843,
000000.000,0.0,0.0,0.0,99.99,22.875,3.0,958.2126,
000000.000,0.0,0.0,0.0,99.99,22.875,3.0,958.2294,
000000.000,0.0,0.0,0.0,99.99,22.875,3.0,958.2009,
000000.000,0.0,0.0,0.0,99.99,22.875,3.0,958.192,
000000.000,0.0,0.0,0.0,99.99,22.875,3.0,958.1906,
000000.000,0.0,0.0,0.0,99.99,22.875,3.0,958.192,
000000.000,0.0,0.0,0.0,99.99,22.875,3.0,958.2056,
000000.000,0.0,0.0,0.0,99.99,22.875,3.0,958.25,
000000.000,0.0,0.0,0.0,99.99,22.875,3.0,958.2634,
000000.000,0.0,0.0,0.0,99.99,22.875,3.0,958.2924,
000000.000,0.0,0.0,0.0,99.99,22.875,3.0,958.3223,
000000.000,0.0,0.0,0.0,99.99,22.9375,3.0,958.3416,
000000.000,0.0,0.0,0.0,99.99,22.9375,3.0,958.3629,
000000.000,0.0,0.0,0.0,99.99,22.9375,3.0,958.4029,
000000.000,0.0,0.0,0.0,99.99,22.9375,3.0,958.4429,
000000.000,0.0,0.0,0.0,99.99,22.9375,3.0,958.45,
000000.000,0.0,0.0,0.0,0.0,22.9375,3.0,958.5291,
000000.000,0.0,0.0,0.0,0.0,22.9375,3.0,958.5161,
000000.000,0.0,0.0,0.0,0.0,22.9375,3.0,958.5322,
000000.000,0.0,0.0,0.0,0.0,22.9375,3.0,958.5463,
000000.000,0.0,0.0,0.0,0.0,22.9375,3.0,958.5675,
000000.000,0.0,0.0,0.0,0.0,22.9375,3.0,958.5848,
000000.000,0.0,0.0,0.0,0.0,22.9375,3.0,958.5973,
000000.000,0.0,0.0,0.0,0.0,22.9375,3.0,958.6104,
000000.000,0.0,0.0,0.0,0.0,22.9375,3.0,958.665,
000000.000,0.0,0.0,0.0,0.0,22.9375,3.0,958.6669,
000000.000,0.0,0.0,0.0,0.0,22.9375,3.0,958.6951,
000000.000,0.0,0.0,0.0,0.0,22.9375,3.0,958.7074,
000000.000,0.0,0.0,0.0,0.0,22.9375,3.0,958.7084,
000000.000,0.0,0.0,0.0,0.0,22.9375,3.0,958.711,
000000.000,0.0,0.0,0.0,0.0,22.9375,3.0,958.7482,
000000.000,0.0,0.0,0.0,0.0,22.9375,3.0,958.7266,
000000.000,0.0,0.0,0.0,0.0,22.9375,3.0,958.7678,
000000.000,0.0,0.0,0.0,0.0,22.9375,3.0,958.7525,
000000.000,0.0,0.0,0.0,0.0,22.9375,3.0,958.8057,
000000.000,0.0,0.0,0.0,0.0,22.9375,3.0,958.7957,
000000.000,0.0,0.0,0.0,0.0,22.9375,3.0,958.57,
000000.000,0.0,0.0,0.0,0.0,22.875,3.0,958.5477,
000000.000,0.0,0.0,0.0,99.99,22.875,3.0,958.5679,
000000.000,0.0,0.0,0.0,99.99,22.875,3.0,958.5712,
000000.000,0.0,0.0,0.0,99.99,22.875,3.0,958.5714,
000000.000,0.0,0.0,0.0,99.99,22.875,3.0,958.5988,
000000.000,0.0,0.0,0.0,99.99,22.875,3.0,958.626,
000000.000,0.0,0.0,0.0,99.99,22.875,3.0,958.663,
000000.000,0.0,0.0,0.0,99.99,22.9375,3.0,958.7006,
000000.000,0.0,0.0,0.0,99.99,22.875,3.0,958.7339,
000000.000,0.0,0.0,0.0,99.99,22.9375,3.0,958.7821,
000000.000,0.0,0.0,0.0,99.99,22.9375,3.0,958.7864,
000000.000,0.0,0.0,0.0,99.99,22.9375,3.0,958.8217,
000000.000,0.0,0.0,0.0,99.99,22.9375,3.0,958.8363,
000000.000,0.0,0.0,0.0,99.99,22.9375,3.0,958.8503,
000000.000,0.0,0.0,0.0,99.99,22.9375,3.0,958.8766,
000000.000,0.0,0.0,0.0,99.99,22.9375,3.0,958.9052,
000000.000,0.0,0.0,0.0,99.99,22.9375,3.0,958.9059,
000000.000,0.0,0.0,0.0,99.99,23.0,3.0,958.9617,
000000.000,0.0,0.0,0.0,99.99,23.0,3.0,958.9936,
000000.000,0.0,0.0,0.0,99.99,23.0,3.0,959.0245,
000000.000,0.0,0.0,0.0,99.99,23.0,3.0,959.0427,
000000.000,0.0,0.0,0.0,99.99,23.0,3.0,959.071,
000000.000,0.0,0.0,0.0,99.99,23.0,3.0,959.0984,
000000.000,0.0,0.0,0.0,99.99,23.0,3.0,959.1104,
000000.000,0.0,0.0,0.0,99.99,23.0,3.0,959.1202,
000000.000,0.0,0.0,0.0,99.99,23.0,3.0,959.1422,
000000.000,0.0,0.0,0.0,99.99,23.0,3.0,959.1368,
000000.000,0.0,0.0,0.0,99.99,23.0,3.0,959.1546,
000000.000,0.0,0.0,0.0,99.99,23.0625,3.0,959.1506,
000000.000,0.0,0.0,0.0,99.99,23.0,3.0,959.2053,
000000.000,0.0,0.0,0.0,99.99,23.0,3.0,959.1853,
000000.000,0.0,0.0,0.0,99.99,23.0,3.0,959.1746,
000000.000,0.0,0.0,0.0,99.99,23.0625,3.0,959.2014,
000000.000,0.0,0.0,0.0,99.99,23.0,3.0,959.2087,
000000.000,0.0,0.0,0.0,99.99,23.0625,3.0,959.2062,
000000.000,0.0,0.0,0.0,99.99,23.0625,3.0,959.2096,
000000.000,0.0,0.0,0.0,99.99,23.0625,3.0,959.2234,
000000.000,0.0,0.0,0.0,99.99,23.0625,3.0,959.215,
000000.000,0.0,0.0,0.0,99.99,23.0,3.0,959.209,
000000.000,0.0,0.0,0.0,0.0,23.0,3.0,959.1908,
000000.000,0.0,0.0,0.0,0.0,23.0625,3.0,959.224,
000000.000,0.0,0.0,0.0,0.0,23.0625,3.0,959.2511,
000000.000,0.0,0.0,0.0,0.0,23.0,3.0,959.2607,
000000.000,0.0,0.0,0.0,0.0,23.0625,3.0,959.2537,
000000.000,0.0,0.0,0.0,0.0,23.0,3.0,959.2696,
000000.000,0.0,0.0,0.0,0.0,23.0,3.0,959.3041,
000000.000,0.0,0.0,0.0,0.0,23.0,3.0,959.2654,
000000.000,0.0,0.0,0.0,0.0,23.0625,3.0,959.2927,
000000.000,0.0,0.0,0.0,0.0,23.0625,3.0,959.2752,
000000.000,0.0,0.0,0.0,0.0,23.0,3.0,959.2645,
000000.000,0.0,0.0,0.0,0.0,23.0625,3.0,959.241,
000000.000,0.0,0.0,0.0,0.0,23.0625,3.0,959.272,
000000.000,0.0,0.0,0.0,0.0,23.0625,3.0,959.291,
000000.000,0.0,0.0,0.0,0.0,23.0625,3.0,959.6228,
000000.000,0.0,0.0,0.0,0.0,22.9375,3.0,959.6357,
000000.000,0.0,0.0,0.0,99.99,22.9375,3.0,959.6476,
000000.000,0.0,0.0,0.0,99.99,23.0,3.0,959.6451,
000000.000,0.0,0.0,0.0,99.99,22.9375,3.0,959.659,
000000.000,0.0,0.0,0.0,99.99,23.0,3.0,959.6477,
000000.000,0.0,0.0,0.0,99.99,23.0,3.0,959.6501,
000000.000,0.0,0.0,0.0,99.99,23.0,3.0,959.6866,
000000.000,0.0,0.0,0.0,99.99,23.0,3.0,959.7193,
000000.000,0.0,0.0,0.0,99.99,23.0,3.0,959.7006,
000000.000,0.0,0.0,0.0,99.99,23.0,3.0,959.7668,
000000.000,0.0,0.0,0.0,99.99,23.0,3.0,959.7712,
000000.000,0.0,0.0,0.0,99.99,23.0,3.0,959.7551,
000000.000,0.0,0.0,0.0,99.99,23.0,3.0,959.7372,
000000.000,0.0,0.0,0.0,99.99,23.0,3.0,959.7117,
000000.000,0.0,0.0,0.0,99.99,23.0625,3.0,959.7352,
000000.000,0.0,0.0,0.0,99.99,23.0625,3.0,959.7215,
000000.000,0.0,0.0,0.0,99.99,23.0,3.0,959.7032,
000000.000,0.0,0.0,0.0,99.99,23.0,3.0,959.6599,
000000.000,0.0,0.0,0.0,99.99,23.0625,3.0,959.6057,
000000.000,0.0,0.0,0.0,99.99,23.0625,3.0,959.5775,
000000.000,0.0,0.0,0.0,99.99,23.0,3.0,959.5692,
000000.000,0.0,0.0,0.0,99.99,23.0625,3.0,959.5864,
000000.000,0.0,0.0,0.0,99.99,23.0,3.0,959.5796,
000000.000,0.0,0.0,0.0,99.99,23.0,3.0,959.6348,
000000.000,0.0,0.0,0.0,99.99,23.0,3.0,959.6743,
000000.000,0.0,0.0,0.0,99.99,23.0625,3.0,959.6548,
000000.000,0.0,0.0,0.0,99.99,23.0,3.0,959.6542,
000000.000,0.0,0.0,0.0,99.99,23.0625,3.0,959.6555,
000000.000,0.0,0.0,0.0,99.99,23.0625,3.0,959.6802,
000000.000,0.0,0.0,0.0,99.99,23.0,3.0,959.6749,
000000.000,0.0,0.0,0.0,99.99,23.0,3.0,959.6403,
000000.000,0.0,0.0,0.0,99.99,23.0625,3.0,959.6285,
000000.000,0.0,0.0,0.0,99.99,23.0625,3.0,959.6451,
000000.000,0.0,0.0,0.0,99.99,23.0625,3.0,959.6362,
000000.000,0.0,0.0,0.0,99.99,23.0,3.0,959.6234,
000000.000,0.0,0.0,0.0,99.99,23.0,3.0,959.6394,
000000.000,0.0,0.0,0.0,99.99,23.0,3.0,959.6587,
000000.000,0.0,0.0,0.0,99.99,23.0,3.0,959.6329,
000000.000,0.0,0.0,0.0,0.0,23.0625,3.0,959.639,
000000.000,0.0,0.0,0.0,0.0,23.0625,3.0,959.6824,
000000.000,0.0,0.0,0.0,0.0,23.0,3.0,959.6724,
000000.000,0.0,0.0,0.0,0.0,23.0,3.0,959.7009,
000000.000,0.0,0.0,0.0,0.0,23.0,3.0,959.6627,
000000.000,0.0,0.0,0.0,0.0,23.0,3.0,959.6359,
000000.000,0.0,0.0,0.0,0.0,23.0,3.0,959.6177,
000000.000,0.0,0.0,0.0,0.0,23.0,3.0,959.5691,
000000.000,0.0,0.0,0.0,0.0,23.0,3.0,959.5557,
000000.000,0.0,0.0,0.0,0.0,23.0,3.0,959.5162,
000000.000,0.0,0.0,0.0,0.0,23.0,3.0,959.5137,
000000.000,0.0,0.0,0.0,0.0,22.9375,3.0,959.4681,
000000.000,0.0,0.0,0.0,0.0,22.9375,3.0,959.4684,
000000.000,0.0,0.0,0.0,0.0,23.0,3.0,959.4351,
000000.000,0.0,0.0,0.0,0.0,23.0,3.0,959.4207,
000000.000,0.0,0.0,0.0,0.0,23.0,3.0,959.4236,
000000.000,0.0,0.0,0.0,0.0,23.0,3.0,959.4054,
000000.000,0.0,0.0,0.0,0.0,23.0,3.0,959.4059,
000000.000,0.0,0.0,0.0,0.0,23.0,3.0,959.4288,
000000.000,0.0,0.0,0.0,0.0,23.0,3.0,959.4847,
000000.000,0.0,0.0,0.0,0.0,23.0,3.0,959.4746,
000000.000,0.0,0.0,0.0,0.0,23.0,3.0,959.4699,
000000.000,0.0,0.0,0.0,0.0,23.0,3.0,959.4945,
000000.000,0.0,0.0,0.0,0.0,23.0,3.0,959.4639,
000000.000,0.0,0.0,0.0,0.0,23.0,3.0,959.4869,
000000.000,0.0,0.0,0.0,0.0,23.0,3.0,959.4858,
000000.000,0.0,0.0,0.0,0.0,23.0625,3.0,959.4808,
000000.000,0.0,0.0,0.0,0.0,23.0,3.0,959.5008,
000000.000,0.0,0.0,0.0,0.0,23.0,3.0,959.5095,
000000.000,0.0,0.0,0.0,0.0,23.0625,3.0,959.5243,
000000.000,0.0,0.0,0.0,0.0,23.0625,3.0,959.5201,
000000.000,0.0,0.0,0.0,0.0,23.0,3.0,959.5133,
000000.000,0.0,0.0,0.0,0.0,23.0625,3.0,959.5081,
000000.000,0.0,0.0,0.0,0.0,23.0625,3.0,959.4968,
000000.000,0.0,0.0,0.0,0.0,23.0625,3.0,959.5531,
000000.000,0.0,0.0,0.0,0.0,23.0625,3.0,959.5313,
000000.000,0.0,0.0,0.0,0.0,23.0625,3.0,959.5715,
000000.000,0.0,0.0,0.0,0.0,23.0625,3.0,959.537,
000000.000,0.0,0.0,0.0,0.0,23.0625,3.0,959.5421,
000000.000,0.0,0.0,0.0,0.0,23.0625,3.0,959.5454,
000000.000,0.0,0.0,0.0,0.0,23.0625,3.0,959.5198,
000000.000,0.0,0.0,0.0,0.0,23.0625,3.0,959.5005,
000000.000,0.0,0.0,0.0,0.0,23.0625,3.0,959.5019,
000000.000,0.0,0.0,0.0,0.0,23.0,3.0,959.4774,
000000.000,0.0,0.0,0.0,0.0,23.0,3.0,959.4631,
000000.000,0.0,0.0,0.0,0.0,23.0,3.0,959.4588,
000000.000,0.0,0.0,0.0,0.0,23.0,3.0,959.4568,
000000.000,0.0,0.0,0.0,0.0,23.0,3.0,959.4439,
000000.000,0.0,0.0,0.0,0.0,23.0,3.0,959.3901,
000000.000,0.0,0.0,0.0,0.0,23.0,3.0,959.4049,
000000.000,0.0,0.0,0.0,0.0,23.0,3.0,959.3663,
000000.000,0.0,0.0,0.0,0.0,22.9375,3.0,959.3917,
000000.000,0.0,0.0,0.0,0.0,23.0,3.0,959.3368,
000000.000,0.0,0.0,0.0,0.0,23.0,3.0,959.3557,
000000.000,0.0,0.0,0.0,0.0,23.0,3.0,959.3572,
000000.000,0.0,0.0,0.0,0.0,23.0,3.0,959.4018,
000000.000,0.0,0.0,0.0,0.0,23.0,3.0,959.4077,
000000.000,0.0,0.0,0.0,0.0,23.0,3.0,959.4115,
000000.000,0.0,0.0,0.0,0.0,23.0,3.0,959.42,
000000.000,0.0,0.0,0.0,0.0,23.0,3.0,959.4169,
000000.000,0.0,0.0,0.0,0.0,23.0,3.0,959.4464,
000000.000,0.0,0.0,0.0,0.0,23.0,3.0,959.4191,
000000.000,0.0,0.0,0.0,0.0,23.0,3.0,959.4641,
000000.000,0.0,0.0,0.0,0.0,23.0,3.0,959.4651,
000000.000,0.0,0.0,0.0,0.0,23.0,3.0,959.455,
000000.000,0.0,0.0,0.0,0.0,23.0,3.0,959.5038,
000000.000,0.0,0.0,0.0,0.0,23.0,3.0,959.5035,
000000.000,0.0,0.0,0.0,0.0,23.0625,3.0,959.5062,
000000.000,0.0,0.0,0.0,0.0,23.0625,3.0,959.5521,
000000.000,0.0,0.0,0.0,0.0,23.0,3.0,959.5299,
000000.000,0.0,0.0,0.0,0.0,23.0,3.0,959.5377,
000000.000,0.0,0.0,0.0,0.0,23.0,3.0,959.4949,
000000.000,0.0,0.0,0.0,0.0,23.0,3.0,959.4543,
000000.000,0.0,0.0,0.0,0.0,23.0,3.0,959.4824,
000000.000,0.0,0.0,0.0,0.0,23.0,3.0,959.4523,
000000.000,0.0,0.0,0.0,0.0,23.0,3.0,959.4673,
000000.000,0.0,0.0,0.0,0.0,23.0,3.0,959.4721,
000000.000,0.0,0.0,0.0,0.0,23.0625,3.0,959.4739,
000000.000,0.0,0.0,0.0,0.0,23.0,3.0,959.4933,
000000.000,0.0,0.0,0.0,0.0,23.0,3.0,959.4978,
000000.000,0.0,0.0,0.0,0.0,23.0,3.0,959.5094,
000000.000,0.0,0.0,0.0,0.0,23.0625,3.0,959.5195,
000000.000,0.0,0.0,0.0,0.0,23.0625,3.0,959.5149,
000000.000,0.0,0.0,0.0,0.0,23.0,3.0,959.5232,
000000.000,0.0,0.0,0.0,0.0,23.0625,3.0,959.5356,
000000.000,0.0,0.0,0.0,0.0,23.0625,3.0,959.5695,
000000.000,0.0,0.0,0.0,0.0,23.0625,3.0,959.5891,
000000.000,0.0,0.0,0.0,0.0,23.0625,3.0,959.6064,
000000.000,0.0,0.0,0.0,0.0,23.0625,3.0,959.6332,
000000.000,0.0,0.0,0.0,0.0,23.0625,3.0,959.6465,
000000.000,0.0,0.0,0.0,0.0,23.0625,3.0,959.6005,
000000.000,0.0,0.0,0.0,0.0,23.0625,3.0,959.5483,
000000.000,0.0,0.0,0.0,0.0,23.0625,3.0,959.5352,
000000.000,0.0,0.0,0.0,0.0,23.0625,3.0,959.4794,
000000.000,0.0,0.0,0.0,0.0,23.0625,3.0,959.5136,
000000.000,0.0,0.0,0.0,0.0,23.0625,3.0,959.5123,
000000.000,0.0,0.0,0.0,0.0,23.0625,3.0,959.4982,
000000.000,0.0,0.0,0.0,0.0,23.0625,3.0,959.5398,
000000.000,0.0,0.0,0.0,0.0,23.0625,3.0,959.5723,
000000.000,0.0,0.0,0.0,0.0,23.0,3.0,959.6004,
000000.000,0.0,0.0,0.0,0.0,23.0625,3.0,959.5613,
000000.000,0.0,0.0,0.0,0.0,23.0625,3.0,959.5734,
000000.000,0.0,0.0,0.0,0.0,23.0625,3.0,959.6041,
000000.000,0.0,0.0,0.0,0.0,23.0625,3.0,959.5994,
000000.000,0.0,0.0,0.0,0.0,23.0625,3.0,959.6077,
000000.000,0.0,0.0,0.0,0.0,23.0,3.0,959.6138,
000000.000,0.0,0.0,0.0,0.0,23.0625,3.0,959.6182,
000000.000,0.0,0.0,0.0,0.0,23.0,3.0,959.6476,
000000.000,0.0,0.0,0.0,0.0,23.0625,3.0,959.6306,
000000.000,0.0,0.0,0.0,0.0,23.0625,3.0,959.6418,
000000.000,0.0,0.0,0.0,0.0,23.0625,3.0,959.6551,
000000.000,0.0,0.0,0.0,0.0,23.0625,3.0,959.6696,
000000.000,0.0,0.0,0.0,0.0,23.0625,3.0,959.6882,
000000.000,0.0,0.0,0.0,0.0,23.0625,3.0,959.6861,
000000.000,0.0,0.0,0.0,0.0,23.0625,3.0,959.6728,
000000.000,0.0,0.0,0.0,0.0,23.0625,3.0,959.7056,
000000.000,0.0,0.0,0.0,0.0,23.0625,3.0,959.701,
000000.000,0.0,0.0,0.0,0.0,23.0625,3.0,959.7299,
000000.000,0.0,0.0,0.0,0.0,23.0625,3.0,959.7229,
000000.000,0.0,0.0,0.0,0.0,23.0625,3.0,959.7527,
000000.000,0.0,0.0,0.0,0.0,23.0625,3.0,959.7458,
000000.000,0.0,0.0,0.0,0.0,23.0625,3.0,959.7363,
000000.000,0.0,0.0,0.0,0.0,23.0625,3.0,959.7567,
000000.000,0.0,0.0,0.0,0.0,23.0625,3.0,959.7721,
000000.000,0.0,0.0,0.0,0.0,23.0625,3.0,959.7414,
000000.000,0.0,0.0,0.0,0.0,23.0625,3.0,959.7617,
000000.000,0.0,0.0,0.0,0.0,23.0625,3.0,959.7658,
000000.000,0.0,0.0,0.0,0.0,23.0625,3.0,959.7545,
000000.000,0.0,0.0,0.0,0.0,23.0625,3.0,959.7536,
000000.000,0.0,0.0,0.0,0.0,23.0625,3.0,959.7338,
000000.000,0.0,0.0,0.0,0.0,23.0625,3.0,959.7509,
000000.000,0.0,0.0,0.0,0.0,23.0625,3.0,959.7595,
000000.000,0.0,0.0,0.0,0.0,23.0625,3.0,959.7289,
000000.000,0.0,0.0,0.0,0.0,23.0625,3.0,959.7285,
000000.000,0.0,0.0,0.0,0.0,23.0625,3.0,959.7567,
000000.000,0.0,0.0,0.0,0.0,23.0625,3.0,959.7458,
000000.000,0.0,0.0,0.0,0.0,23.0625,3.0,959.769,
000000.000,0.0,0.0,0.0,0.0,23.0625,3.0,959.752,
000000.000,0.0,0.0,0.0,0.0,23.0625,3.0,959.7592,
000000.000,0.0,0.0,0.0,0.0,23.0625,3.0,959.7324,
000000.000,0.0,0.0,0.0,0.0,23.0625,3.0,959.7332,
000000.000,0.0,0.0,0.0,0.0,23.0625,3.0,959.7404,
000000.000,0.0,0.0,0.0,0.0,23.0625,3.0,959.7349,
000000.000,0.0,0.0,0.0,0.0,23.0625,3.0,959.7085,
000000.000,0.0,0.0,0.0,0.0,23.0625,3.0,959.7207,
000000.000,0.0,0.0,0.0,0.0,23.0625,3.0,959.7156,
000000.000,0.0,0.0,0.0,0.0,23.0625,3.0,959.7299,
000000.000,0.0,0.0,0.0,0.0,23.0625,3.0,959.7777,
000000.000,0.0,0.0,0.0,0.0,23.0625,3.0,959.7266,
000000.000,0.0,0.0,0.0,0.0,23.0625,3.0,959.7095,
000000.000,0.0,0.0,0.0,0.0,23.0625,3.0,959.6838,
000000.000,0.0,0.0,0.0,0.0,23.0625,3.0,959.696,
000000.000,0.0,0.0,0.0,0.0,23.0625,3.0,959.6569,
000000.000,0.0,0.0,0.0,0.0,23.0625,3.0,959.6357,
000000.000,0.0,0.0,0.0,0.0,23.0625,3.0,959.6384,
000000.000,0.0,0.0,0.0,0.0,23.0625,3.0,959.6566,
000000.000,0.0,0.0,0.0,0.0,23.0625,3.0,959.6235,
000000.000,0.0,0.0,0.0,0.0,23.0625,3.0,959.6094,
000000.000,0.0,0.0,0.0,0.0,23.0625,3.0,959.6163,
000000.000,0.0,0.0,0.0,0.0,23.0625,3.0,959.6005,
000000.000,0.0,0.0,0.0,0.0,23.0625,3.0,959.6077,
000000.000,0.0,0.0,0.0,0.0,23.0625,3.0,959.5746,
000000.000,0.0,0.0,0.0,0.0,23.0625,3.0,959.5897,
000000.000,0.0,0.0,0.0,0.0,23.0625,3.0,959.6219,
000000.000,0.0,0.0,0.0,0.0,23.0625,3.0,959.6076,
000000.000,0.0,0.0,0.0,0.0,23.0625,3.0,959.6071,
000000.000,0.0,0.0,0.0,0.0,23.0625,3.0,959.6176,
000000.000,0.0,0.0,0.0,0.0,23.0625,3.0,959.6328,
000000.000,0.0,0.0,0.0,0.0,23.0625,3.0,959.6362,
000000.000,0.0,0.0,0.0,0.0,23.0625,3.0,959.6507,
000000.000,0.0,0.0,0.0,0.0,23.0625,3.0,959.6752,
000000.000,0.0,0.0,0.0,0.0,23.0625,3.0,959.6019,
000000.000,0.0,0.0,0.0,0.0,23.0625,3.0,959.6115,
000000.000,0.0,0.0,0.0,0.0,23.0625,3.0,959.6378,
000000.000,0.0,0.0,0.0,0.0,23.0625,3.0,959.624,
000000.000,0.0,0.0,0.0,0.0,23.0625,3.0,959.6523,
000000.000,0.0,0.0,0.0,0.0,23.0625,3.0,959.6606,
000000.000,0.0,0.0,0.0,0.0,23.125,3.0,959.6641,
000000.000,0.0,0.0,0.0,0.0,23.125,3.0,959.6705,
000000.000,0.0,0.0,0.0,0.0,23.0625,3.0,959.6799,
000000.000,0.0,0.0,0.0,0.0,23.125,3.0,959.6609,
000000.000,0.0,0.0,0.0,0.0,23.0625,3.0,959.6786,
000000.000,0.0,0.0,0.0,0.0,23.0625,3.0,959.6808,
000000.000,0.0,0.0,0.0,0.0,23.0625,3.0,959.6925,
000000.000,0.0,0.0,0.0,0.0,23.125,3.0,959.7023,
000000.000,0.0,0.0,0.0,0.0,23.0625,3.0,959.6777,
000000.000,0.0,0.0,0.0,0.0,23.0625,3.0,959.686,
000000.000,0.0,0.0,0.0,0.0,23.0625,3.0,959.6986,
000000.000,0.0,0.0,0.0,0.0,23.125,3.0,959.6662,
000000.000,0.0,0.0,0.0,0.0,23.125,3.0,959.6869,
000000.000,0.0,0.0,0.0,0.0,23.0625,3.0,959.6829,
000000.000,0.0,0.0,0.0,0.0,23.0625,3.0,959.6802,
000000.000,0.0,0.0,0.0,0.0,23.0625,3.0,959.7115,
000000.000,0.0,0.0,0.0,0.0,23.0625,3.0,959.6528,
000000.000,0.0,0.0,0.0,0.0,23.125,3.0,959.6746,
000000.000,0.0,0.0,0.0,0.0,23.125,3.0,959.6353,
000000.000,0.0,0.0,0.0,0.0,23.0625,3.0,959.6077,
000000.000,0.0,0.0,0.0,0.0,23.0625,3.0,959.6116,
000000.000,0.0,0.0,0.0,0.0,23.0625,3.0,959.6035,
000000.000,0.0,0.0,0.0,0.0,23.0625,3.0,959.5948,
000000.000,0.0,0.0,0.0,0.0,23.0625,3.0,959.572,
000000.000,0.0,0.0,0.0,0.0,23.125,3.0,959.5288,
000000.000,0.0,0.0,0.0,0.0,23.0625,3.0,959.4785,
000000.000,0.0,0.0,0.0,0.0,23.0625,3.0,959.4534,
000000.000,0.0,0.0,0.0,0.0,23.0625,3.0,959.4558,
000000.000,0.0,0.0,0.0,0.0,23.0625,3.0,959.4782,
000000.000,0.0,0.0,0.0,0.0,23.0625,3.0,959.5117,
000000.000,0.0,0.0,0.0,0.0,23.0625,3.0,959.4461,
000000.000,0.0,0.0,0.0,0.0,23.0625,3.0,959.4113,
000000.000,0.0,0.0,0.0,0.0,23.0625,3.0,959.3823,
000000.000,0.0,0.0,0.0,0.0,23.0625,3.0,959.3052,
000000.000,0.0,0.0,0.0,0.0,23.0625,3.0,959.2758,
000000.000,0.0,0.0,0.0,0.0,23.0625,3.0,959.2709,
000000.000,0.0,0.0,0.0,0.0,23.0625,3.0,959.2568,
000000.000,0.0,0.0,0.0,0.0,23.0625,3.0,959.2668,
000000.000,0.0,0.0,0.0,0.0,23.0,3.0,959.325,
000000.000,0.0,0.0,0.0,0.0,23.0,3.0,959.3525,
000000.000,0.0,0.0,0.0,0.0,23.0,3.0,959.4073,
000000.000,0.0,0.0,0.0,0.0,23.0,3.0,959.437,
000000.000,0.0,0.0,0.0,0.0,23.0,3.0,959.4392,
000000.000,0.0,0.0,0.0,0.0,23.0,3.0,959.4899,
000000.000,0.0,0.0,0.0,0.0,23.0,3.0,959.49,
000000.000,0.0,0.0,0.0,0.0,23.0,3.0,959.4803,
000000.000,0.0,0.0,0.0,0.0,23.0,3.0,959.4885,
000000.000,0.0,0.0,0.0,0.0,23.0,3.0,959.5301,
000000.000,0.0,0.0,0.0,0.0,23.0,3.0,959.5178,
000000.000,0.0,0.0,0.0,0.0,23.0,3.0,959.5449,
000000.000,0.0,0.0,0.0,0.0,23.0,3.0,959.5699,
000000.000,0.0,0.0,0.0,0.0,23.0,3.0,959.5499,
000000.000,0.0,0.0,0.0,0.0,23.0,3.0,959.5678,
000000.000,0.0,0.0,0.0,0.0,23.0625,3.0,959.5795,
000000.000,0.0,0.0,0.0,0.0,23.0625,3.0,959.5927,
000000.000,0.0,0.0,0.0,0.0,23.0625,3.0,959.5842,
000000.000,0.0,0.0,0.0,0.0,23.0625,3.0,959.6349,
000000.000,0.0,0.0,0.0,0.0,23.0625,3.0,959.6031,
000000.000,0.0,0.0,0.0,0.0,23.0625,3.0,959.6072,
000000.000,0.0,0.0,0.0,0.0,23.0625,3.0,959.5891,
000000.000,0.0,0.0,0.0,0.0,23.0,3.0,959.5667,
000000.000,0.0,0.0,0.0,0.0,23.0,3.0,959.5309,
000000.000,0.0,0.0,0.0,0.0,23.0,3.0,959.5192,
000000.000,0.0,0.0,0.0,0.0,23.0,3.0,959.471,
000000.000,0.0,0.0,0.0,0.0,23.0,3.0,959.4627,
000000.000,0.0,0.0,0.0,0.0,23.0,3.0,959.4567,
000000.000,0.0,0.0,0.0,0.0,23.0,3.0,959.4427,
000000.000,0.0,0.0,0.0,0.0,23.0,3.0,959.4258,
000000.000,0.0,0.0,0.0,0.0,23.0,3.0,959.3937,
000000.000,0.0,0.0,0.0,0.0,23.0,3.0,959.3845,
000000.000,0.0,0.0,0.0,0.0,23.0,3.0,959.3619,
000000.000,0.0,0.0,0.0,0.0,23.0,3.0,959.3466,
000000.000,0.0,0.0,0.0,0.0,23.0,3.0,959.3426,
000000.000,0.0,0.0,0.0,0.0,23.0,3.0,959.3081,
000000.000,0.0,0.0,0.0,0.0,23.0,3.0,959.3162,
000000.000,0.0,0.0,0.0,0.0,23.0,3.0,959.2891,
000000.000,0.0,0.0,0.0,0.0,23.0,3.0,959.2589,
000000.000,0.0,0.0,0.0,0.0,23.0,3.0,959.284,
000000.000,0.0,0.0,0.0,0.0,22.9375,3.0,959.2422,
000000.000,0.0,0.0,0.0,0.0,23.0,3.0,959.2467,
000000.000,0.0,0.0,0.0,0.0,23.0,3.0,959.2341,
000000.000,0.0,0.0,0.0,0.0,23.0,3.0,959.2383,
000000.000,0.0,0.0,0.0,0.0,23.0,3.0,959.2205,
000000.000,0.0,0.0,0.0,0.0,23.0,3.0,959.1739,
000000.000,0.0,0.0,0.0,0.0,23.0,3.0,959.177,
000000.000,0.0,0.0,0.0,0.0,23.0,3.0,959.1805,
000000.000,0.0,0.0,0.0,0.0,23.0,3.0,959.1869,
000000.000,0.0,0.0,0.0,0.0,23.0,3.0,959.1964,
000000.000,0.0,0.0,0.0,0.0,23.0,3.0,959.2222,
000000.000,0.0,0.0,0.0,0.0,23.0,3.0,959.2202,
000000.000,0.0,0.0,0.0,0.0,23.0,3.0,959.2199,
000000.000,0.0,0.0,0.0,0.0,23.0625,3.0,959.2343,
000000.000,0.0,0.0,0.0,0.0,23.0,3.0,959.2482,
000000.000,0.0,0.0,0.0,0.0,23.0,3.0,959.2438,
000000.000,0.0,0.0,0.0,0.0,23.0,3.0,959.2525,
000000.000,0.0,0.0,0.0,0.0,23.0,3.0,959.2514,
000000.000,0.0,0.0,0.0,0.0,23.0,3.0,959.2421,
000000.000,0.0,0.0,0.0,0.0,23.0,3.0,959.2534,
000000.000,0.0,0.0,0.0,0.0,23.0,3.0,959.2443,
000000.000,0.0,0.0,0.0,0.0,23.0,3.0,959.2743,
000000.000,0.0,0.0,0.0,0.0,23.0,3.0,959.2888,
000000.000,0.0,0.0,0.0,0.0,23.0,3.0,959.2711,
000000.000,0.0,0.0,0.0,0.0,23.0,3.0,959.2876,
000000.000,0.0,0.0,0.0,0.0,23.0625,3.0,959.2885,
000000.000,0.0,0.0,0.0,0.0,23.0625,3.0,959.2745,
000000.000,0.0,0.0,0.0,0.0,23.0,3.0,959.302,
000000.000,0.0,0.0,0.0,0.0,23.0,3.0,959.3072,
000000.000,0.0,0.0,0.0,0.0,23.0,3.0,959.3108,
000000.000,0.0,0.0,0.0,0.0,23.0625,3.0,959.2706,
000000.000,0.0,0.0,0.0,0.0,23.0625,3.0,959.2573,
000000.000,0.0,0.0,0.0,0.0,23.0625,3.0,959.2472,
000000.000,0.0,0.0,0.0,0.0,23.0625,3.0,959.2385,
000000.000,0.0,0.0,0.0,0.0,23.0625,3.0,959.2761,
000000.000,0.0,0.0,0.0,0.0,23.0625,3.0,959.2922,
000000.000,0.0,0.0,0.0,0.0,23.0625,3.0,959.2687,
000000.000,0.0,0.0,0.0,0.0,23.0625,3.0,959.3136,
000000.000,0.0,0.0,0.0,0.0,23.0625,3.0,959.3007,
000000.000,0.0,0.0,0.0,0.0,23.0625,3.0,959.3177,
000000.000,0.0,0.0,0.0,0.0,23.0625,3.0,959.3308,
000000.000,0.0,0.0,0.0,0.0,23.0625,3.0,959.2965,
000000.000,0.0,0.0,0.0,0.0,23.0625,3.0,959.3215,
000000.000,0.0,0.0,0.0,0.0,23.0625,3.0,959.2903,
000000.000,0.0,0.0,0.0,0.0,23.0625,3.0,959.2957,
000000.000,0.0,0.0,0.0,0.0,23.0625,3.0,959.3054,
000000.000,0.0,0.0,0.0,0.0,23.0625,3.0,959.2734,
000000.000,0.0,0.0,0.0,0.0,23.0625,3.0,959.2234,
000000.000,0.0,0.0,0.0,0.0,23.0625,3.0,959.241,
000000.000,0.0,0.0,0.0,0.0,23.0625,3.0,959.2131,
000000.000,0.0,0.0,0.0,0.0,23.0625,3.0,959.2209,
000000.000,0.0,0.0,0.0,0.0,23.0625,3.0,959.2416,
000000.000,0.0,0.0,0.0,0.0,23.0625,3.0,959.2686,
000000.000,0.0,0.0,0.0,0.0,23.0625,3.0,959.3003,
000000.000,0.0,0.0,0.0,0.0,23.0625,3.0,959.3092,
000000.000,0.0,0.0,0.0,0.0,23.0625,3.0,959.3361,
000000.000,0.0,0.0,0.0,0.0,23.0625,3.0,959.3092,
000000.000,0.0,0.0,0.0,0.0,23.0625,3.0,959.283,
000000.000,0.0,0.0,0.0,0.0,23.0625,3.0,959.2855,
000000.000,0.0,0.0,0.0,0.0,23.0625,3.0,959.2969,
000000.000,0.0,0.0,0.0,0.0,23.0625,3.0,959.2574,
000000.000,0.0,0.0,0.0,0.0,23.0625,3.0,959.244,
000000.000,0.0,0.0,0.0,0.0,23.0625,3.0,959.2476,
000000.000,0.0,0.0,0.0,0.0,23.0625,3.0,959.2435,
000000.000,0.0,0.0,0.0,0.0,23.0625,3.0,959.2754,
000000.000,0.0,0.0,0.0,0.0,23.0625,3.0,959.2559,
000000.000,0.0,0.0,0.0,0.0,23.0625,3.0,959.2656,
000000.000,0.0,0.0,0.0,0.0,23.0625,3.0,959.2654,
000000.000,0.0,0.0,0.0,0.0,23.0625,3.0,959.2583,
000000.000,0.0,0.0,0.0,0.0,23.0625,3.0,959.2866,
000000.000,0.0,0.0,0.0,0.0,23.0625,3.0,959.2717,
000000.000,0.0,0.0,0.0,0.0,23.0625,3.0,959.2698,
000000.000,0.0,0.0,0.0,0.0,23.0625,3.0,959.2673,
000000.000,0.0,0.0,0.0,0.0,23.0625,3.0,959.2819,
000000.000,0.0,0.0,0.0,0.0,23.0625,3.0,959.255,
000000.000,0.0,0.0,0.0,0.0,23.0625,3.0,959.2846,
000000.000,0.0,0.0,0.0,0.0,23.0625,3.0,959.2805,
000000.000,0.0,0.0,0.0,0.0,23.0625,3.0,959.2755,
000000.000,0.0,0.0,0.0,0.0,23.0625,3.0,959.2896,
000000.000,0.0,0.0,0.0,0.0,23.0625,3.0,959.2542,
000000.000,0.0,0.0,0.0,0.0,23.0625,3.0,959.2569,
000000.000,0.0,0.0,0.0,0.0,23.0625,3.0,959.2585,
000000.000,0.0,0.0,0.0,0.0,23.0625,3.0,959.2686,
000000.000,0.0,0.0,0.0,0.0,23.0625,3.0,959.2698,
000000.000,0.0,0.0,0.0,0.0,23.0625,3.0,959.2505,
000000.000,0.0,0.0,0.0,0.0,23.0625,3.0,959.2307,
000000.000,0.0,0.0,0.0,0.0,23.0625,3.0,959.2133,
000000.000,0.0,0.0,0.0,0.0,23.0625,3.0,959.2194,
000000.000,0.0,0.0,0.0,0.0,23.0,3.0,959.1893,
000000.000,0.0,0.0,0.0,0.0,23.0625,3.0,959.1718,
000000.000,0.0,0.0,0.0,0.0,23.0,3.0,959.1857,
000000.000,0.0,0.0,0.0,0.0,23.0625,3.0,959.1542,
000000.000,0.0,0.0,0.0,0.0,23.0,3.0,959.145,
000000.000,0.0,0.0,0.0,0.0,23.0,3.0,959.0977,
000000.000,0.0,0.0,0.0,0.0,23.0,3.0,959.0724,
000000.000,0.0,0.0,0.0,0.0,23.0,3.0,959.0298,
000000.000,0.0,0.0,0.0,0.0,23.0,3.0,959.0005,
000000.000,0.0,0.0,0.0,0.0,23.0,3.0,958.9861,
000000.000,0.0,0.0,0.0,0.0,23.0,3.0,958.9193,
000000.000,0.0,0.0,0.0,0.0,23.0,3.0,958.8998,
000000.000,0.0,0.0,0.0,0.0,23.0,3.0,958.9026,
000000.000,0.0,0.0,0.0,0.0,22.9375,3.0,958.8884,
000000.000,0.0,0.0,0.0,0.0,23.0,3.0,958.8514,
000000.000,0.0,0.0,0.0,0.0,23.0,3.0,958.8091,
000000.000,0.0,0.0,0.0,0.0,22.9375,3.0,958.8232,
000000.000,0.0,0.0,0.0,0.0,22.9375,3.0,958.7935,
000000.000,0.0,0.0,0.0,0.0,22.9375,3.0,958.7534,
000000.000,0.0,0.0,0.0,0.0,22.9375,3.0,958.7478,
000000.000,0.0,0.0,0.0,0.0,22.9375,3.0,958.7226,
000000.000,0.0,0.0,0.0,0.0,22.9375,3.0,958.6958,
000000.000,0.0,0.0,0.0,0.0,22.9375,3.0,958.6969,
000000.000,0.0,0.0,0.0,0.0,22.9375,3.0,958.666,
000000.000,0.0,0.0,0.0,0.0,22.875,3.0,958.6221,
000000.000,0.0,0.0,0.0,0.0,22.875,3.0,958.61,
000000.000,0.0,0.0,0.0,0.0,22.9375,3.0,958.6019,
000000.000,0.0,0.0,0.0,0.0,22.9375,3.0,958.5917,
000000.000,0.0,0.0,0.0,0.0,22.9375,3.0,958.5764,
000000.000,0.0,0.0,0.0,0.0,22.9375,3.0,958.585,
000000.000,0.0,0.0,0.0,0.0,22.9375,3.0,958.5876,
000000.000,0.0,0.0,0.0,0.0,22.9375,3.0,958.5517,
000000.000,0.0,0.0,0.0,0.0,22.9375,3.0,958.5779,
000000.000,0.0,0.0,0.0,0.0,22.9375,3.0,958.521,
000000.000,0.0,0.0,0.0,0.0,22.9375,3.0,958.5472,
000000.000,0.0,0.0,0.0,0.0,22.9375,3.0,958.5229,
000000.000,0.0,0.0,0.0,0.0,22.9375,3.0,958.502,
000000.000,0.0,0.0,0.0,0.0,22.9375,3.0,958.4802,
000000.000,0.0,0.0,0.0,0.0,22.9375,3.0,958.4667,
000000.000,0.0,0.0,0.0,0.0,22.9375,3.0,958.4494,
000000.000,0.0,0.0,0.0,0.0,22.9375,3.0,958.4587,
000000.000,0.0,0.0,0.0,0.0,22.9375,3.0,958.4205,
000000.000,0.0,0.0,0.0,0.0,22.875,3.0,958.4091,
000000.000,0.0,0.0,0.0,0.0,22.9375,3.0,958.3744,
000000.000,0.0,0.0,0.0,0.0,22.875,3.0,958.3909,
000000.000,0.0,0.0,0.0,0.0,22.875,3.0,958.3628,
000000.000,0.0,0.0,0.0,0.0,22.875,3.0,958.358,
000000.000,0.0,0.0,0.0,0.0,22.875,3.0,958.3569,
000000.000,0.0,0.0,0.0,0.0,22.875,3.0,958.3762,
000000.000,0.0,0.0,0.0,0.0,22.875,3.0,958.3478,
000000.000,0.0,0.0,0.0,0.0,22.875,3.0,958.3449,
000000.000,0.0,0.0,0.0,0.0,22.875,3.0,958.3282,
000000.000,0.0,0.0,0.0,0.0,22.875,3.0,958.345,
000000.000,0.0,0.0,0.0,0.0,22.875,3.0,958.3173,
000000.000,0.0,0.0,0.0,0.0,22.875,3.0,958.2921,
000000.000,0.0,0.0,0.0,0.0,22.875,3.0,958.2908,
000000.000,0.0,0.0,0.0,0.0,22.875,3.0,958.2589,
000000.000,0.0,0.0,0.0,0.0,22.875,3.0,958.2548,
000000.000,0.0,0.0,0.0,0.0,22.875,3.0,958.2455,
000000.000,0.0,0.0,0.0,0.0,22.875,3.0,958.2076,
000000.000,0.0,0.0,0.0,0.0,22.875,3.0,958.1875,
000000.000,0.0,0.0,0.0,0.0,22.875,3.0,958.1428,
000000.000,0.0,0.0,0.0,0.0,22.8125,3.0,958.1049,
000000.000,0.0,0.0,0.0,0.0,22.8125,3.0,958.0692,
000000.000,0.0,0.0,0.0,0.0,22.875,3.0,957.999,
000000.000,0.0,0.0,0.0,0.0,22.875,3.0,957.9731,
000000.000,0.0,0.0,0.0,0.0,22.8125,3.0,957.9595,
000000.000,0.0,0.0,0.0,0.0,22.8125,3.0,957.9155,
000000.000,0.0,0.0,0.0,0.0,22.8125,3.0,957.8608,
000000.000,0.0,0.0,0.0,0.0,22.8125,3.0,957.8075,
000000.000,0.0,0.0,0.0,0.0,22.8125,3.0,957.7763,
000000.000,0.0,0.0,0.0,0.0,22.8125,3.0,957.7918,
000000.000,0.0,0.0,0.0,0.0,22.8125,3.0,957.7626,
000000.000,0.0,0.0,0.0,0.0,22.8125,3.0,957.7764,
000000.000,0.0,0.0,0.0,0.0,22.8125,3.0,957.7447,
000000.000,0.0,0.0,0.0,0.0,22.8125,3.0,957.7415,
000000.000,0.0,0.0,0.0,0.0,22.8125,3.0,957.7499,
000000.000,0.0,0.0,0.0,0.0,22.8125,3.0,957.7429,
000000.000,0.0,0.0,0.0,0.0,22.8125,3.0,957.7336,
000000.000,0.0,0.0,0.0,0.0,22.8125,3.0,957.6965,
000000.000,0.0,0.0,0.0,0.0,22.8125,3.0,957.6845,
000000.000,0.0,0.0,0.0,0.0,22.8125,3.0,957.6808,
000000.000,0.0,0.0,0.0,0.0,22.8125,3.0,957.658,
000000.000,0.0,0.0,0.0,0.0,22.8125,3.0,957.673,
000000.000,0.0,0.0,0.0,0.0,22.8125,3.0,957.6597,
000000.000,0.0,0.0,0.0,0.0,22.8125,3.0,957.67,
000000.000,0.0,0.0,0.0,0.0,22.8125,3.0,957.6527,
000000.000,0.0,0.0,0.0,0.0,22.8125,3.0,957.6609,
000000.000,0.0,0.0,0.0,0.0,22.8125,3.0,957.6806,
000000.000,0.0,0.0,0.0,0.0,22.8125,3.0,957.6566,
000000.000,0.0,0.0,0.0,0.0,22.875,3.0,957.671,
000000.000,0.0,0.0,0.0,0.0,22.875,3.0,957.6575,
000000.000,0.0,0.0,0.0,0.0,22.875,3.0,957.6788,
000000.000,0.0,0.0,0.0,0.0,22.875,3.0,957.6678,
000000.000,0.0,0.0,0.0,0.0,22.875,3.0,957.6655,
000000.000,0.0,0.0,0.0,0.0,22.875,3.0,957.685,
000000.000,0.0,0.0,0.0,0.0,22.875,3.0,957.6837,
000000.000,0.0,0.0,0.0,0.0,22.875,3.0,957.6415,
000000.000,0.0,0.0,0.0,0.0,22.875,3.0,957.6306,
000000.000,0.0,0.0,0.0,0.0,22.875,3.0,957.6479,
000000.000,0.0,0.0,0.0,0.0,22.875,3.0,957.6361,
000000.000,0.0,0.0,0.0,0.0,22.875,3.0,957.613,
000000.000,0.0,0.0,0.0,0.0,22.875,3.0,957.571,
000000.000,0.0,0.0,0.0,0.0,22.875,3.0,957.561,
000000.000,0.0,0.0,0.0,0.0,22.875,3.0,957.5474,
000000.000,0.0,0.0,0.0,0.0,22.8125,3.0,957.5353,
000000.000,0.0,0.0,0.0,0.0,22.875,3.0,957.5594,
000000.000,0.0,0.0,0.0,0.0,22.875,3.0,957.558,
000000.000,0.0,0.0,0.0,0.0,22.875,3.0,957.5438,
000000.000,0.0,0.0,0.0,0.0,22.8125,3.0,957.5461,
000000.000,0.0,0.0,0.0,0.0,22.875,3.0,957.5217,
000000.000,0.0,0.0,0.0,0.0,22.8125,3.0,957.561,
000000.000,0.0,0.0,0.0,0.0,22.8125,3.0,957.5399,
000000.000,0.0,0.0,0.0,0.0,22.8125,3.0,957.5388,
000000.000,0.0,0.0,0.0,0.0,22.875,3.0,957.5244,
000000.000,0.0,0.0,0.0,0.0,22.8125,3.0,957.5167,
000000.000,0.0,0.0,0.0,0.0,22.875,3.0,957.5246,
000000.000,0.0,0.0,0.0,0.0,22.875,3.0,957.5449,
000000.000,0.0,0.0,0.0,0.0,22.875,3.0,957.5405,
000000.000,0.0,0.0,0.0,0.0,22.875,3.0,957.5692,
000000.000,0.0,0.0,0.0,0.0,22.875,3.0,957.5453,
000000.000,0.0,0.0,0.0,0.0,22.9375,3.0,957.5623,
000000.000,0.0,0.0,0.0,0.0,22.9375,3.0,957.5786,
000000.000,0.0,0.0,0.0,0.0,22.875,3.0,957.5968,
000000.000,0.0,0.0,0.0,0.0,22.9375,3.0,957.5993,
000000.000,0.0,0.0,0.0,0.0,22.9375,3.0,957.6456,
000000.000,0.0,0.0,0.0,0.0,22.9375,3.0,957.6365,
000000.000,0.0,0.0,0.0,0.0,22.9375,3.0,957.6235,
000000.000,0.0,0.0,0.0,0.0,22.9375,3.0,957.627,
000000.000,0.0,0.0,0.0,0.0,22.9375,3.0,957.6082,
000000.000,0.0,0.0,0.0,0.0,22.875,3.0,957.6232,
000000.000,0.0,0.0,0.0,0.0,22.9375,3.0,957.6459,
000000.000,0.0,0.0,0.0,0.0,22.9375,3.0,957.6545,
000000.000,0.0,0.0,0.0,0.0,22.9375,3.0,957.6408,
000000.000,0.0,0.0,0.0,0.0,22.875,3.0,957.6082,
000000.000,0.0,0.0,0.0,0.0,22.875,3.0,957.6121,
000000.000,0.0,0.0,0.0,0.0,22.875,3.0,957.5865,
000000.000,0.0,0.0,0.0,0.0,22.9375,3.0,957.571,
000000.000,0.0,0.0,0.0,0.0,22.875,3.0,957.5586,
000000.000,0.0,0.0,0.0,0.0,22.875,3.0,957.5829,
000000.000,0.0,0.0,0.0,0.0,22.875,3.0,957.5897,
000000.000,0.0,0.0,0.0,0.0,22.875,3.0,957.5341,
000000.000,0.0,0.0,0.0,0.0,22.875,3.0,957.5291,
000000.000,0.0,0.0,0.0,0.0,22.875,3.0,957.506,
000000.000,0.0,0.0,0.0,0.0,22.875,3.0,957.5055,
000000.000,0.0,0.0,0.0,0.0,22.875,3.0,957.4966,
000000.000,0.0,0.0,0.0,0.0,22.875,3.0,957.4807,
000000.000,0.0,0.0,0.0,0.0,22.875,3.0,957.4717,
000000.000,0.0,0.0,0.0,0.0,22.875,3.0,957.4883,
000000.000,0.0,0.0,0.0,0.0,22.875,3.0,957.4526,
000000.000,0.0,0.0,0.0,0.0,22.875,3.0,957.4539,
000000.000,0.0,0.0,0.0,0.0,22.875,3.0,957.4612,
000000.000,0.0,0.0,0.0,0.0,22.875,3.0,957.4504,
000000.000,0.0,0.0,0.0,0.0,22.875,3.0,957.4182,
000000.000,0.0,0.0,0.0,0.0,22.875,3.0,957.409,
000000.000,0.0,0.0,0.0,0.0,22.875,3.0,957.4395,
000000.000,0.0,0.0,0.0,0.0,22.875,3.0,957.3778,
000000.000,0.0,0.0,0.0,0.0,22.875,3.0,957.3784,
000000.000,0.0,0.0,0.0,0.0,22.875,3.0,957.3588,
000000.000,0.0,0.0,0.0,0.0,22.875,3.0,957.3473,
000000.000,0.0,0.0,0.0,0.0,22.875,3.0,957.3401,
000000.000,0.0,0.0,0.0,0.0,22.875,3.0,957.3103,
000000.000,0.0,0.0,0.0,0.0,22.8125,3.0,957.2938,
000000.000,0.0,0.0,0.0,0.0,22.8125,3.0,957.2816,
000000.000,0.0,0.0,0.0,0.0,22.8125,3.0,957.267,
000000.000,0.0,0.0,0.0,0.0,22.875,3.0,957.2062,
000000.000,0.0,0.0,0.0,0.0,22.8125,3.0,957.2099,
000000.000,0.0,0.0,0.0,0.0,22.8125,3.0,957.206,
000000.000,0.0,0.0,0.0,0.0,22.8125,3.0,957.1412,
000000.000,0.0,0.0,0.0,0.0,22.8125,3.0,957.1234,
000000.000,0.0,0.0,0.0,0.0,22.8125,3.0,957.1016,
000000.000,0.0,0.0,0.0,0.0,22.8125,3.0,957.0711,
000000.000,0.0,0.0,0.0,0.0,22.8125,3.0,957.0454,
000000.000,0.0,0.0,0.0,0.0,22.8125,3.0,957.0005,
000000.000,0.0,0.0,0.0,0.0,22.8125,3.0,957.0286,
000000.000,0.0,0.0,0.0,0.0,22.8125,3.0,956.9651,
000000.000,0.0,0.0,0.0,0.0,22.8125,3.0,956.9817,
000000.000,0.0,0.0,0.0,0.0,22.8125,3.0,957.0045,
000000.000,0.0,0.0,0.0,0.0,22.8125,3.0,957.0197,
000000.000,0.0,0.0,0.0,0.0,22.8125,3.0,956.9892,
000000.000,0.0,0.0,0.0,0.0,22.8125,3.0,957.0087,
000000.000,0.0,0.0,0.0,0.0,22.8125,3.0,957.0492,
000000.000,0.0,0.0,0.0,0.0,22.8125,3.0,957.0529,
000000.000,0.0,0.0,0.0,0.0,22.8125,3.0,957.0814,
000000.000,0.0,0.0,0.0,0.0,22.8125,3.0,957.0838,
000000.000,0.0,0.0,0.0,0.0,22.8125,3.0,957.0786,
000000.000,0.0,0.0,0.0,0.0,22.8125,3.0,957.0987,
000000.000,0.0,0.0,0.0,0.0,22.8125,3.0,957.0927,
000000.000,0.0,0.0,0.0,0.0,22.8125,3.0,957.1146,
000000.000,0.0,0.0,0.0,0.0,22.875,3.0,957.1298,
000000.000,0.0,0.0,0.0,0.0,22.875,3.0,957.1345,
000000.000,0.0,0.0,0.0,0.0,22.8125,3.0,957.1309,
000000.000,0.0,0.0,0.0,0.0,22.875,3.0,957.1453,
000000.000,0.0,0.0,0.0,0.0,22.875,3.0,957.1537,
000000.000,0.0,0.0,0.0,0.0,22.875,3.0,957.1553,
000000.000,0.0,0.0,0.0,0.0,22.875,3.0,957.1547,
000000.000,0.0,0.0,0.0,0.0,22.875,3.0,957.1451,
000000.000,0.0,0.0,0.0,0.0,22.8125,3.0,957.1451,
000000.000,0.0,0.0,0.0,0.0,22.875,3.0,957.1574,
000000.000,0.0,0.0,0.0,0.0,22.875,3.0,957.1667,
000000.000,0.0,0.0,0.0,0.0,22.8125,3.0,957.1625,
000000.000,0.0,0.0,0.0,0.0,22.875,3.0,957.1567,
000000.000,0.0,0.0,0.0,0.0,22.875,3.0,957.1409,
000000.000,0.0,0.0,0.0,0.0,22.875,3.0,957.1885,
000000.000,0.0,0.0,0.0,0.0,22.8125,3.0,957.2017,
000000.000,0.0,0.0,0.0,0.0,22.875,3.0,957.2024,
000000.000,0.0,0.0,0.0,0.0,22.875,3.0,957.1902,
000000.000,0.0,0.0,0.0,0.0,22.875,3.0,957.1519,
000000.000,0.0,0.0,0.0,0.0,22.875,3.0,957.1417,
000000.000,0.0,0.0,0.0,0.0,22.8125,3.0,957.1583,
000000.000,0.0,0.0,0.0,0.0,22.875,3.0,957.1755,
000000.000,0.0,0.0,0.0,0.0,22.875,3.0,957.1555,
000000.000,0.0,0.0,0.0,0.0,22.8125,3.0,957.1814,
000000.000,0.0,0.0,0.0,0.0,22.8125,3.0,957.1945,
000000.000,0.0,0.0,0.0,0.0,22.875,3.0,957.1951,
000000.000,0.0,0.0,0.0,0.0,22.875,3.0,957.1994,
000000.000,0.0,0.0,0.0,0.0,22.875,3.0,957.2003,
000000.000,0.0,0.0,0.0,0.0,22.875,3.0,957.24,
000000.000,0.0,0.0,0.0,0.0,22.875,3.0,957.201,
000000.000,0.0,0.0,0.0,0.0,22.875,3.0,957.2397,
000000.000,0.0,0.0,0.0,0.0,22.8125,3.0,957.2237,
000000.000,0.0,0.0,0.0,0.0,22.875,3.0,957.2367,
000000.000,0.0,0.0,0.0,0.0,22.8125,3.0,957.2141,
000000.000,0.0,0.0,0.0,0.0,22.8125,3.0,957.2065,
000000.000,0.0,0.0,0.0,0.0,22.8125,3.0,957.2096,
000000.000,0.0,0.0,0.0,0.0,22.8125,3.0,957.2166,
000000.000,0.0,0.0,0.0,0.0,22.8125,3.0,957.1879,
000000.000,0.0,0.0,0.0,0.0,22.8125,3.0,957.1747,
000000.000,0.0,0.0,0.0,0.0,22.8125,3.0,957.1805,
000000.000,0.0,0.0,0.0,0.0,22.8125,3.0,957.1792,
000000.000,0.0,0.0,0.0,0.0,22.8125,3.0,957.1552,
000000.000,0.0,0.0,0.0,0.0,22.8125,3.0,957.1372,
000000.000,0.0,0.0,0.0,0.0,22.8125,3.0,957.1421,
000000.000,0.0,0.0,0.0,0.0,22.8125,3.0,957.1423,
000000.000,0.0,0.0,0.0,0.0,22.8125,3.0,957.1141,
000000.000,0.0,0.0,0.0,0.0,22.8125,3.0,957.1077,
000000.000,0.0,0.0,0.0,0.0,22.8125,3.0,957.1175,
000000.000,0.0,0.0,0.0,0.0,22.75,3.0,957.1091,
000000.000,0.0,0.0,0.0,0.0,22.8125,3.0,957.0724,
000000.000,0.0,0.0,0.0,0.0,22.8125,3.0,957.0895,
000000.000,0.0,0.0,0.0,0.0,22.8125,3.0,957.0735,
000000.000,0.0,0.0,0.0,0.0,22.8125,3.0,957.0898,
000000.000,0.0,0.0,0.0,0.0,22.8125,3.0,957.0601,
000000.000,0.0,0.0,0.0,0.0,22.8125,3.0,957.072,
000000.000,0.0,0.0,0.0,0.0,22.8125,3.0,957.0776,
000000.000,0.0,0.0,0.0,0.0,22.8125,3.0,957.0662,
000000.000,0.0,0.0,0.0,0.0,22.8125,3.0,957.0519,
000000.000,0.0,0.0,0.0,0.0,22.75,3.0,957.0453,
000000.000,0.0,0.0,0.0,0.0,22.8125,3.0,957.0533,
000000.000,0.0,0.0,0.0,0.0,22.75,3.0,957.0309,
000000.000,0.0,0.0,0.0,0.0,22.75,3.0,957.0309,
000000.000,0.0,0.0,0.0,0.0,22.75,3.0,957.0034,
000000.000,0.0,0.0,0.0,0.0,22.8125,3.0,957.0363,
000000.000,0.0,0.0,0.0,0.0,22.75,3.0,957.0051,
000000.000,0.0,0.0,0.0,0.0,22.75,3.0,956.9962,
000000.000,0.0,0.0,0.0,0.0,22.75,3.0,956.9691,
000000.000,0.0,0.0,0.0,0.0,22.75,3.0,956.9673,
000000.000,0.0,0.0,0.0,0.0,22.75,3.0,956.959,
000000.000,0.0,0.0,0.0,0.0,22.75,3.0,956.9357,
000000.000,0.0,0.0,0.0,0.0,22.75,3.0,956.9574,
000000.000,0.0,0.0,0.0,0.0,22.75,3.0,956.9255,
000000.000,0.0,0.0,0.0,0.0,22.8125,3.0,956.938,
000000.000,0.0,0.0,0.0,0.0,22.8125,3.0,956.9002,
000000.000,0.0,0.0,0.0,0.0,22.75,3.0,956.8949,
000000.000,0.0,0.0,0.0,0.0,22.75,3.0,956.9118,
000000.000,0.0,0.0,0.0,0.0,22.75,3.0,956.9024,
000000.000,0.0,0.0,0.0,0.0,22.75,3.0,956.897,
000000.000,0.0,0.0,0.0,0.0,22.8125,3.0,956.89,
000000.000,0.0,0.0,0.0,0.0,22.75,3.0,956.9025,
000000.000,0.0,0.0,0.0,0.0,22.75,3.0,956.8812,
000000.000,0.0,0.0,0.0,0.0,22.75,3.0,956.8796,
000000.000,0.0,0.0,0.0,0.0,22.8125,3.0,956.8806,
000000.000,0.0,0.0,0.0,0.0,22.8125,3.0,956.8748,
000000.000,0.0,0.0,0.0,0.0,22.8125,3.0,956.8591,
000000.000,0.0,0.0,0.0,0.0,22.75,3.0,956.8901,
000000.000,0.0,0.0,0.0,0.0,22.8125,3.0,956.8513,
000000.000,0.0,0.0,0.0,0.0,22.75,3.0,956.8639,
000000.000,0.0,0.0,0.0,0.0,22.75,3.0,956.8605,
000000.000,0.0,0.0,0.0,0.0,22.75,3.0,956.8516,
000000.000,0.0,0.0,0.0,0.0,22.75,3.0,956.8434,
000000.000,0.0,0.0,0.0,0.0,22.75,3.0,956.8006,
000000.000,0.0,0.0,0.0,0.0,22.75,3.0,956.7791,
000000.000,0.0,0.0,0.0,0.0,22.75,3.0,956.7779,
000000.000,0.0,0.0,0.0,0.0,22.75,3.0,956.767,
000000.000,0.0,0.0,0.0,0.0,22.75,3.0,956.7619,
000000.000,0.0,0.0,0.0,0.0,22.75,3.0,956.7578,
000000.000,0.0,0.0,0.0,0.0,22.75,3.0,956.76,
000000.000,0.0,0.0,0.0,0.0,22.75,3.0,956.7299,
000000.000,0.0,0.0,0.0,0.0,22.75,3.0,956.7424,
000000.000,0.0,0.0,0.0,0.0,22.75,3.0,956.7535,
000000.000,0.0,0.0,0.0,0.0,22.75,3.0,956.7582,
000000.000,0.0,0.0,0.0,0.0,22.75,3.0,956.7408,
000000.000,0.0,0.0,0.0,0.0,22.75,3.0,956.7535,
000000.000,0.0,0.0,0.0,0.0,22.75,3.0,956.7795,
000000.000,0.0,0.0,0.0,0.0,22.75,3.0,956.7916,
000000.000,0.0,0.0,0.0,0.0,22.75,3.0,956.7771,
000000.000,0.0,0.0,0.0,0.0,22.75,3.0,956.7957,
000000.000,0.0,0.0,0.0,0.0,22.8125,3.0,956.785,
000000.000,0.0,0.0,0.0,0.0,22.8125,3.0,956.8194,
000000.000,0.0,0.0,0.0,0.0,22.75,3.0,956.799,
000000.000,0.0,0.0,0.0,0.0,22.75,3.0,956.7886,
000000.000,0.0,0.0,0.0,0.0,22.75,3.0,956.764,
000000.000,0.0,0.0,0.0,0.0,22.75,3.0,956.7248,
000000.000,0.0,0.0,0.0,0.0,22.75,3.0,956.723,
000000.000,0.0,0.0,0.0,0.0,22.75,3.0,956.7268,
000000.000,0.0,0.0,0.0,0.0,22.75,3.0,956.7026,
000000.000,0.0,0.0,0.0,0.0,22.75,3.0,956.7112,
000000.000,0.0,0.0,0.0,0.0,22.75,3.0,956.7361,
000000.000,0.0,0.0,0.0,0.0,22.75,3.0,956.7159,
000000.000,0.0,0.0,0.0,0.0,22.75,3.0,956.6935,
000000.000,0.0,0.0,0.0,0.0,22.75,3.0,956.6852,
000000.000,0.0,0.0,0.0,0.0,22.75,3.0,956.6848,
000000.000,0.0,0.0,0.0,0.0,22.75,3.0,956.7208,
000000.000,0.0,0.0,0.0,0.0,22.75,3.0,956.6956,
000000.000,0.0,0.0,0.0,0.0,22.75,3.0,956.7219,
000000.000,0.0,0.0,0.0,0.0,22.75,3.0,956.7173,
000000.000,0.0,0.0,0.0,0.0,22.75,3.0,956.7102,
000000.000,0.0,0.0,0.0,0.0,22.75,3.0,956.7043,
000000.000,0.0,0.0,0.0,0.0,22.75,3.0,956.6898,
000000.000,0.0,0.0,0.0,0.0,22.75,3.0,956.6699,
000000.000,0.0,0.0,0.0,0.0,22.75,3.0,956.6769,
000000.000,0.0,0.0,0.0,0.0,22.75,3.0,956.6694,
000000.000,0.0,0.0,0.0,0.0,22.75,3.0,956.6552,
000000.000,0.0,0.0,0.0,0.0,22.75,3.0,956.6579,
000000.000,0.0,0.0,0.0,0.0,22.75,3.0,956.6657,
000000.000,0.0,0.0,0.0,0.0,22.6875,3.0,956.6373,
000000.000,0.0,0.0,0.0,0.0,22.75,3.0,956.6386,
000000.000,0.0,0.0,0.0,0.0,22.6875,3.0,956.5964,
000000.000,0.0,0.0,0.0,0.0,22.75,3.0,956.6481,
000000.000,0.0,0.0,0.0,0.0,22.75,3.0,956.6273,
000000.000,0.0,0.0,0.0,0.0,22.75,3.0,956.6308,
000000.000,0.0,0.0,0.0,0.0,22.75,3.0,956.6517,
000000.000,0.0,0.0,0.0,0.0,22.75,3.0,956.6512,
000000.000,0.0,0.0,0.0,0.0,22.6875,3.0,956.6336,
000000.000,0.0,0.0,0.0,0.0,22.75,3.0,956.6351,
000000.000,0.0,0.0,0.0,0.0,22.75,3.0,956.6277,
000000.000,0.0,0.0,0.0,0.0,22.75,3.0,956.6141,
000000.000,0.0,0.0,0.0,0.0,22.75,3.0,956.6049,
000000.000,0.0,0.0,0.0,0.0,22.75,3.0,956.6395,
000000.000,0.0,0.0,0.0,0.0,22.75,3.0,956.6142,
000000.000,0.0,0.0,0.0,0.0,22.75,3.0,956.616,
000000.000,0.0,0.0,0.0,0.0,22.75,3.0,956.6172,
000000.000,0.0,0.0,0.0,0.0,22.75,3.0,956.6189,
000000.000,0.0,0.0,0.0,0.0,22.75,3.0,956.5978,
000000.000,0.0,0.0,0.0,0.0,22.75,3.0,956.616,
000000.000,0.0,0.0,0.0,0.0,22.75,3.0,956.5904,
000000.000,0.0,0.0,0.0,0.0,22.75,3.0,956.603,
000000.000,0.0,0.0,0.0,0.0,22.75,3.0,956.5897,
000000.000,0.0,0.0,0.0,0.0,22.75,3.0,956.5815,
000000.000,0.0,0.0,0.0,0.0,22.75,3.0,956.5691,
000000.000,0.0,0.0,0.0,0.0,22.75,3.0,956.5754,
000000.000,0.0,0.0,0.0,0.0,22.75,3.0,956.5535,
000000.000,0.0,0.0,0.0,0.0,22.75,3.0,956.569,
000000.000,0.0,0.0,0.0,0.0,22.75,3.0,956.581,
000000.000,0.0,0.0,0.0,0.0,22.75,3.0,956.5714,
000000.000,0.0,0.0,0.0,0.0,22.75,3.0,956.574,
000000.000,0.0,0.0,0.0,0.0,22.6875,3.0,956.5511,
000000.000,0.0,0.0,0.0,0.0,22.6875,3.0,956.5609,
000000.000,0.0,0.0,0.0,0.0,22.75,3.0,956.5623,
000000.000,0.0,0.0,0.0,0.0,22.75,3.0,956.5893,
000000.000,0.0,0.0,0.0,0.0,22.75,3.0,956.5783,
000000.000,0.0,0.0,0.0,0.0,22.75,3.0,956.5744,
000000.000,0.0,0.0,0.0,0.0,22.75,3.0,956.5635,
000000.000,0.0,0.0,0.0,0.0,22.75,3.0,956.5768,
000000.000,0.0,0.0,0.0,0.0,22.75,3.0,956.5605,
000000.000,0.0,0.0,0.0,0.0,22.75,3.0,956.5634,
000000.000,0.0,0.0,0.0,0.0,22.6875,3.0,956.5477,
000000.000,0.0,0.0,0.0,0.0,22.75,3.0,956.5555,
000000.000,0.0,0.0,0.0,0.0,22.6875,3.0,956.5422,
000000.000,0.0,0.0,0.0,0.0,22.75,3.0,956.548,
000000.000,0.0,0.0,0.0,0.0,22.75,3.0,956.5585,
000000.000,0.0,0.0,0.0,0.0,22.75,3.0,956.5568,
000000.000,0.0,0.0,0.0,0.0,22.75,3.0,956.5492,
000000.000,0.0,0.0,0.0,0.0,22.75,3.0,956.5466,
000000.000,0.0,0.0,0.0,0.0,22.75,3.0,956.5739,
000000.000,0.0,0.0,0.0,0.0,22.75,3.0,956.5394,
000000.000,0.0,0.0,0.0,0.0,22.75,3.0,956.5616,
000000.000,0.0,0.0,0.0,0.0,22.6875,3.0,956.5435,
000000.000,0.0,0.0,0.0,0.0,22.75,3.0,956.5438,
000000.000,0.0,0.0,0.0,0.0,22.75,3.0,956.5594,
000000.000,0.0,0.0,0.0,0.0,22.75,3.0,956.5374,
000000.000,0.0,0.0,0.0,0.0,22.75,3.0,956.549,
000000.000,0.0,0.0,0.0,0.0,22.75,3.0,956.5193,
000000.000,0.0,0.0,0.0,0.0,22.75,3.0,956.5164,
000000.000,0.0,0.0,0.0,0.0,22.75,3.0,956.5144,
000000.000,0.0,0.0,0.0,0.0,22.75,3.0,956.4689,
000000.000,0.0,0.0,0.0,0.0,22.6875,3.0,956.503,
000000.000,0.0,0.0,0.0,0.0,22.6875,3.0,956.4524,
000000.000,0.0,0.0,0.0,0.0,22.75,3.0,956.4236,
000000.000,0.0,0.0,0.0,0.0,22.6875,3.0,956.4288,
000000.000,0.0,0.0,0.0,0.0,22.6875,3.0,956.4171,
000000.000,0.0,0.0,0.0,0.0,22.6875,3.0,956.4182,
000000.000,0.0,0.0,0.0,0.0,22.6875,3.0,956.3962,
000000.000,0.0,0.0,0.0,0.0,22.6875,3.0,956.3942,
000000.000,0.0,0.0,0.0,0.0,22.6875,3.0,956.372,
000000.000,0.0,0.0,0.0,0.0,22.6875,3.0,956.3602,
000000.000,0.0,0.0,0.0,0.0,22.6875,3.0,956.3265,
000000.000,0.0,0.0,0.0,0.0,22.6875,3.0,956.3502,
000000.000,0.0,0.0,0.0,0.0,22.6875,3.0,956.3516,
000000.000,0.0,0.0,0.0,0.0,22.6875,3.0,956.2939,
000000.000,0.0,0.0,0.0,0.0,22.6875,3.0,956.3182,
000000.000,0.0,0.0,0.0,0.0,22.6875,3.0,956.2748,
000000.000,0.0,0.0,0.0,0.0,22.6875,3.0,956.2703,
000000.000,0.0,0.0,0.0,0.0,22.6875,3.0,956.2333,
000000.000,0.0,0.0,0.0,0.0,22.6875,3.0,956.2467,
000000.000,0.0,0.0,0.0,0.0,22.625,3.0,956.2173,
000000.000,0.0,0.0,0.0,0.0,22.6875,3.0,956.2139,
000000.000,0.0,0.0,0.0,0.0,22.625,3.0,956.1941,
000000.000,0.0,0.0,0.0,0.0,22.625,3.0,956.1819,
000000.000,0.0,0.0,0.0,0.0,22.625,3.0,956.186,
000000.000,0.0,0.0,0.0,0.0,22.625,3.0,956.1658,
000000.000,0.0,0.0,0.0,0.0,22.6875,3.0,956.141,
000000.000,0.0,0.0,0.0,0.0,22.625,3.0,956.1431,
000000.000,0.0,0.0,0.0,0.0,22.625,3.0,956.16,
000000.000,0.0,0.0,0.0,0.0,22.625,3.0,956.1174,
000000.000,0.0,0.0,0.0,0.0,22.625,3.0,956.12,
000000.000,0.0,0.0,0.0,0.0,22.625,3.0,956.1323,
000000.000,0.0,0.0,0.0,0.0,22.625,3.0,956.1255,
000000.000,0.0,0.0,0.0,0.0,22.625,3.0,956.1272,
000000.000,0.0,0.0,0.0,0.0,22.625,3.0,956.1061,
000000.000,0.0,0.0,0.0,0.0,22.625,3.0,956.1085,
000000.000,0.0,0.0,0.0,0.0,22.625,3.0,956.1151,
000000.000,0.0,0.0,0.0,0.0,22.625,3.0,956.0869,
000000.000,0.0,0.0,0.0,0.0,22.625,3.0,956.1071,
000000.000,0.0,0.0,0.0,0.0,22.625,3.0,956.109,
000000.000,0.0,0.0,0.0,0.0,22.625,3.0,956.088,
000000.000,0.0,0.0,0.0,0.0,22.625,3.0,956.0521,
000000.000,0.0,0.0,0.0,0.0,22.625,3.0,956.0736,
000000.000,0.0,0.0,0.0,0.0,22.625,3.0,956.0682,
000000.000,0.0,0.0,0.0,0.0,22.625,3.0,956.0798,
000000.000,0.0,0.0,0.0,0.0,22.625,3.0,956.0645,
000000.000,0.0,0.0,0.0,0.0,22.625,3.0,956.0394,
000000.000,0.0,0.0,0.0,0.0,22.625,3.0,956.0298,
000000.000,0.0,0.0,0.0,0.0,22.625,3.0,956.0584,
000000.000,0.0,0.0,0.0,0.0,22.625,3.0,956.0399,
000000.000,0.0,0.0,0.0,0.0,22.625,3.0,956.0365,
000000.000,0.0,0.0,0.0,0.0,22.625,3.0,956.0404,
000000.000,0.0,0.0,0.0,0.0,22.625,3.0,956.0133,
000000.000,0.0,0.0,0.0,0.0,22.625,3.0,956.041,
000000.000,0.0,0.0,0.0,0.0,22.625,3.0,956.0265,
000000.000,0.0,0.0,0.0,0.0,22.625,3.0,956.0449,
000000.000,0.0,0.0,0.0,0.0,22.625,3.0,956.0195,
000000.000,0.0,0.0,0.0,0.0,22.625,3.0,956.0173,
000000.000,0.0,0.0,0.0,0.0,22.625,3.0,956.0117,
000000.000,0.0,0.0,0.0,0.0,22.625,3.0,955.9918,
000000.000,0.0,0.0,0.0,0.0,22.625,3.0,955.9772,
000000.000,0.0,0.0,0.0,0.0,22.625,3.0,955.9637,
000000.000,0.0,0.0,0.0,0.0,22.625,3.0,955.9572,
000000.000,0.0,0.0,0.0,0.0,22.625,3.0,955.9276,
000000.000,0.0,0.0,0.0,0.0,22.625,3.0,955.9308,
000000.000,0.0,0.0,0.0,0.0,22.625,3.0,955.9227,
000000.000,0.0,0.0,0.0,0.0,22.5625,3.0,955.9339,
000000.000,0.0,0.0,0.0,0.0,22.625,3.0,955.9205,
000000.000,0.0,0.0,0.0,0.0,22.625,3.0,955.9061,
000000.000,0.0,0.0,0.0,0.0,22.625,3.0,955.9205,
000000.000,0.0,0.0,0.0,0.0,22.625,3.0,955.9123,
000000.000,0.0,0.0,0.0,0.0,22.625,3.0,955.9018,
000000.000,0.0,0.0,0.0,0.0,22.625,3.0,955.8973,
000000.000,0.0,0.0,0.0,0.0,22.625,3.0,955.9196,
000000.000,0.0,0.0,0.0,0.0,22.625,3.0,955.8993,
000000.000,0.0,0.0,0.0,0.0,22.625,3.0,955.9269,
000000.000,0.0,0.0,0.0,0.0,22.625,3.0,955.8311,
000000.000,0.0,0.0,0.0,0.0,22.625,3.0,955.8134,
000000.000,0.0,0.0,0.0,0.0,22.625,3.0,955.8414,
000000.000,0.0,0.0,0.0,0.0,22.625,3.0,955.8552,
000000.000,0.0,0.0,0.0,0.0,22.625,3.0,955.8231,
000000.000,0.0,0.0,0.0,0.0,22.625,3.0,955.8412,
000000.000,0.0,0.0,0.0,0.0,22.625,3.0,955.8585,
000000.000,0.0,0.0,0.0,0.0,22.625,3.0,955.858,
000000.000,0.0,0.0,0.0,0.0,22.625,3.0,955.8904,
000000.000,0.0,0.0,0.0,0.0,22.6875,3.0,955.8601,
000000.000,0.0,0.0,0.0,0.0,22.625,3.0,955.8419,
000000.000,0.0,0.0,0.0,0.0,22.625,3.0,955.8175,
000000.000,0.0,0.0,0.0,0.0,22.6875,3.0,955.8483,
000000.000,0.0,0.0,0.0,0.0,22.625,3.0,955.8176,
000000.000,0.0,0.0,0.0,0.0,22.625,3.0,955.7941,
000000.000,0.0,0.0,0.0,0.0,22.6875,3.0,955.8333,
000000.000,0.0,0.0,0.0,0.0,22.625,3.0,955.7975,
000000.000,0.0,0.0,0.0,0.0,22.6875,3.0,955.8359,
000000.000,0.0,0.0,0.0,0.0,22.6875,3.0,955.8452,
000000.000,0.0,0.0,0.0,0.0,22.6875,3.0,955.8455,
000000.000,0.0,0.0,0.0,0.0,22.625,3.0,955.8518,
000000.000,0.0,0.0,0.0,0.0,22.625,3.0,955.8544,
000000.000,0.0,0.0,0.0,0.0,22.625,3.0,955.8496,
000000.000,0.0,0.0,0.0,0.0,22.625,3.0,955.8374,
000000.000,0.0,0.0,0.0,0.0,22.625,3.0,955.8391,
000000.000,0.0,0.0,0.0,0.0,22.6875,3.0,955.8309,
000000.000,0.0,0.0,0.0,0.0,22.625,3.0,955.8569,
000000.000,0.0,0.0,0.0,0.0,22.6875,3.0,955.8754,
000000.000,0.0,0.0,0.0,0.0,22.6875,3.0,955.8519,
000000.000,0.0,0.0,0.0,0.0,22.6875,3.0,955.8661,
000000.000,0.0,0.0,0.0,0.0,22.6875,3.0,955.8853,
000000.000,0.0,0.0,0.0,0.0,22.6875,3.0,955.8834,
000000.000,0.0,0.0,0.0,0.0,22.625,3.0,955.851,
000000.000,0.0,0.0,0.0,0.0,22.625,3.0,955.8578,
000000.000,0.0,0.0,0.0,0.0,22.6875,3.0,955.831,
000000.000,0.0,0.0,0.0,0.0,22.6875,3.0,955.8379,
000000.000,0.0,0.0,0.0,0.0,22.625,3.0,955.8131,
000000.000,0.0,0.0,0.0,0.0,22.625,3.0,955.7964,
000000.000,0.0,0.0,0.0,0.0,22.625,3.0,955.8174,
000000.000,0.0,0.0,0.0,0.0,22.625,3.0,955.8077,
000000.000,0.0,0.0,0.0,0.0,22.625,3.0,955.801,
000000.000,0.0,0.0,0.0,0.0,22.625,3.0,955.8293,
000000.000,0.0,0.0,0.0,0.0,22.625,3.0,955.8141,
000000.000,0.0,0.0,0.0,0.0,22.625,3.0,955.8217,
000000.000,0.0,0.0,0.0,0.0,22.625,3.0,955.8072,
000000.000,0.0,0.0,0.0,0.0,22.625,3.0,955.7727,
000000.000,0.0,0.0,0.0,0.0,22.625,3.0,955.7422,
000000.000,0.0,0.0,0.0,0.0,22.625,3.0,955.7165,
000000.000,0.0,0.0,0.0,0.0,22.625,3.0,955.7304,
000000.000,0.0,0.0,0.0,0.0,22.625,3.0,955.7133,
000000.000,0.0,0.0,0.0,0.0,22.625,3.0,955.6912,
000000.000,0.0,0.0,0.0,0.0,22.625,3.0,955.701,
000000.000,0.0,0.0,0.0,0.0,22.625,3.0,955.6926,
000000.000,0.0,0.0,0.0,0.0,22.625,3.0,955.7155,
000000.000,0.0,0.0,0.0,0.0,22.625,3.0,955.7109,
000000.000,0.0,0.0,0.0,0.0,22.625,3.0,955.7102,
000000.000,0.0,0.0,0.0,0.0,22.625,3.0,955.6914,
000000.000,0.0,0.0,0.0,0.0,22.625,3.0,955.705,
000000.000,0.0,0.0,0.0,0.0,22.625,3.0,955.7155,
000000.000,0.0,0.0,0.0,0.0,22.625,3.0,955.714,
000000.000,0.0,0.0,0.0,0.0,22.625,3.0,955.7199,
000000.000,0.0,0.0,0.0,0.0,22.625,3.0,955.7239,
000000.000,0.0,0.0,0.0,0.0,22.625,3.0,955.7198,
000000.000,0.0,0.0,0.0,0.0,22.625,3.0,955.7351,
000000.000,0.0,0.0,0.0,0.0,22.625,3.0,955.7598,
000000.000,0.0,0.0,0.0,0.0,22.6875,3.0,955.7507,
000000.000,0.0,0.0,0.0,0.0,22.6875,3.0,955.7726,
000000.000,0.0,0.0,0.0,0.0,22.625,3.0,955.7788,
000000.000,0.0,0.0,0.0,0.0,22.6875,3.0,955.7993,
000000.000,0.0,0.0,0.0,0.0,22.625,3.0,955.7661,
000000.000,0.0,0.0,0.0,0.0,22.625,3.0,955.8024,
000000.000,0.0,0.0,0.0,0.0,22.625,3.0,955.8002,
000000.000,0.0,0.0,0.0,0.0,22.625,3.0,955.8123,
000000.000,0.0,0.0,0.0,0.0,22.625,3.0,955.8356,
000000.000,0.0,0.0,0.0,0.0,22.6875,3.0,955.8533,
000000.000,0.0,0.0,0.0,0.0,22.6875,3.0,955.881,
000000.000,0.0,0.0,0.0,0.0,22.6875,3.0,955.8844,
000000.000,0.0,0.0,0.0,0.0,22.625,3.0,955.8839,
000000.000,0.0,0.0,0.0,0.0,22.625,3.0,955.8928,
000000.000,0.0,0.0,0.0,0.0,22.6875,3.0,955.8987,
000000.000,0.0,0.0,0.0,0.0,22.625,3.0,955.8982,
000000.000,0.0,0.0,0.0,0.0,22.625,3.0,955.8953,
000000.000,0.0,0.0,0.0,0.0,22.6875,3.0,955.936,
000000.000,0.0,0.0,0.0,0.0,22.6875,3.0,955.9548,
000000.000,0.0,0.0,0.0,0.0,22.6875,3.0,955.957,
000000.000,0.0,0.0,0.0,0.0,22.6875,3.0,955.9752,
000000.000,0.0,0.0,0.0,0.0,22.6875,3.0,955.9875,
000000.000,0.0,0.0,0.0,0.0,22.6875,3.0,955.9821,
000000.000,0.0,0.0,0.0,0.0,22.6875,3.0,955.9926,
000000.000,0.0,0.0,0.0,0.0,22.6875,3.0,956.0054,
000000.000,0.0,0.0,0.0,0.0,22.6875,3.0,955.9953,
000000.000,0.0,0.0,0.0,0.0,22.6875,3.0,956.0022,
000000.000,0.0,0.0,0.0,0.0,22.6875,3.0,956.0213,
000000.000,0.0,0.0,0.0,0.0,22.6875,3.0,956.0092,
000000.000,0.0,0.0,0.0,0.0,22.6875,3.0,956.0136,
000000.000,0.0,0.0,0.0,0.0,22.6875,3.0,956.0412,
000000.000,0.0,0.0,0.0,0.0,22.6875,3.0,956.0045,
000000.000,0.0,0.0,0.0,0.0,22.6875,3.0,956.0016,
000000.000,0.0,0.0,0.0,0.0,22.6875,3.0,956.002,
000000.000,0.0,0.0,0.0,0.0,22.6875,3.0,955.9872,
000000.000,0.0,0.0,0.0,0.0,22.625,3.0,956.0014,
000000.000,0.0,0.0,0.0,0.0,22.625,3.0,956.0242,
000000.000,0.0,0.0,0.0,0.0,22.6875,3.0,955.9969,
000000.000,0.0,0.0,0.0,0.0,22.6875,3.0,955.9698,
000000.000,0.0,0.0,0.0,0.0,22.6875,3.0,955.9735,
000000.000,0.0,0.0,0.0,0.0,22.6875,3.0,955.9785,
000000.000,0.0,0.0,0.0,0.0,22.625,3.0,955.9441,
000000.000,0.0,0.0,0.0,0.0,22.625,3.0,955.9554,
000000.000,0.0,0.0,0.0,0.0,22.625,3.0,955.9364,
000000.000,0.0,0.0,0.0,0.0,22.625,3.0,955.9247,
000000.000,0.0,0.0,0.0,0.0,22.625,3.0,955.8908,
000000.000,0.0,0.0,0.0,0.0,22.625,3.0,955.8582,
000000.000,0.0,0.0,0.0,0.0,22.625,3.0,955.8574,
000000.000,0.0,0.0,0.0,0.0,22.625,3.0,955.8091,
000000.000,0.0,0.0,0.0,0.0,22.625,3.0,955.8148,
000000.000,0.0,0.0,0.0,0.0,22.625,3.0,955.8148,
000000.000,0.0,0.0,0.0,0.0,22.5625,3.0,955.8017,
000000.000,0.0,0.0,0.0,0.0,22.625,3.0,955.7434,
000000.000,0.0,0.0,0.0,0.0,22.5625,3.0,955.7113,
000000.000,0.0,0.0,0.0,0.0,22.5625,3.0,955.7062,
000000.000,0.0,0.0,0.0,0.0,22.5625,3.0,955.6827,
000000.000,0.0,0.0,0.0,0.0,22.5625,3.0,955.6696,
000000.000,0.0,0.0,0.0,0.0,22.5625,3.0,955.6546,
000000.000,0.0,0.0,0.0,0.0,22.5625,3.0,955.6529,
000000.000,0.0,0.0,0.0,0.0,22.5625,3.0,955.6252,
000000.000,0.0,0.0,0.0,0.0,22.5625,3.0,955.5996,
000000.000,0.0,0.0,0.0,0.0,22.5625,3.0,955.6459,
000000.000,0.0,0.0,0.0,0.0,22.5625,3.0,955.6333,
000000.000,0.0,0.0,0.0,0.0,22.5625,3.0,955.6183,
000000.000,0.0,0.0,0.0,0.0,22.5625,3.0,955.5949,
000000.000,0.0,0.0,0.0,0.0,22.5625,3.0,955.606,
000000.000,0.0,0.0,0.0,0.0,22.5625,3.0,955.604,
000000.000,0.0,0.0,0.0,0.0,22.5625,3.0,955.6295,
000000.000,0.0,0.0,0.0,0.0,22.5625,3.0,955.5992,
000000.000,0.0,0.0,0.0,0.0,22.5625,3.0,955.6175,
000000.000,0.0,0.0,0.0,0.0,22.5625,3.0,955.6023,
000000.000,0.0,0.0,0.0,0.0,22.5625,3.0,955.5891,
000000.000,0.0,0.0,0.0,0.0,22.5625,3.0,955.6321,
000000.000,0.0,0.0,0.0,0.0,22.5625,3.0,955.6254,
000000.000,0.0,0.0,0.0,0.0,22.5625,3.0,955.639,
000000.000,0.0,0.0,0.0,0.0,22.5625,3.0,955.6181,
000000.000,0.0,0.0,0.0,0.0,22.625,3.0,955.6395,
000000.000,0.0,0.0,0.0,0.0,22.625,3.0,955.6415,
000000.000,0.0,0.0,0.0,0.0,22.625,3.0,955.6297,
000000.000,0.0,0.0,0.0,0.0,22.625,3.0,955.6622,
000000.000,0.0,0.0,0.0,0.0,22.625,3.0,955.682,
000000.000,0.0,0.0,0.0,0.0,22.625,3.0,955.6318,
000000.000,0.0,0.0,0.0,0.0,22.625,3.0,955.6763,
000000.000,0.0,0.0,0.0,0.0,22.625,3.0,955.6624,
000000.000,0.0,0.0,0.0,0.0,22.625,3.0,955.6785,
000000.000,0.0,0.0,0.0,0.0,22.625,3.0,955.6837,
000000.000,0.0,0.0,0.0,0.0,22.5625,3.0,955.6598,
000000.000,0.0,0.0,0.0,0.0,22.5625,3.0,955.6752,
000000.000,0.0,0.0,0.0,0.0,22.5625,3.0,955.6572,
000000.000,0.0,0.0,0.0,0.0,22.625,3.0,955.696,
000000.000,0.0,0.0,0.0,0.0,22.625,3.0,955.6761,
000000.000,0.0,0.0,0.0,0.0,22.625,3.0,955.6964,
000000.000,0.0,0.0,0.0,0.0,22.625,3.0,955.6774,
000000.000,0.0,0.0,0.0,0.0,22.5625,3.0,955.6791,
000000.000,0.0,0.0,0.0,0.0,22.625,3.0,955.6696,
000000.000,0.0,0.0,0.0,0.0,22.5625,3.0,955.6587,
000000.000,0.0,0.0,0.0,0.0,22.625,3.0,955.6733,
000000.000,0.0,0.0,0.0,0.0,22.5625,3.0,955.6262,
000000.000,0.0,0.0,0.0,0.0,22.5625,3.0,955.6738,
000000.000,0.0,0.0,0.0,0.0,22.5625,3.0,955.6593,
000000.000,0.0,0.0,0.0,0.0,22.5625,3.0,955.6208,
000000.000,0.0,0.0,0.0,0.0,22.5625,3.0,955.6143,
000000.000,0.0,0.0,0.0,0.0,22.5625,3.0,955.6308,
000000.000,0.0,0.0,0.0,0.0,22.5625,3.0,955.5942,
000000.000,0.0,0.0,0.0,0.0,22.5625,3.0,955.5857,
000000.000,0.0,0.0,0.0,0.0,22.5625,3.0,955.577,
000000.000,0.0,0.0,0.0,0.0,22.5625,3.0,955.5753,
000000.000,0.0,0.0,0.0,0.0,22.5625,3.0,955.5647,
000000.000,0.0,0.0,0.0,0.0,22.5625,3.0,955.5714,
000000.000,0.0,0.0,0.0,0.0,22.5625,3.0,955.5914,
000000.000,0.0,0.0,0.0,0.0,22.5625,3.0,955.5912,
000000.000,0.0,0.0,0.0,0.0,22.5625,3.0,955.5803,
000000.000,0.0,0.0,0.0,0.0,22.5625,3.0,955.5773,
000000.000,0.0,0.0,0.0,0.0,22.5625,3.0,955.5823,
000000.000,0.0,0.0,0.0,0.0,22.625,3.0,955.5699,
000000.000,0.0,0.0,0.0,0.0,22.5625,3.0,955.5903,
000000.000,0.0,0.0,0.0,0.0,22.5625,3.0,955.5921,
000000.000,0.0,0.0,0.0,0.0,22.5625,3.0,955.5697,
000000.000,0.0,0.0,0.0,0.0,22.625,3.0,955.5725,
000000.000,0.0,0.0,0.0,0.0,22.5625,3.0,955.5798,
000000.000,0.0,0.0,0.0,0.0,22.5625,3.0,955.5779,
000000.000,0.0,0.0,0.0,0.0,22.5625,3.0,955.584,
000000.000,0.0,0.0,0.0,0.0,22.625,3.0,955.6065,
000000.000,0.0,0.0,0.0,0.0,22.5625,3.0,955.5842,
000000.000,0.0,0.0,0.0,0.0,22.625,3.0,955.6144,
000000.000,0.0,0.0,0.0,0.0,22.5625,3.0,955.5803,
000000.000,0.0,0.0,0.0,0.0,22.625,3.0,955.5947,
000000.000,0.0,0.0,0.0,0.0,22.5625,3.0,955.6027,
000000.000,0.0,0.0,0.0,0.0,22.625,3.0,955.6067,
000000.000,0.0,0.0,0.0,0.0,22.5625,3.0,955.5988,
000000.000,0.0,0.0,0.0,0.0,22.5625,3.0,955.5671,
000000.000,0.0,0.0,0.0,0.0,22.5625,3.0,955.5832,
000000.000,0.0,0.0,0.0,0.0,22.5625,3.0,955.5975,
000000.000,0.0,0.0,0.0,0.0,22.5625,3.0,955.6033,
000000.000,0.0,0.0,0.0,0.0,22.625,3.0,955.6038,
000000.000,0.0,0.0,0.0,0.0,22.5625,3.0,955.5914,
000000.000,0.0,0.0,0.0,0.0,22.5625,3.0,955.5753,
000000.000,0.0,0.0,0.0,0.0,22.5625,3.0,955.5931,
000000.000,0.0,0.0,0.0,0.0,22.5625,3.0,955.6,
000000.000,0.0,0.0,0.0,0.0,22.5625,3.0,955.5831,
000000.000,0.0,0.0,0.0,0.0,22.5625,3.0,955.5672,
000000.000,0.0,0.0,0.0,0.0,22.5625,3.0,955.5525,
000000.000,0.0,0.0,0.0,0.0,22.5625,3.0,955.5402,
000000.000,0.0,0.0,0.0,0.0,22.5625,3.0,955.5584,
000000.000,0.0,0.0,0.0,0.0,22.5625,3.0,955.5492,
000000.000,0.0,0.0,0.0,0.0,22.5625,3.0,955.524,
000000.000,0.0,0.0,0.0,0.0,22.5625,3.0,955.5276,
000000.000,0.0,0.0,0.0,0.0,22.5625,3.0,955.5322,
000000.000,0.0,0.0,0.0,0.0,22.5625,3.0,955.5219,
000000.000,0.0,0.0,0.0,0.0,22.5625,3.0,955.5171,
000000.000,0.0,0.0,0.0,0.0,22.5625,3.0,955.5137,
000000.000,0.0,0.0,0.0,0.0,22.5625,3.0,955.5231,
000000.000,0.0,0.0,0.0,0.0,22.5625,3.0,955.496,
000000.000,0.0,0.0,0.0,0.0,22.5625,3.0,955.4427,
000000.000,0.0,0.0,0.0,0.0,22.5625,3.0,955.4467,
000000.000,0.0,0.0,0.0,0.0,22.5625,3.0,955.4548,
000000.000,0.0,0.0,0.0,0.0,22.5625,3.0,955.4336,
000000.000,0.0,0.0,0.0,0.0,22.5625,3.0,955.462,
000000.000,0.0,0.0,0.0,0.0,22.5625,3.0,955.433,
000000.000,0.0,0.0,0.0,0.0,22.5625,3.0,955.4623,
000000.000,0.0,0.0,0.0,0.0,22.5625,3.0,955.5048,
000000.000,0.0,0.0,0.0,0.0,22.5625,3.0,955.4763,
000000.000,0.0,0.0,0.0,0.0,22.5625,3.0,955.476,
000000.000,0.0,0.0,0.0,0.0,22.5625,3.0,955.4691,
000000.000,0.0,0.0,0.0,0.0,22.5625,3.0,955.4592,
000000.000,0.0,0.0,0.0,0.0,22.5625,3.0,955.4692,
000000.000,0.0,0.0,0.0,0.0,22.5625,3.0,955.4612,
000000.000,0.0,0.0,0.0,0.0,22.5625,3.0,955.4554,
000000.000,0.0,0.0,0.0,0.0,22.5625,3.0,955.4065,
000000.000,0.0,0.0,0.0,0.0,22.5625,3.0,955.4171,
000000.000,0.0,0.0,0.0,0.0,22.5625,3.0,955.4203,
000000.000,0.0,0.0,0.0,0.0,22.5625,3.0,955.3951,
000000.000,0.0,0.0,0.0,0.0,22.5625,3.0,955.4445,
000000.000,0.0,0.0,0.0,0.0,22.5625,3.0,955.4016,
000000.000,0.0,0.0,0.0,0.0,22.5625,3.0,955.4246,
000000.000,0.0,0.0,0.0,0.0,22.5625,3.0,955.4266,
000000.000,0.0,0.0,0.0,0.0,22.5625,3.0,955.4283,
000000.000,0.0,0.0,0.0,0.0,22.5625,3.0,955.425,
000000.000,0.0,0.0,0.0,0.0,22.5625,3.0,955.4526,
000000.000,0.0,0.0,0.0,0.0,22.5625,3.0,955.4356,
000000.000,0.0,0.0,0.0,0.0,22.5625,3.0,955.4254,
000000.000,0.0,0.0,0.0,0.0,22.5625,3.0,955.4529,
000000.000,0.0,0.0,0.0,0.0,22.5625,3.0,955.4261,
000000.000,0.0,0.0,0.0,0.0,22.5625,3.0,955.3876,
000000.000,0.0,0.0,0.0,0.0,22.5625,3.0,955.4042,
000000.000,0.0,0.0,0.0,0.0,22.5625,3.0,955.403,
000000.000,0.0,0.0,0.0,0.0,22.5625,3.0,955.4054,
000000.000,0.0,0.0,0.0,0.0,22.5625,3.0,955.3928,
000000.000,0.0,0.0,0.0,0.0,22.5625,3.0,955.3849,
000000.000,0.0,0.0,0.0,0.0,22.5625,3.0,955.4065,
000000.000,0.0,0.0,0.0,0.0,22.5625,3.0,955.3608,
000000.000,0.0,0.0,0.0,0.0,22.5625,3.0,955.3701,
000000.000,0.0,0.0,0.0,0.0,22.5,3.0,955.3784,
000000.000,0.0,0.0,0.0,0.0,22.5625,3.0,955.3849,
000000.000,0.0,0.0,0.0,0.0,22.5625,3.0,955.389,
000000.000,0.0,0.0,0.0,0.0,22.5625,3.0,955.3764,
000000.000,0.0,0.0,0.0,0.0,22.5625,3.0,955.3759,
000000.000,0.0,0.0,0.0,0.0,22.5625,3.0,955.3693,
000000.000,0.0,0.0,0.0,0.0,22.5625,3.0,955.3865,
000000.000,0.0,0.0,0.0,0.0,22.5625,3.0,955.368,
000000.000,0.0,0.0,0.0,0.0,22.5625,3.0,955.3701,
000000.000,0.0,0.0,0.0,0.0,22.5,3.0,955.3451,
000000.000,0.0,0.0,0.0,0.0,22.5625,3.0,955.3427,
000000.000,0.0,0.0,0.0,0.0,22.5625,3.0,955.3217,
000000.000,0.0,0.0,0.0,0.0,22.5625,3.0,955.3052,
000000.000,0.0,0.0,0.0,0.0,22.5625,3.0,955.3113,
000000.000,0.0,0.0,0.0,0.0,22.5,3.0,955.2802,
000000.000,0.0,0.0,0.0,0.0,22.5,3.0,955.2721,
000000.000,0.0,0.0,0.0,0.0,22.5625,3.0,955.2768,
000000.000,0.0,0.0,0.0,0.0,22.5625,3.0,955.2866,
000000.000,0.0,0.0,0.0,0.0,22.5,3.0,955.3248,
000000.000,0.0,0.0,0.0,0.0,22.5625,3.0,955.2918,
000000.000,0.0,0.0,0.0,0.0,22.5625,3.0,955.2933,
000000.000,0.0,0.0,0.0,0.0,22.5,3.0,955.2859,
000000.000,0.0,0.0,0.0,0.0,22.5625,3.0,955.2814,
000000.000,0.0,0.0,0.0,0.0,22.5,3.0,955.2878,
000000.000,0.0,0.0,0.0,0.0,22.5625,3.0,955.2952,
000000.000,0.0,0.0,0.0,0.0,22.5,3.0,955.3296,
000000.000,0.0,0.0,0.0,0.0,22.5625,3.0,955.2849,
000000.000,0.0,0.0,0.0,0.0,22.5625,3.0,955.2894,
000000.000,0.0,0.0,0.0,0.0,22.5625,3.0,955.291,
000000.000,0.0,0.0,0.0,0.0,22.5625,3.0,955.3003,
000000.000,0.0,0.0,0.0,0.0,22.5625,3.0,955.3218,
000000.000,0.0,0.0,0.0,0.0,22.5625,3.0,955.2673,
000000.000,0.0,0.0,0.0,0.0,22.5,3.0,955.3104,
000000.000,0.0,0.0,0.0,0.0,22.5625,3.0,955.2946,
000000.000,0.0,0.0,0.0,0.0,22.5625,3.0,955.3064,
000000.000,0.0,0.0,0.0,0.0,22.5625,3.0,955.2849,
000000.000,0.0,0.0,0.0,0.0,22.5625,3.0,955.2949,
000000.000,0.0,0.0,0.0,0.0,22.5625,3.0,955.3058,
000000.000,0.0,0.0,0.0,0.0,22.5625,3.0,955.2957,
000000.000,0.0,0.0,0.0,0.0,22.5625,3.0,955.2927,
000000.000,0.0,0.0,0.0,0.0,22.5,3.0,955.2972,
000000.000,0.0,0.0,0.0,0.0,22.5625,3.0,955.2401,
000000.000,0.0,0.0,0.0,0.0,22.5,3.0,955.2382,
000000.000,0.0,0.0,0.0,0.0,22.5,3.0,955.2681,
000000.000,0.0,0.0,0.0,0.0,22.5,3.0,955.226,
000000.000,0.0,0.0,0.0,0.0,22.5,3.0,955.2227,
000000.000,0.0,0.0,0.0,0.0,22.5,3.0,955.2316,
000000.000,0.0,0.0,0.0,0.0,22.5,3.0,955.2163,
000000.000,0.0,0.0,0.0,0.0,22.5,3.0,955.2424,
000000.000,0.0,0.0,0.0,0.0,22.5,3.0,955.2029,
000000.000,0.0,0.0,0.0,0.0,22.5,3.0,955.1827,
000000.000,0.0,0.0,0.0,0.0,22.5,3.0,955.2014,
000000.000,0.0,0.0,0.0,0.0,22.5,3.0,955.1891,
000000.000,0.0,0.0,0.0,0.0,22.5,3.0,955.1812,
000000.000,0.0,0.0,0.0,0.0,22.5,3.0,955.1799,
000000.000,0.0,0.0,0.0,0.0,22.5,3.0,955.1756,
000000.000,0.0,0.0,0.0,0.0,22.5,3.0,955.1828,
000000.000,0.0,0.0,0.0,0.0,22.5,3.0,955.1691,
000000.000,0.0,0.0,0.0,0.0,22.5625,3.0,955.1514,
000000.000,0.0,0.0,0.0,0.0,22.5,3.0,955.166,
000000.000,0.0,0.0,0.0,0.0,22.5,3.0,955.1732,
000000.000,0.0,0.0,0.0,0.0,22.5,3.0,955.1677,
000000.000,0.0,0.0,0.0,0.0,22.5,3.0,955.1831,
000000.000,0.0,0.0,0.0,0.0,22.5625,3.0,955.149,
000000.000,0.0,0.0,0.0,0.0,22.5,3.0,955.1296,
000000.000,0.0,0.0,0.0,0.0,22.5,3.0,955.1347,
000000.000,0.0,0.0,0.0,0.0,22.5625,3.0,955.1166,
000000.000,0.0,0.0,0.0,0.0,22.5,3.0,955.113,
000000.000,0.0,0.0,0.0,0.0,22.5,3.0,955.1479,
000000.000,0.0,0.0,0.0,0.0,22.5,3.0,955.1531,
000000.000,0.0,0.0,0.0,0.0,22.5,3.0,955.128,
000000.000,0.0,0.0,0.0,0.0,22.5,3.0,955.1656,
000000.000,0.0,0.0,0.0,0.0,22.5,3.0,955.1348,
000000.000,0.0,0.0,0.0,0.0,22.5625,3.0,955.1584,
000000.000,0.0,0.0,0.0,0.0,22.5,3.0,955.1408,
000000.000,0.0,0.0,0.0,0.0,22.5,3.0,955.1664,
000000.000,0.0,0.0,0.0,0.0,22.5,3.0,955.1456,
000000.000,0.0,0.0,0.0,0.0,22.5,3.0,955.1451,
000000.000,0.0,0.0,0.0,0.0,22.5,3.0,955.149,
000000.000,0.0,0.0,0.0,0.0,22.5,3.0,955.149,
000000.000,0.0,0.0,0.0,0.0,22.5,3.0,955.1353,
000000.000,0.0,0.0,0.0,0.0,22.5,3.0,955.1628,
000000.000,0.0,0.0,0.0,0.0,22.5,3.0,955.1601,
000000.000,0.0,0.0,0.0,0.0,22.5625,3.0,955.1627,
000000.000,0.0,0.0,0.0,0.0,22.5,3.0,955.158,
000000.000,0.0,0.0,0.0,0.0,22.5625,3.0,955.1877,
000000.000,0.0,0.0,0.0,0.0,22.5625,3.0,955.1719,
000000.000,0.0,0.0,0.0,0.0,22.5625,3.0,955.1855,
000000.000,0.0,0.0,0.0,0.0,22.5,3.0,955.2043,
000000.000,0.0,0.0,0.0,0.0,22.5625,3.0,955.2277,
000000.000,0.0,0.0,0.0,0.0,22.5625,3.0,955.1994,
000000.000,0.0,0.0,0.0,0.0,22.5,3.0,955.188,
000000.000,0.0,0.0,0.0,0.0,22.5625,3.0,955.1951,
000000.000,0.0,0.0,0.0,0.0,22.5625,3.0,955.18,
000000.000,0.0,0.0,0.0,0.0,22.5,3.0,955.2039,
000000.000,0.0,0.0,0.0,0.0,22.5625,3.0,955.1729,
000000.000,0.0,0.0,0.0,0.0,22.5,3.0,955.1704,
000000.000,0.0,0.0,0.0,0.0,22.5,3.0,955.1699,
000000.000,0.0,0.0,0.0,0.0,22.5,3.0,955.1549,
000000.000,0.0,0.0,0.0,0.0,22.5,3.0,955.1534,
000000.000,0.0,0.0,0.0,0.0,22.5,3.0,955.1404,
000000.000,0.0,0.0,0.0,0.0,22.5,3.0,955.1628,
000000.000,0.0,0.0,0.0,0.0,22.5,3.0,955.1428,
000000.000,0.0,0.0,0.0,0.0,22.5,3.0,955.1518,
000000.000,0.0,0.0,0.0,0.0,22.5,3.0,955.1552,
000000.000,0.0,0.0,0.0,0.0,22.5,3.0,955.1522,
000000.000,0.0,0.0,0.0,0.0,22.5,3.0,955.1563,
000000.000,0.0,0.0,0.0,0.0,22.5,3.0,955.1372,
000000.000,0.0,0.0,0.0,0.0,22.5,3.0,955.1362,
000000.000,0.0,0.0,0.0,0.0,22.5,3.0,955.1412,
000000.000,0.0,0.0,0.0,0.0,22.5,3.0,955.146,
000000.000,0.0,0.0,0.0,0.0,22.5,3.0,955.1443,
000000.000,0.0,0.0,0.0,0.0,22.5,3.0,955.1735,
000000.000,0.0,0.0,0.0,0.0,22.5,3.0,955.145,
000000.000,0.0,0.0,0.0,0.0,22.5,3.0,955.1404,
000000.000,0.0,0.0,0.0,0.0,22.5,3.0,955.1175,
000000.000,0.0,0.0,0.0,0.0,22.5,3.0,955.1104,
000000.000,0.0,0.0,0.0,0.0,22.5,3.0,955.1255,
000000.000,0.0,0.0,0.0,0.0,22.5,3.0,955.0921,
000000.000,0.0,0.0,0.0,0.0,22.5,3.0,955.1233,
000000.000,0.0,0.0,0.0,0.0,22.5,3.0,955.1301,
000000.000,0.0,0.0,0.0,0.0,22.5,3.0,955.1256,
000000.000,0.0,0.0,0.0,0.0,22.5,3.0,955.0988,
000000.000,0.0,0.0,0.0,0.0,22.5,3.0,955.1303,
000000.000,0.0,0.0,0.0,0.0,22.5,3.0,955.1384,
000000.000,0.0,0.0,0.0,0.0,22.5,3.0,955.1144,
000000.000,0.0,0.0,0.0,0.0,22.5625,3.0,955.1252,
000000.000,0.0,0.0,0.0,0.0,22.5625,3.0,955.1382,
000000.000,0.0,0.0,0.0,0.0,22.5625,3.0,955.1122,
000000.000,0.0,0.0,0.0,0.0,22.5625,3.0,955.1252,
000000.000,0.0,0.0,0.0,0.0,22.5625,3.0,955.1714,
000000.000,0.0,0.0,0.0,0.0,22.5625,3.0,955.1863,
000000.000,0.0,0.0,0.0,0.0,22.5625,3.0,955.1626,
000000.000,0.0,0.0,0.0,0.0,22.5625,3.0,955.1545,
000000.000,0.0,0.0,0.0,0.0,22.5625,3.0,955.1481,
000000.000,0.0,0.0,0.0,0.0,22.5625,3.0,955.1351,
000000.000,0.0,0.0,0.0,0.0,22.5625,3.0,955.1548,
000000.000,0.0,0.0,0.0,0.0,22.5625,3.0,955.1955,
000000.000,0.0,0.0,0.0,0.0,22.5625,3.0,955.1727,
000000.000,0.0,0.0,0.0,0.0,22.5625,3.0,955.1854,
000000.000,0.0,0.0,0.0,0.0,22.5625,3.0,955.2131,
000000.000,0.0,0.0,0.0,0.0,22.5625,3.0,955.1843,
000000.000,0.0,0.0,0.0,0.0,22.5625,3.0,955.1677,
000000.000,0.0,0.0,0.0,0.0,22.5625,3.0,955.1808,
000000.000,0.0,0.0,0.0,0.0,22.5625,3.0,955.1697,
000000.000,0.0,0.0,0.0,0.0,22.5625,3.0,955.1637,
000000.000,0.0,0.0,0.0,0.0,22.5625,3.0,955.1667,
000000.000,0.0,0.0,0.0,0.0,22.5625,3.0,955.1411,
000000.000,0.0,0.0,0.0,0.0,22.5,3.0,955.1454,
000000.000,0.0,0.0,0.0,0.0,22.5625,3.0,955.1235,
000000.000,0.0,0.0,0.0,0.0,22.5,3.0,955.101,
000000.000,0.0,0.0,0.0,0.0,22.5,3.0,955.0828,
000000.000,0.0,0.0,0.0,0.0,22.5,3.0,955.1069,
000000.000,0.0,0.0,0.0,0.0,22.5625,3.0,955.082,
000000.000,0.0,0.0,0.0,0.0,22.5,3.0,955.0692,
000000.000,0.0,0.0,0.0,0.0,22.5,3.0,955.0809,
000000.000,0.0,0.0,0.0,0.0,22.5,3.0,955.0652,
000000.000,0.0,0.0,0.0,0.0,22.5,3.0,955.0792,
000000.000,0.0,0.0,0.0,0.0,22.5,3.0,955.0559,
000000.000,0.0,0.0,0.0,0.0,22.5,3.0,955.0792,
000000.000,0.0,0.0,0.0,0.0,22.5,3.0,955.0652,
000000.000,0.0,0.0,0.0,0.0,22.5,3.0,955.0563,
000000.000,0.0,0.0,0.0,0.0,22.5,3.0,955.0621,
000000.000,0.0,0.0,0.0,0.0,22.5,3.0,955.0554,
000000.000,0.0,0.0,0.0,0.0,22.5,3.0,955.0276,
000000.000,0.0,0.0,0.0,0.0,22.5,3.0,955.0405,
000000.000,0.0,0.0,0.0,0.0,22.5,3.0,955.0471,
000000.000,0.0,0.0,0.0,0.0,22.5,3.0,955.0003,
000000.000,0.0,0.0,0.0,0.0,22.5,3.0,955.004,
000000.000,0.0,0.0,0.0,0.0,22.4375,3.0,954.9951,
000000.000,0.0,0.0,0.0,0.0,22.5,3.0,955.0012,
000000.000,0.0,0.0,0.0,0.0,22.5,3.0,955.0012,
000000.000,0.0,0.0,0.0,0.0,22.5,3.0,954.9813,
000000.000,0.0,0.0,0.0,0.0,22.5,3.0,954.9861,
000000.000,0.0,0.0,0.0,0.0,22.5,3.0,954.9651,
000000.000,0.0,0.0,0.0,0.0,22.5,3.0,954.9802,
000000.000,0.0,0.0,0.0,0.0,22.5,3.0,954.9899,
000000.000,0.0,0.0,0.0,0.0,22.5,3.0,954.9882,
000000.000,0.0,0.0,0.0,0.0,22.5,3.0,954.9974,
000000.000,0.0,0.0,0.0,0.0,22.5,3.0,955.0056,
000000.000,0.0,0.0,0.0,0.0,22.5,3.0,954.9946,
000000.000,0.0,0.0,0.0,0.0,22.5,3.0,955.0027,
000000.000,0.0,0.0,0.0,0.0,22.5,3.0,955.0115,
000000.000,0.0,0.0,0.0,0.0,22.5,3.0,955.0083,
000000.000,0.0,0.0,0.0,0.0,22.5,3.0,955.0065,
000000.000,0.0,0.0,0.0,0.0,22.5,3.0,955.0159,
000000.000,0.0,0.0,0.0,0.0,22.5,3.0,955.0539,
000000.000,0.0,0.0,0.0,0.0,22.5,3.0,955.0121,
000000.000,0.0,0.0,0.0,0.0,22.5,3.0,955.0286,
000000.000,0.0,0.0,0.0,0.0,22.5,3.0,955.0513,
000000.000,0.0,0.0,0.0,0.0,22.5,3.0,955.0226,
000000.000,0.0,0.0,0.0,0.0,22.5,3.0,955.0316,
000000.000,0.0,0.0,0.0,0.0,22.5,3.0,955.0022,
000000.000,0.0,0.0,0.0,0.0,22.5,3.0,955.0058,
000000.000,0.0,0.0,0.0,0.0,22.5,3.0,954.9861,
000000.000,0.0,0.0,0.0,0.0,22.5,3.0,954.9586,
000000.000,0.0,0.0,0.0,0.0,22.5,3.0,954.9459,
000000.000,0.0,0.0,0.0,0.0,22.5,3.0,954.9407,
000000.000,0.0,0.0,0.0,0.0,22.4375,3.0,954.9481,
000000.000,0.0,0.0,0.0,0.0,22.5,3.0,954.9205,
000000.000,0.0,0.0,0.0,0.0,22.5,3.0,954.9016,
000000.000,0.0,0.0,0.0,0.0,22.5,3.0,954.879,
000000.000,0.0,0.0,0.0,0.0,22.5,3.0,954.8928,
000000.000,0.0,0.0,0.0,0.0,22.4375,3.0,954.8613,
000000.000,0.0,0.0,0.0,0.0,22.4375,3.0,954.8655,
000000.000,0.0,0.0,0.0,0.0,22.4375,3.0,954.8321,
000000.000,0.0,0.0,0.0,0.0,22.4375,3.0,954.8142,
000000.000,0.0,0.0,0.0,0.0,22.4375,3.0,954.8371,
000000.000,0.0,0.0,0.0,0.0,22.4375,3.0,954.8414,
000000.000,0.0,0.0,0.0,0.0,22.5,3.0,954.8233,
000000.000,0.0,0.0,0.0,0.0,22.4375,3.0,954.8044,
000000.000,0.0,0.0,0.0,0.0,22.4375,3.0,954.8246,
000000.000,0.0,0.0,0.0,0.0,22.5,3.0,954.8212,
000000.000,0.0,0.0,0.0,0.0,22.5,3.0,954.8481,
000000.000,0.0,0.0,0.0,0.0,22.5,3.0,954.8533,
000000.000,0.0,0.0,0.0,0.0,22.5,3.0,954.873,
000000.000,0.0,0.0,0.0,0.0,22.5,3.0,954.8859,
000000.000,0.0,0.0,0.0,0.0,22.5,3.0,954.8437,
000000.000,0.0,0.0,0.0,0.0,22.5,3.0,954.8563,
000000.000,0.0,0.0,0.0,0.0,22.5,3.0,954.8766,
000000.000,0.0,0.0,0.0,0.0,22.5,3.0,954.8474,
000000.000,0.0,0.0,0.0,0.0,22.5,3.0,954.8386,
000000.000,0.0,0.0,0.0,0.0,22.5,3.0,954.8683,
000000.000,0.0,0.0,0.0,0.0,22.5,3.0,954.8461,
000000.000,0.0,0.0,0.0,0.0,22.4375,3.0,954.8285,
000000.000,0.0,0.0,0.0,0.0,22.4375,3.0,954.8275,
000000.000,0.0,0.0,0.0,0.0,22.5,3.0,954.8278,
000000.000,0.0,0.0,0.0,0.0,22.5,3.0,954.867,
000000.000,0.0,0.0,0.0,0.0,22.5,3.0,954.8475,
000000.000,0.0,0.0,0.0,0.0,22.5,3.0,954.8367,
000000.000,0.0,0.0,0.0,0.0,22.5,3.0,954.8406,
000000.000,0.0,0.0,0.0,0.0,22.5,3.0,954.8619,
000000.000,0.0,0.0,0.0,0.0,22.5,3.0,954.8736,
000000.000,0.0,0.0,0.0,0.0,22.5,3.0,954.8671,
000000.000,0.0,0.0,0.0,0.0,22.5,3.0,954.8984,
000000.000,0.0,0.0,0.0,0.0,22.5,3.0,954.8992,
000000.000,0.0,0.0,0.0,0.0,22.5,3.0,954.8979,
000000.000,0.0,0.0,0.0,0.0,22.5,3.0,954.8741,
000000.000,0.0,0.0,0.0,0.0,22.5,3.0,954.9085,
000000.000,0.0,0.0,0.0,0.0,22.5,3.0,954.9334,
000000.000,0.0,0.0,0.0,0.0,22.5,3.0,954.9155,
000000.000,0.0,0.0,0.0,0.0,22.5,3.0,954.9422,
000000.000,0.0,0.0,0.0,0.0,22.5,3.0,954.954,
000000.000,0.0,0.0,0.0,0.0,22.5,3.0,954.9624,
000000.000,0.0,0.0,0.0,0.0,22.5625,3.0,954.9557,
000000.000,0.0,0.0,0.0,0.0,22.5,3.0,954.9367,
000000.000,0.0,0.0,0.0,0.0,22.5,3.0,954.9581,
000000.000,0.0,0.0,0.0,0.0,22.5,3.0,954.9961,
000000.000,0.0,0.0,0.0,0.0,22.5,3.0,954.9485,
000000.000,0.0,0.0,0.0,0.0,22.5,3.0,954.9568,
000000.000,0.0,0.0,0.0,0.0,22.5,3.0,954.9609,
000000.000,0.0,0.0,0.0,0.0,22.5,3.0,954.9182,
000000.000,0.0,0.0,0.0,0.0,22.5,3.0,954.9449,
000000.000,0.0,0.0,0.0,0.0,22.5,3.0,954.9501,
000000.000,0.0,0.0,0.0,0.0,22.5,3.0,954.9511,
000000.000,0.0,0.0,0.0,0.0,22.5,3.0,954.9507,
000000.000,0.0,0.0,0.0,0.0,22.5,3.0,954.9645,
000000.000,0.0,0.0,0.0,0.0,22.5,3.0,954.9773,
000000.000,0.0,0.0,0.0,0.0,22.5,3.0,954.9487,
000000.000,0.0,0.0,0.0,0.0,22.5,3.0,954.957,
000000.000,0.0,0.0,0.0,0.0,22.5,3.0,954.952,
000000.000,0.0,0.0,0.0,0.0,22.5,3.0,954.9407,
000000.000,0.0,0.0,0.0,0.0,22.5,3.0,954.9451,
000000.000,0.0,0.0,0.0,0.0,22.5,3.0,954.9673,
000000.000,0.0,0.0,0.0,0.0,22.5,3.0,954.9533,
000000.000,0.0,0.0,0.0,0.0,22.5,3.0,954.9115,
000000.000,0.0,0.0,0.0,0.0,22.5,3.0,954.8959,
000000.000,0.0,0.0,0.0,0.0,22.5,3.0,954.9116,
000000.000,0.0,0.0,0.0,0.0,22.5,3.0,954.9119,
000000.000,0.0,0.0,0.0,0.0,22.5,3.0,954.8996,
000000.000,0.0,0.0,0.0,0.0,22.5,3.0,954.9003,
000000.000,0.0,0.0,0.0,0.0,22.5,3.0,954.8987,
000000.000,0.0,0.0,0.0,0.0,22.5,3.0,954.923,
000000.000,0.0,0.0,0.0,0.0,22.5,3.0,954.9246,
000000.000,0.0,0.0,0.0,0.0,22.5,3.0,954.9247,
000000.000,0.0,0.0,0.0,0.0,22.5,3.0,954.9124,
000000.000,0.0,0.0,0.0,0.0,22.5,3.0,954.8676,
000000.000,0.0,0.0,0.0,0.0,22.5,3.0,954.8925,
000000.000,0.0,0.0,0.0,0.0,22.5,3.0,954.8909,
000000.000,0.0,0.0,0.0,0.0,22.5,3.0,954.8508,
000000.000,0.0,0.0,0.0,0.0,22.5,3.0,954.8883,
000000.000,0.0,0.0,0.0,0.0,22.5,3.0,954.8743,
000000.000,0.0,0.0,0.0,0.0,22.5,3.0,954.9001,
000000.000,0.0,0.0,0.0,0.0,22.5,3.0,954.9139,
000000.000,0.0,0.0,0.0,0.0,22.5,3.0,954.8904,
000000.000,0.0,0.0,0.0,0.0,22.5,3.0,954.9122,
000000.000,0.0,0.0,0.0,0.0,22.5,3.0,954.8862,
000000.000,0.0,0.0,0.0,0.0,22.5,3.0,954.9094,
000000.000,0.0,0.0,0.0,0.0,22.5,3.0,954.8717,
000000.000,0.0,0.0,0.0,0.0,22.5,3.0,954.863,
000000.000,0.0,0.0,0.0,0.0,22.5,3.0,954.8785,
000000.000,0.0,0.0,0.0,0.0,22.5,3.0,954.864,
000000.000,0.0,0.0,0.0,0.0,22.5,3.0,954.8538,
000000.000,0.0,0.0,0.0,0.0,22.5,3.0,954.8878,
000000.000,0.0,0.0,0.0,0.0,22.5,3.0,954.9034,
000000.000,0.0,0.0,0.0,0.0,22.5,3.0,954.9188,
000000.000,0.0,0.0,0.0,0.0,22.5,3.0,954.9623,
000000.000,0.0,0.0,0.0,0.0,22.5,3.0,954.9489,
000000.000,0.0,0.0,0.0,0.0,22.5,3.0,954.9579,
000000.000,0.0,0.0,0.0,0.0,22.5,3.0,954.9894,
000000.000,0.0,0.0,0.0,0.0,22.5625,3.0,954.9606,
000000.000,0.0,0.0,0.0,0.0,22.5,3.0,954.9902,
000000.000,0.0,0.0,0.0,0.0,22.5,3.0,954.9894,
000000.000,0.0,0.0,0.0,0.0,22.5625,3.0,954.9774,
000000.000,0.0,0.0,0.0,0.0,22.5625,3.0,954.9869,
000000.000,0.0,0.0,0.0,0.0,22.5625,3.0,955.0073,
000000.000,0.0,0.0,0.0,0.0,22.5,3.0,955.0031,
000000.000,0.0,0.0,0.0,0.0,22.5625,3.0,955.0196,
000000.000,0.0,0.0,0.0,0.0,22.5625,3.0,955.0235,
000000.000,0.0,0.0,0.0,0.0,22.5625,3.0,955.053,
000000.000,0.0,0.0,0.0,0.0,22.5625,3.0,955.0622,
000000.000,0.0,0.0,0.0,0.0,22.5625,3.0,955.0449,
000000.000,0.0,0.0,0.0,0.0,22.5625,3.0,955.0742,
000000.000,0.0,0.0,0.0,0.0,22.5625,3.0,955.0659,
000000.000,0.0,0.0,0.0,0.0,22.5625,3.0,955.0885,
000000.000,0.0,0.0,0.0,0.0,22.5625,3.0,955.1287,
000000.000,0.0,0.0,0.0,0.0,22.5,3.0,955.1014,
000000.000,0.0,0.0,0.0,0.0,22.5625,3.0,955.1014,
000000.000,0.0,0.0,0.0,0.0,22.5625,3.0,955.0966,
000000.000,0.0,0.0,0.0,0.0,22.5625,3.0,955.106,
000000.000,0.0,0.0,0.0,0.0,22.5625,3.0,955.1086,
000000.000,0.0,0.0,0.0,0.0,22.5625,3.0,955.0301,
000000.000,0.0,0.0,0.0,0.0,22.5,3.0,955.046,
000000.000,0.0,0.0,0.0,0.0,22.5,3.0,955.0164,
000000.000,0.0,0.0,0.0,0.0,22.5625,3.0,955.0131,
000000.000,0.0,0.0,0.0,0.0,22.5,3.0,955.0135,
000000.000,0.0,0.0,0.0,0.0,22.5,3.0,955.0028,
000000.000,0.0,0.0,0.0,0.0,22.5,3.0,955.032,
000000.000,0.0,0.0,0.0,0.0,22.5,3.0,955.026,
000000.000,0.0,0.0,0.0,0.0,22.5,3.0,954.9829,
000000.000,0.0,0.0,0.0,0.0,22.5,3.0,954.9977,
000000.000,0.0,0.0,0.0,0.0,22.5,3.0,954.9847,
000000.000,0.0,0.0,0.0,0.0,22.5,3.0,955.007,
000000.000,0.0,0.0,0.0,0.0,22.5625,3.0,955.0162,
000000.000,0.0,0.0,0.0,0.0,22.5,3.0,955.0164,
000000.000,0.0,0.0,0.0,0.0,22.5,3.0,955.0106,
000000.000,0.0,0.0,0.0,0.0,22.5,3.0,955.0261,
000000.000,0.0,0.0,0.0,0.0,22.5,3.0,955.0541,
000000.000,0.0,0.0,0.0,0.0,22.5,3.0,955.0722,
000000.000,0.0,0.0,0.0,0.0,22.5,3.0,955.0613,
000000.000,0.0,0.0,0.0,0.0,22.5625,3.0,955.0792,
000000.000,0.0,0.0,0.0,0.0,22.5625,3.0,955.073,
000000.000,0.0,0.0,0.0,0.0,22.5625,3.0,955.0516,
000000.000,0.0,0.0,0.0,0.0,22.5625,3.0,955.0516,
000000.000,0.0,0.0,0.0,0.0,22.5625,3.0,955.0781,
000000.000,0.0,0.0,0.0,0.0,22.5625,3.0,955.1296,
000000.000,0.0,0.0,0.0,0.0,22.5625,3.0,955.0663,
000000.000,0.0,0.0,0.0,0.0,22.5625,3.0,955.0374,
000000.000,0.0,0.0,0.0,0.0,22.5625,3.0,955.0246,
000000.000,0.0,0.0,0.0,0.0,22.5625,3.0,954.9843,
000000.000,0.0,0.0,0.0,0.0,22.5625,3.0,954.9553,
000000.000,0.0,0.0,0.0,0.0,22.5625,3.0,954.9001,
000000.000,0.0,0.0,0.0,0.0,22.5625,3.0,954.824,
000000.000,0.0,0.0,0.0,0.0,22.5625,3.0,954.7932,
000000.000,0.0,0.0,0.0,0.0,22.5625,3.0,954.8013,
000000.000,0.0,0.0,0.0,0.0,22.5625,3.0,954.8076,
000000.000,0.0,0.0,0.0,0.0,22.5625,3.0,954.8013,
000000.000,0.0,0.0,0.0,0.0,22.5625,3.0,954.8148,
000000.000,0.0,0.0,0.0,0.0,22.5625,3.0,954.8192,
000000.000,0.0,0.0,0.0,0.0,22.5625,3.0,954.8162,
000000.000,0.0,0.0,0.0,0.0,22.5625,3.0,954.8563,
000000.000,0.0,0.0,0.0,0.0,22.5625,3.0,954.85,
000000.000,0.0,0.0,0.0,0.0,22.5625,3.0,954.8588,
000000.000,0.0,0.0,0.0,0.0,22.5625,3.0,954.8724,
000000.000,0.0,0.0,0.0,0.0,22.5625,3.0,954.8628,
000000.000,0.0,0.0,0.0,0.0,22.5625,3.0,954.8842,
000000.000,0.0,0.0,0.0,0.0,22.5625,3.0,954.923,
000000.000,0.0,0.0,0.0,0.0,22.5625,3.0,954.9113,
000000.000,0.0,0.0,0.0,0.0,22.5625,3.0,954.9137,
000000.000,0.0,0.0,0.0,0.0,22.5625,3.0,954.9941,
000000.000,0.0,0.0,0.0,0.0,22.5625,3.0,955.0393,
000000.000,0.0,0.0,0.0,0.0,22.5625,3.0,955.0901,
000000.000,0.0,0.0,0.0,0.0,22.5625,3.0,955.129,
000000.000,0.0,0.0,0.0,0.0,22.5625,3.0,955.1426,
000000.000,0.0,0.0,0.0,0.0,22.5625,3.0,955.1708,
000000.000,0.0,0.0,0.0,0.0,22.5625,3.0,955.1926,
000000.000,0.0,0.0,0.0,0.0,22.5625,3.0,955.2075,
000000.000,0.0,0.0,0.0,0.0,22.5625,3.0,955.2598,
000000.000,0.0,0.0,0.0,0.0,22.625,3.0,955.2623,
000000.000,0.0,0.0,0.0,0.0,22.625,3.0,955.2978,
000000.000,0.0,0.0,0.0,0.0,22.5625,3.0,955.2817,
000000.000,0.0,0.0,0.0,0.0,22.5625,3.0,955.3309,
000000.000,0.0,0.0,0.0,0.0,22.625,3.0,955.3361,
000000.000,0.0,0.0,0.0,0.0,22.625,3.0,955.3494,
000000.000,0.0,0.0,0.0,0.0,22.5625,3.0,955.3996,
000000.000,0.0,0.0,0.0,0.0,22.625,3.0,955.4026,
000000.000,0.0,0.0,0.0,0.0,22.625,3.0,955.4123,
000000.000,0.0,0.0,0.0,0.0,22.625,3.0,955.4316,
000000.000,0.0,0.0,0.0,0.0,22.625,3.0,955.4606,
000000.000,0.0,0.0,0.0,0.0,22.625,3.0,955.4766,
000000.000,0.0,0.0,0.0,0.0,22.625,3.0,955.4936,
000000.000,0.0,0.0,0.0,0.0,22.625,3.0,955.5004,
000000.000,0.0,0.0,0.0,0.0,22.625,3.0,955.51,
000000.000,0.0,0.0,0.0,0.0,22.625,3.0,955.5297,
000000.000,0.0,0.0,0.0,0.0,22.625,3.0,955.532,
000000.000,0.0,0.0,0.0,0.0,22.625,3.0,955.5489,
000000.000,0.0,0.0,0.0,0.0,22.5625,3.0,955.534,
000000.000,0.0,0.0,0.0,0.0,22.625,3.0,955.5388,
000000.000,0.0,0.0,0.0,0.0,22.5625,3.0,955.5245,
000000.000,0.0,0.0,0.0,0.0,22.5625,3.0,955.4822,
000000.000,0.0,0.0,0.0,0.0,22.5625,3.0,955.528,
000000.000,0.0,0.0,0.0,0.0,22.5625,3.0,955.4908,
000000.000,0.0,0.0,0.0,0.0,22.5625,3.0,955.4824,
000000.000,0.0,0.0,0.0,0.0,22.5625,3.0,955.5095,
000000.000,0.0,0.0,0.0,0.0,22.5625,3.0,955.5344,
000000.000,0.0,0.0,0.0,0.0,22.625,3.0,955.5184,
000000.000,0.0,0.0,0.0,0.0,22.5625,3.0,955.5454,
000000.000,0.0,0.0,0.0,0.0,22.5625,3.0,955.5208,
000000.000,0.0,0.0,0.0,0.0,22.5625,3.0,955.5165,
000000.000,0.0,0.0,0.0,0.0,22.625,3.0,955.5557,
000000.000,0.0,0.0,0.0,0.0,22.625,3.0,955.5597,
000000.000,0.0,0.0,0.0,0.0,22.625,3.0,955.555,
000000.000,0.0,0.0,0.0,0.0,22.625,3.0,955.57,
000000.000,0.0,0.0,0.0,0.0,22.625,3.0,955.5864,
000000.000,0.0,0.0,0.0,0.0,22.5625,3.0,955.5753,
000000.000,0.0,0.0,0.0,0.0,22.625,3.0,955.6067,
000000.000,0.0,0.0,0.0,0.0,22.5625,3.0,955.5984,
000000.000,0.0,0.0,0.0,0.0,22.5625,3.0,955.5916,
000000.000,0.0,0.0,0.0,0.0,22.5625,3.0,955.6097,
000000.000,0.0,0.0,0.0,0.0,22.5625,3.0,955.5812,
000000.000,0.0,0.0,0.0,0.0,22.5625,3.0,955.5824,
000000.000,0.0,0.0,0.0,0.0,22.5625,3.0,955.5956,
000000.000,0.0,0.0,0.0,0.0,22.5625,3.0,955.5696,
000000.000,0.0,0.0,0.0,0.0,22.5625,3.0,955.5735,
000000.000,0.0,0.0,0.0,0.0,22.5625,3.0,955.5853,
000000.000,0.0,0.0,0.0,0.0,22.5625,3.0,955.6154,
000000.000,0.0,0.0,0.0,0.0,22.5625,3.0,955.5767,
000000.000,0.0,0.0,0.0,0.0,22.5625,3.0,955.6003,
000000.000,0.0,0.0,0.0,0.0,22.5625,3.0,955.5496,
000000.000,0.0,0.0,0.0,0.0,22.5625,3.0,955.5544,
000000.000,0.0,0.0,0.0,0.0,22.625,3.0,955.5723,
000000.000,0.0,0.0,0.0,0.0,22.625,3.0,955.582,
000000.000,0.0,0.0,0.0,0.0,22.625,3.0,955.6111,
000000.000,0.0,0.0,0.0,0.0,22.625,3.0,955.6312,
000000.000,0.0,0.0,0.0,0.0,22.625,3.0,955.6578,
000000.000,0.0,0.0,0.0,0.0,22.625,3.0,955.6539,
000000.000,0.0,0.0,0.0,0.0,22.625,3.0,955.6843,
000000.000,0.0,0.0,0.0,0.0,22.625,3.0,955.7394,
000000.000,0.0,0.0,0.0,0.0,22.625,3.0,955.7214,
000000.000,0.0,0.0,0.0,0.0,22.625,3.0,955.7395,
000000.000,0.0,0.0,0.0,0.0,22.625,3.0,955.7584,
000000.000,0.0,0.0,0.0,0.0,22.625,3.0,955.7587,
000000.000,0.0,0.0,0.0,0.0,22.625,3.0,955.7665,
000000.000,0.0,0.0,0.0,0.0,22.625,3.0,955.7374,
000000.000,0.0,0.0,0.0,0.0,22.625,3.0,955.7394,
000000.000,0.0,0.0,0.0,0.0,22.625,3.0,955.8069,
000000.000,0.0,0.0,0.0,0.0,22.625,3.0,955.7766,
000000.000,0.0,0.0,0.0,0.0,22.625,3.0,955.7834,
000000.000,0.0,0.0,0.0,0.0,22.625,3.0,955.7841,
000000.000,0.0,0.0,0.0,0.0,22.625,3.0,955.7784,
000000.000,0.0,0.0,0.0,0.0,22.625,3.0,955.8043,
000000.000,0.0,0.0,0.0,0.0,22.625,3.0,955.8163,
000000.000,0.0,0.0,0.0,0.0,22.625,3.0,955.8146,
000000.000,0.0,0.0,0.0,0.0,22.625,3.0,955.8145,
000000.000,0.0,0.0,0.0,0.0,22.625,3.0,955.8373,
000000.000,0.0,0.0,0.0,0.0,22.625,3.0,955.8068,
000000.000,0.0,0.0,0.0,0.0,22.625,3.0,955.7877,
000000.000,0.0,0.0,0.0,0.0,22.625,3.0,955.8083,
000000.000,0.0,0.0,0.0,0.0,22.625,3.0,955.8016,
000000.000,0.0,0.0,0.0,0.0,22.625,3.0,955.7937,
000000.000,0.0,0.0,0.0,0.0,22.625,3.0,955.8306,
000000.000,0.0,0.0,0.0,0.0,22.625,3.0,955.8148,
000000.000,0.0,0.0,0.0,0.0,22.625,3.0,955.7863,
000000.000,0.0,0.0,0.0,0.0,22.625,3.0,955.8064,
000000.000,0.0,0.0,0.0,0.0,22.625,3.0,955.7883,
000000.000,0.0,0.0,0.0,0.0,22.625,3.0,955.8106,
000000.000,0.0,0.0,0.0,0.0,22.625,3.0,955.8173,
000000.000,0.0,0.0,0.0,0.0,22.625,3.0,955.8664,
000000.000,0.0,0.0,0.0,0.0,22.625,3.0,955.8608,
000000.000,0.0,0.0,0.0,0.0,22.625,3.0,955.8494,
000000.000,0.0,0.0,0.0,0.0,22.625,3.0,955.8897,
000000.000,0.0,0.0,0.0,0.0,22.625,3.0,955.8726,
000000.000,0.0,0.0,0.0,0.0,22.625,3.0,955.9126,
000000.000,0.0,0.0,0.0,0.0,22.625,3.0,955.8857,
000000.000,0.0,0.0,0.0,0.0,22.625,3.0,955.9205,
000000.000,0.0,0.0,0.0,0.0,22.625,3.0,955.9336,
000000.000,0.0,0.0,0.0,0.0,22.625,3.0,955.9524,
000000.000,0.0,0.0,0.0,0.0,22.625,3.0,955.9725,
000000.000,0.0,0.0,0.0,0.0,22.625,3.0,955.9695,
000000.000,0.0,0.0,0.0,0.0,22.625,3.0,955.9647,
000000.000,0.0,0.0,0.0,0.0,22.6875,3.0,955.9779,
000000.000,0.0,0.0,0.0,0.0,22.625,3.0,955.9682,
000000.000,0.0,0.0,0.0,0.0,22.6875,3.0,955.9821,
000000.000,0.0,0.0,0.0,0.0,22.625,3.0,955.996,
000000.000,0.0,0.0,0.0,0.0,22.625,3.0,955.9963,
000000.000,0.0,0.0,0.0,0.0,22.625,3.0,955.9888,
000000.000,0.0,0.0,0.0,0.0,22.625,3.0,956.0136,
000000.000,0.0,0.0,0.0,0.0,22.6875,3.0,955.9927,
000000.000,0.0,0.0,0.0,0.0,22.6875,3.0,955.9977,
000000.000,0.0,0.0,0.0,0.0,22.6875,3.0,956.0186,
000000.000,0.0,0.0,0.0,0.0,22.6875,3.0,956.0095,
000000.000,0.0,0.0,0.0,0.0,22.6875,3.0,956.0106,
000000.000,0.0,0.0,0.0,0.0,22.625,3.0,956.0034,
000000.000,0.0,0.0,0.0,0.0,22.6875,3.0,955.9897,
000000.000,0.0,0.0,0.0,0.0,22.625,3.0,956.0123,
000000.000,0.0,0.0,0.0,0.0,22.625,3.0,955.9881,
000000.000,0.0,0.0,0.0,0.0,22.625,3.0,955.9955,
000000.000,0.0,0.0,0.0,0.0,22.625,3.0,955.985,
000000.000,0.0,0.0,0.0,0.0,22.625,3.0,955.9881,
000000.000,0.0,0.0,0.0,0.0,22.625,3.0,955.9713,
000000.000,0.0,0.0,0.0,0.0,22.625,3.0,955.9437,
000000.000,0.0,0.0,0.0,0.0,22.625,3.0,955.9142,
000000.000,0.0,0.0,0.0,0.0,22.625,3.0,955.8917,
000000.000,0.0,0.0,0.0,0.0,22.625,3.0,955.8702,
000000.000,0.0,0.0,0.0,0.0,22.625,3.0,955.8799,
000000.000,0.0,0.0,0.0,0.0,22.5625,3.0,955.8541,
000000.000,0.0,0.0,0.0,0.0,22.625,3.0,955.8546,
000000.000,0.0,0.0,0.0,0.0,22.625,3.0,955.8562,
000000.000,0.0,0.0,0.0,0.0,22.625,3.0,955.8621,
000000.000,0.0,0.0,0.0,0.0,22.625,3.0,955.8767,
000000.000,0.0,0.0,0.0,0.0,22.625,3.0,955.8414,
000000.000,0.0,0.0,0.0,0.0,22.625,3.0,955.8489,
000000.000,0.0,0.0,0.0,0.0,22.625,3.0,955.846,
000000.000,0.0,0.0,0.0,0.0,22.5625,3.0,955.8363,
000000.000,0.0,0.0,0.0,0.0,22.625,3.0,955.8293,
000000.000,0.0,0.0,0.0,0.0,22.625,3.0,955.7951,
000000.000,0.0,0.0,0.0,0.0,22.625,3.0,955.8122,
000000.000,0.0,0.0,0.0,0.0,22.625,3.0,955.8212,
000000.000,0.0,0.0,0.0,0.0,22.625,3.0,955.8208,
000000.000,0.0,0.0,0.0,0.0,22.625,3.0,955.7894,
000000.000,0.0,0.0,0.0,0.0,22.625,3.0,955.7783,
000000.000,0.0,0.0,0.0,0.0,22.5625,3.0,955.7447,
000000.000,0.0,0.0,0.0,0.0,22.625,3.0,955.7565,
000000.000,0.0,0.0,0.0,0.0,22.5625,3.0,955.7542,
000000.000,0.0,0.0,0.0,0.0,22.5625,3.0,955.7587,
000000.000,0.0,0.0,0.0,0.0,22.625,3.0,955.7634,
000000.000,0.0,0.0,0.0,0.0,22.625,3.0,955.772,
000000.000,0.0,0.0,0.0,0.0,22.5625,3.0,955.7617,
000000.000,0.0,0.0,0.0,0.0,22.625,3.0,955.7491,
000000.000,0.0,0.0,0.0,0.0,22.625,3.0,955.7598,
000000.000,0.0,0.0,0.0,0.0,22.625,3.0,955.7489,
000000.000,0.0,0.0,0.0,0.0,22.5625,3.0,955.7506,
000000.000,0.0,0.0,0.0,0.0,22.625,3.0,955.7219,
000000.000,0.0,0.0,0.0,0.0,22.5625,3.0,955.7036,
000000.000,0.0,0.0,0.0,0.0,22.5625,3.0,955.7269,
000000.000,0.0,0.0,0.0,0.0,22.5625,3.0,955.7015,
000000.000,0.0,0.0,0.0,0.0,22.5625,3.0,955.719,
000000.000,0.0,0.0,0.0,0.0,22.5625,3.0,955.7166,
000000.000,0.0,0.0,0.0,0.0,22.5625,3.0,955.6826,
000000.000,0.0,0.0,0.0,0.0,22.5625,3.0,955.6819,
000000.000,0.0,0.0,0.0,0.0,22.625,3.0,955.6919,
000000.000,0.0,0.0,0.0,0.0,22.5625,3.0,955.6667,
000000.000,0.0,0.0,0.0,0.0,22.5625,3.0,955.671,
000000.000,0.0,0.0,0.0,0.0,22.5625,3.0,955.6711,
000000.000,0.0,0.0,0.0,0.0,22.5625,3.0,955.6672,
000000.000,0.0,0.0,0.0,0.0,22.625,3.0,955.659,
000000.000,0.0,0.0,0.0,0.0,22.5625,3.0,955.6548,
000000.000,0.0,0.0,0.0,0.0,22.5625,3.0,955.6397,
000000.000,0.0,0.0,0.0,0.0,22.5625,3.0,955.6394,
000000.000,0.0,0.0,0.0,0.0,22.5625,3.0,955.6368,
000000.000,0.0,0.0,0.0,0.0,22.5625,3.0,955.6072,
000000.000,0.0,0.0,0.0,0.0,22.5625,3.0,955.6252,
000000.000,0.0,0.0,0.0,0.0,22.5625,3.0,955.6016,
000000.000,0.0,0.0,0.0,0.0,22.5625,3.0,955.5882,
000000.000,0.0,0.0,0.0,0.0,22.5625,3.0,955.5974,
000000.000,0.0,0.0,0.0,0.0,22.5625,3.0,955.5767,
000000.000,0.0,0.0,0.0,0.0,22.5625,3.0,955.5612,
000000.000,0.0,0.0,0.0,0.0,22.5625,3.0,955.5223,
000000.000,0.0,0.0,0.0,0.0,22.5625,3.0,955.5209,
000000.000,0.0,0.0,0.0,0.0,22.5625,3.0,955.5109,
000000.000,0.0,0.0,0.0,0.0,22.5625,3.0,955.5212,
000000.000,0.0,0.0,0.0,0.0,22.5625,3.0,955.5273,
000000.000,0.0,0.0,0.0,0.0,22.5625,3.0,955.4903,
000000.000,0.0,0.0,0.0,0.0,22.5625,3.0,955.4615,
000000.000,0.0,0.0,0.0,0.0,22.5625,3.0,955.457,
000000.000,0.0,0.0,0.0,0.0,22.5625,3.0,955.4153,
000000.000,0.0,0.0,0.0,0.0,22.5625,3.0,955.4313,
000000.000,0.0,0.0,0.0,0.0,22.5,3.0,955.3989,
000000.000,0.0,0.0,0.0,0.0,22.5625,3.0,955.409,
000000.000,0.0,0.0,0.0,0.0,22.5625,3.0,955.3879,
000000.000,0.0,0.0,0.0,0.0,22.5,3.0,955.3652,
000000.000,0.0,0.0,0.0,0.0,22.5,3.0,955.3596,
000000.000,0.0,0.0,0.0,0.0,22.5625,3.0,955.3747,
000000.000,0.0,0.0,0.0,0.0,22.5,3.0,955.3621,
000000.000,0.0,0.0,0.0,0.0,22.5625,3.0,955.376,
000000.000,0.0,0.0,0.0,0.0,22.5625,3.0,955.3418,
000000.000,0.0,0.0,0.0,0.0,22.5625,3.0,955.3635,
000000.000,0.0,0.0,0.0,0.0,22.5,3.0,955.3371,
000000.000,0.0,0.0,0.0,0.0,22.5,3.0,955.3465,
000000.000,0.0,0.0,0.0,0.0,22.5,3.0,955.3145,
000000.000,0.0,0.0,0.0,0.0,22.5,3.0,955.2916,
000000.000,0.0,0.0,0.0,0.0,22.5,3.0,955.299,
000000.000,0.0,0.0,0.0,0.0,22.5,3.0,955.2957,
000000.000,0.0,0.0,0.0,0.0,22.5,3.0,955.3022,
000000.000,0.0,0.0,0.0,0.0,22.5,3.0,955.2648,
000000.000,0.0,0.0,0.0,0.0,22.5,3.0,955.2642,
000000.000,0.0,0.0,0.0,0.0,22.5,3.0,955.2609,
000000.000,0.0,0.0,0.0,0.0,22.5,3.0,955.2336,
000000.000,0.0,0.0,0.0,0.0,22.5,3.0,955.2361,
000000.000,0.0,0.0,0.0,0.0,22.5,3.0,955.213,
000000.000,0.0,0.0,0.0,0.0,22.5,3.0,955.1981,
000000.000,0.0,0.0,0.0,0.0,22.5,3.0,955.2039,
000000.000,0.0,0.0,0.0,0.0,22.5,3.0,955.2089,
000000.000,0.0,0.0,0.0,0.0,22.5,3.0,955.1797,
000000.000,0.0,0.0,0.0,0.0,22.5,3.0,955.1752,
000000.000,0.0,0.0,0.0,0.0,22.5,3.0,955.1523,
000000.000,0.0,0.0,0.0,0.0,22.5,3.0,955.1147,
000000.000,0.0,0.0,0.0,0.0,22.5,3.0,955.134,
000000.000,0.0,0.0,0.0,0.0,22.5,3.0,955.1044,
000000.000,0.0,0.0,0.0,0.0,22.5,3.0,955.1021,
000000.000,0.0,0.0,0.0,0.0,22.5,3.0,955.1239,
000000.000,0.0,0.0,0.0,0.0,22.5,3.0,955.1066,
000000.000,0.0,0.0,0.0,0.0,22.4375,3.0,955.1008,
000000.000,0.0,0.0,0.0,0.0,22.5,3.0,955.0808,
000000.000,0.0,0.0,0.0,0.0,22.5,3.0,955.1014,
000000.000,0.0,0.0,0.0,0.0,22.5,3.0,955.1044,
000000.000,0.0,0.0,0.0,0.0,22.5,3.0,955.1103,
000000.000,0.0,0.0,0.0,0.0,22.5,3.0,955.1333,
000000.000,0.0,0.0,0.0,0.0,22.5,3.0,955.1028,
000000.000,0.0,0.0,0.0,0.0,22.5,3.0,955.104,
000000.000,0.0,0.0,0.0,0.0,22.5,3.0,955.1188,
000000.000,0.0,0.0,0.0,0.0,22.5,3.0,955.1025,
000000.000,0.0,0.0,0.0,0.0,22.5,3.0,955.1224,
000000.000,0.0,0.0,0.0,0.0,22.5,3.0,955.1208,
000000.000,0.0,0.0,0.0,0.0,22.5,3.0,955.0792,
000000.000,0.0,0.0,0.0,0.0,22.5,3.0,955.0912,
000000.000,0.0,0.0,0.0,0.0,22.5,3.0,955.0748,
000000.000,0.0,0.0,0.0,0.0,22.5,3.0,955.058,
000000.000,0.0,0.0,0.0,0.0,22.5,3.0,955.0783,
000000.000,0.0,0.0,0.0,0.0,22.5,3.0,955.0806,
000000.000,0.0,0.0,0.0,0.0,22.5,3.0,955.0452,
000000.000,0.0,0.0,0.0,0.0,22.4375,3.0,955.0402,
000000.000,0.0,0.0,0.0,0.0,22.5,3.0,955.022,
000000.000,0.0,0.0,0.0,0.0,22.5,3.0,955.009,
000000.000,0.0,0.0,0.0,0.0,22.5,3.0,955.0281,
000000.000,0.0,0.0,0.0,0.0,22.5,3.0,955.0117,
000000.000,0.0,0.0,0.0,0.0,22.5,3.0,954.9996,
000000.000,0.0,0.0,0.0,0.0,22.5,3.0,955.0421,
000000.000,0.0,0.0,0.0,0.0,22.5,3.0,955.0277,
000000.000,0.0,0.0,0.0,0.0,22.5,3.0,955.0563,
000000.000,0.0,0.0,0.0,0.0,22.5,3.0,955.0916,
000000.000,0.0,0.0,0.0,0.0,22.5,3.0,955.0762,
000000.000,0.0,0.0,0.0,0.0,22.5,3.0,955.1298,
000000.000,0.0,0.0,0.0,0.0,22.5625,3.0,955.1266,
000000.000,0.0,0.0,0.0,0.0,22.5625,3.0,955.156,
000000.000,0.0,0.0,0.0,0.0,22.5625,3.0,955.1617,
000000.000,0.0,0.0,0.0,0.0,22.5625,3.0,955.1672,
000000.000,0.0,0.0,0.0,0.0,22.5625,3.0,955.1733,
000000.000,0.0,0.0,0.0,0.0,22.5625,3.0,955.1744,
000000.000,0.0,0.0,0.0,0.0,22.5625,3.0,955.2255,
000000.000,0.0,0.0,0.0,0.0,22.5625,3.0,955.2019,
000000.000,0.0,0.0,0.0,0.0,22.5625,3.0,955.2011,
000000.000,0.0,0.0,0.0,0.0,22.5625,3.0,955.1969,
000000.000,0.0,0.0,0.0,0.0,22.5625,3.0,955.2058,
000000.000,0.0,0.0,0.0,0.0,22.5625,3.0,955.2098,
000000.000,0.0,0.0,0.0,0.0,22.5625,3.0,955.2109,
000000.000,0.0,0.0,0.0,0.0,22.5625,3.0,955.2234,
000000.000,0.0,0.0,0.0,0.0,22.5625,3.0,955.2021,
000000.000,0.0,0.0,0.0,0.0,22.5625,3.0,955.2136,
000000.000,0.0,0.0,0.0,0.0,22.5625,3.0,955.1946,
000000.000,0.0,0.0,0.0,0.0,22.5625,3.0,955.1949,
000000.000,0.0,0.0,0.0,0.0,22.5625,3.0,955.2168,
000000.000,0.0,0.0,0.0,0.0,22.5625,3.0,955.1962,
000000.000,0.0,0.0,0.0,0.0,22.5625,3.0,955.1729,
000000.000,0.0,0.0,0.0,0.0,22.5625,3.0,955.1641,
000000.000,0.0,0.0,0.0,0.0,22.5625,3.0,955.2011,
000000.000,0.0,0.0,0.0,0.0,22.5625,3.0,955.1736,
000000.000,0.0,0.0,0.0,0.0,22.5625,3.0,955.1899,
000000.000,0.0,0.0,0.0,0.0,22.5625,3.0,955.1986,
000000.000,0.0,0.0,0.0,0.0,22.5625,3.0,955.238,
000000.000,0.0,0.0,0.0,0.0,22.5625,3.0,955.2267,
000000.000,0.0,0.0,0.0,0.0,22.5625,3.0,955.2446,
000000.000,0.0,0.0,0.0,0.0,22.5625,3.0,955.2598,
000000.000,0.0,0.0,0.0,0.0,22.625,3.0,955.2651,
000000.000,0.0,0.0,0.0,0.0,22.5625,3.0,955.2678,
000000.000,0.0,0.0,0.0,0.0,22.5625,3.0,955.2466,
000000.000,0.0,0.0,0.0,0.0,22.5625,3.0,955.223,
000000.000,0.0,0.0,0.0,0.0,22.5625,3.0,955.2078,
000000.000,0.0,0.0,0.0,0.0,22.5625,3.0,955.1726,
000000.000,0.0,0.0,0.0,0.0,22.5625,3.0,955.1666,
000000.000,0.0,0.0,0.0,0.0,22.5625,3.0,955.1354,
000000.000,0.0,0.0,0.0,0.0,22.5625,3.0,955.1481,
000000.000,0.0,0.0,0.0,0.0,22.5625,3.0,955.1518,
000000.000,0.0,0.0,0.0,0.0,22.5625,3.0,955.1625,
000000.000,0.0,0.0,0.0,0.0,22.5625,3.0,955.1417,
000000.000,0.0,0.0,0.0,0.0,22.5625,3.0,955.1121,
000000.000,0.0,0.0,0.0,0.0,22.5625,3.0,955.1299,
000000.000,0.0,0.0,0.0,0.0,22.5625,3.0,955.1238,
000000.000,0.0,0.0,0.0,0.0,22.5625,3.0,955.1348,
000000.000,0.0,0.0,0.0,0.0,22.5625,3.0,955.1482,
000000.000,0.0,0.0,0.0,0.0,22.5625,3.0,955.1192,
000000.000,0.0,0.0,0.0,0.0,22.5625,3.0,955.1307,
000000.000,0.0,0.0,0.0,0.0,22.5625,3.0,955.1274,
000000.000,0.0,0.0,0.0,0.0,22.5625,3.0,955.1378,
000000.000,0.0,0.0,0.0,0.0,22.5625,3.0,955.1747,
000000.000,0.0,0.0,0.0,0.0,22.625,3.0,955.1831,
000000.000,0.0,0.0,0.0,0.0,22.5625,3.0,955.1724,
000000.000,0.0,0.0,0.0,0.0,22.625,3.0,955.201,
000000.000,0.0,0.0,0.0,0.0,22.5625,3.0,955.2131,
000000.000,0.0,0.0,0.0,0.0,22.625,3.0,955.2286,
000000.000,0.0,0.0,0.0,0.0,22.625,3.0,955.2325,
000000.000,0.0,0.0,0.0,0.0,22.625,3.0,955.2277,
000000.000,0.0,0.0,0.0,0.0,22.625,3.0,955.2416,
000000.000,0.0,0.0,0.0,0.0,22.625,3.0,955.2703,
000000.000,0.0,0.0,0.0,0.0,22.625,3.0,955.2604,
000000.000,0.0,0.0,0.0,0.0,22.625,3.0,955.2763,
000000.000,0.0,0.0,0.0,0.0,22.625,3.0,955.2822,
000000.000,0.0,0.0,0.0,0.0,22.625,3.0,955.2938,
000000.000,0.0,0.0,0.0,0.0,22.625,3.0,955.2985,
000000.000,0.0,0.0,0.0,0.0,22.625,3.0,955.2971,
000000.000,0.0,0.0,0.0,0.0,22.625,3.0,955.3301,
000000.000,0.0,0.0,0.0,0.0,22.625,3.0,955.3122,
000000.000,0.0,0.0,0.0,0.0,22.625,3.0,955.3408,
000000.000,0.0,0.0,0.0,0.0,22.625,3.0,955.3267,
000000.000,0.0,0.0,0.0,0.0,22.625,3.0,955.2928,
000000.000,0.0,0.0,0.0,0.0,22.625,3.0,955.3348,
000000.000,0.0,0.0,0.0,0.0,22.5625,3.0,955.3193,
000000.000,0.0,0.0,0.0,0.0,22.5625,3.0,955.3055,
000000.000,0.0,0.0,0.0,0.0,22.5625,3.0,955.2927,
000000.000,0.0,0.0,0.0,0.0,22.5625,3.0,955.315,
000000.000,0.0,0.0,0.0,0.0,22.5625,3.0,955.3132,
000000.000,0.0,0.0,0.0,0.0,22.625,3.0,955.3311,
000000.000,0.0,0.0,0.0,0.0,22.625,3.0,955.325,
000000.000,0.0,0.0,0.0,0.0,22.5625,3.0,955.3296,
000000.000,0.0,0.0,0.0,0.0,22.625,3.0,955.3429,
000000.000,0.0,0.0,0.0,0.0,22.5625,3.0,955.3533,
000000.000,0.0,0.0,0.0,0.0,22.625,3.0,955.3698,
000000.000,0.0,0.0,0.0,0.0,22.5625,3.0,955.3708,
000000.000,0.0,0.0,0.0,0.0,22.5625,3.0,955.3525,
000000.000,0.0,0.0,0.0,0.0,22.5625,3.0,955.3762,
000000.000,0.0,0.0,0.0,0.0,22.5625,3.0,955.3769,
000000.000,0.0,0.0,0.0,0.0,22.5625,3.0,955.3642,
000000.000,0.0,0.0,0.0,0.0,22.5625,3.0,955.3812,
000000.000,0.0,0.0,0.0,0.0,22.5625,3.0,955.3906,
000000.000,0.0,0.0,0.0,0.0,22.5625,3.0,955.3813,
000000.000,0.0,0.0,0.0,0.0,22.5625,3.0,955.4045,
000000.000,0.0,0.0,0.0,0.0,22.5625,3.0,955.4129,
000000.000,0.0,0.0,0.0,0.0,22.5625,3.0,955.4021,
000000.000,0.0,0.0,0.0,0.0,22.5625,3.0,955.4272,
000000.000,0.0,0.0,0.0,0.0,22.5625,3.0,955.421,
000000.000,0.0,0.0,0.0,0.0,22.5625,3.0,955.4267,
000000.000,0.0,0.0,0.0,0.0,22.5625,3.0,955.4432,
000000.000,0.0,0.0,0.0,0.0,22.5625,3.0,955.4581,
000000.000,0.0,0.0,0.0,0.0,22.5625,3.0,955.463,
000000.000,0.0,0.0,0.0,0.0,22.5625,3.0,955.4393,
000000.000,0.0,0.0,0.0,0.0,22.5625,3.0,955.473,
000000.000,0.0,0.0,0.0,0.0,22.625,3.0,955.5048,
000000.000,0.0,0.0,0.0,0.0,22.625,3.0,955.4966,
000000.000,0.0,0.0,0.0,0.0,22.625,3.0,955.5037,
000000.000,0.0,0.0,0.0,0.0,22.625,3.0,955.5583,
000000.000,0.0,0.0,0.0,0.0,22.625,3.0,955.5338,
000000.000,0.0,0.0,0.0,0.0,22.625,3.0,955.5471,
000000.000,0.0,0.0,0.0,0.0,22.625,3.0,955.5078,
000000.000,0.0,0.0,0.0,0.0,22.625,3.0,955.5319,
000000.000,0.0,0.0,0.0,0.0,22.625,3.0,955.5323,
000000.000,0.0,0.0,0.0,0.0,22.625,3.0,955.5346,
000000.000,0.0,0.0,0.0,0.0,22.625,3.0,955.5739,
000000.000,0.0,0.0,0.0,0.0,22.625,3.0,955.5897,
000000.000,0.0,0.0,0.0,0.0,22.625,3.0,955.6104,
000000.000,0.0,0.0,0.0,0.0,22.625,3.0,955.6141,
000000.000,0.0,0.0,0.0,0.0,22.625,3.0,955.6069,
000000.000,0.0,0.0,0.0,0.0,22.625,3.0,955.6584,
000000.000,0.0,0.0,0.0,0.0,22.625,3.0,955.6228,
000000.000,0.0,0.0,0.0,0.0,22.625,3.0,955.6479,
000000.000,0.0,0.0,0.0,0.0,22.625,3.0,955.6573,
000000.000,0.0,0.0,0.0,0.0,22.625,3.0,955.6636,
000000.000,0.0,0.0,0.0,0.0,22.625,3.0,955.6514,
000000.000,0.0,0.0,0.0,0.0,22.625,3.0,955.6724,
000000.000,0.0,0.0,0.0,0.0,22.625,3.0,955.6574,
000000.000,0.0,0.0,0.0,0.0,22.625,3.0,955.6744,
000000.000,0.0,0.0,0.0,0.0,22.625,3.0,955.6823,
000000.000,0.0,0.0,0.0,0.0,22.625,3.0,955.6713,
000000.000,0.0,0.0,0.0,0.0,22.625,3.0,955.7023,
000000.000,0.0,0.0,0.0,0.0,22.625,3.0,955.6811,
000000.000,0.0,0.0,0.0,0.0,22.625,3.0,955.6892,
000000.000,0.0,0.0,0.0,0.0,22.625,3.0,955.6664,
000000.000,0.0,0.0,0.0,0.0,22.625,3.0,955.6797,
000000.000,0.0,0.0,0.0,0.0,22.625,3.0,955.6949,
000000.000,0.0,0.0,0.0,0.0,22.625,3.0,955.7017,
000000.000,0.0,0.0,0.0,0.0,22.625,3.0,955.6897,
000000.000,0.0,0.0,0.0,0.0,22.625,3.0,955.7363,
000000.000,0.0,0.0,0.0,0.0,22.625,3.0,955.7072,
000000.000,0.0,0.0,0.0,0.0,22.625,3.0,955.6926,
000000.000,0.0,0.0,0.0,0.0,22.625,3.0,955.6724,
000000.000,0.0,0.0,0.0,0.0,22.5625,3.0,955.6921,
000000.000,0.0,0.0,0.0,0.0,22.625,3.0,955.6644,
000000.000,0.0,0.0,0.0,0.0,22.5625,3.0,955.6719,
000000.000,0.0,0.0,0.0,0.0,22.625,3.0,955.644,
000000.000,0.0,0.0,0.0,0.0,22.625,3.0,955.6677,
000000.000,0.0,0.0,0.0,0.0,22.625,3.0,955.6502,
000000.000,0.0,0.0,0.0,0.0,22.625,3.0,955.6666,
000000.000,0.0,0.0,0.0,0.0,22.625,3.0,955.6749,
000000.000,0.0,0.0,0.0,0.0,22.625,3.0,955.6978,
000000.000,0.0,0.0,0.0,0.0,22.625,3.0,955.6939,
000000.000,0.0,0.0,0.0,0.0,22.625,3.0,955.7236,
000000.000,0.0,0.0,0.0,0.0,22.625,3.0,955.6613,
000000.000,0.0,0.0,0.0,0.0,22.625,3.0,955.717,
000000.000,0.0,0.0,0.0,0.0,22.625,3.0,955.7164,
000000.000,0.0,0.0,0.0,0.0,22.625,3.0,955.7226,
000000.000,0.0,0.0,0.0,0.0,22.625,3.0,955.6903,
000000.000,0.0,0.0,0.0,0.0,22.625,3.0,955.7271,
000000.000,0.0,0.0,0.0,0.0,22.625,3.0,955.7111,
000000.000,0.0,0.0,0.0,0.0,22.625,3.0,955.7481,
000000.000,0.0,0.0,0.0,0.0,22.625,3.0,955.7315,
000000.000,0.0,0.0,0.0,0.0,22.625,3.0,955.7294,
000000.000,0.0,0.0,0.0,0.0,22.625,3.0,955.7097,
000000.000,0.0,0.0,0.0,0.0,22.625,3.0,955.6998,
000000.000,0.0,0.0,0.0,0.0,22.625,3.0,955.6938,
000000.000,0.0,0.0,0.0,0.0,22.625,3.0,955.6702,
000000.000,0.0,0.0,0.0,0.0,22.5625,3.0,955.6671,
000000.000,0.0,0.0,0.0,0.0,22.625,3.0,955.6744,
000000.000,0.0,0.0,0.0,0.0,22.625,3.0,955.6731,
000000.000,0.0,0.0,0.0,0.0,22.5625,3.0,955.6805,
000000.000,0.0,0.0,0.0,0.0,22.5625,3.0,955.6464,
000000.000,0.0,0.0,0.0,0.0,22.625,3.0,955.6613,
000000.000,0.0,0.0,0.0,0.0,22.5625,3.0,955.6739,
000000.000,0.0,0.0,0.0,0.0,22.625,3.0,955.6581,
000000.000,0.0,0.0,0.0,0.0,22.5625,3.0,955.675,
000000.000,0.0,0.0,0.0,0.0,22.625,3.0,955.6153,
000000.000,0.0,0.0,0.0,0.0,22.5625,3.0,955.6068,
000000.000,0.0,0.0,0.0,0.0,22.625,3.0,955.6006,
000000.000,0.0,0.0,0.0,0.0,22.5625,3.0,955.6133,
000000.000,0.0,0.0,0.0,0.0,22.5625,3.0,955.6232,
000000.000,0.0,0.0,0.0,0.0,22.625,3.0,955.6032,
000000.000,0.0,0.0,0.0,0.0,22.5625,3.0,955.6303,
000000.000,0.0,0.0,0.0,0.0,22.5625,3.0,955.6215,
000000.000,0.0,0.0,0.0,0.0,22.5625,3.0,955.6083,
000000.000,0.0,0.0,0.0,0.0,22.5625,3.0,955.6219,
000000.000,0.0,0.0,0.0,0.0,22.5625,3.0,955.6116,
000000.000,0.0,0.0,0.0,0.0,22.5625,3.0,955.6077,
000000.000,0.0,0.0,0.0,0.0,22.5625,3.0,955.6446,
000000.000,0.0,0.0,0.0,0.0,22.5625,3.0,955.6037,
000000.000,0.0,0.0,0.0,0.0,22.5625,3.0,955.6252,
000000.000,0.0,0.0,0.0,0.0,22.625,3.0,955.6321,
000000.000,0.0,0.0,0.0,0.0,22.625,3.0,955.6428,
000000.000,0.0,0.0,0.0,0.0,22.625,3.0,955.6721,
000000.000,0.0,0.0,0.0,0.0,22.625,3.0,955.6537,
000000.000,0.0,0.0,0.0,0.0,22.625,3.0,955.6671,
000000.000,0.0,0.0,0.0,0.0,22.625,3.0,955.6436,
000000.000,0.0,0.0,0.0,0.0,22.625,3.0,955.6833,
000000.000,0.0,0.0,0.0,0.0,22.5625,3.0,955.6793,
000000.000,0.0,0.0,0.0,0.0,22.625,3.0,955.6959,
000000.000,0.0,0.0,0.0,0.0,22.625,3.0,955.6984,
000000.000,0.0,0.0,0.0,0.0,22.625,3.0,955.6937,
000000.000,0.0,0.0,0.0,0.0,22.625,3.0,955.7026,
000000.000,0.0,0.0,0.0,0.0,22.625,3.0,955.6941,
000000.000,0.0,0.0,0.0,0.0,22.625,3.0,955.692,
000000.000,0.0,0.0,0.0,0.0,22.5625,3.0,955.7087,
000000.000,0.0,0.0,0.0,0.0,22.625,3.0,955.704,
000000.000,0.0,0.0,0.0,0.0,22.625,3.0,955.7195,
000000.000,0.0,0.0,0.0,0.0,22.625,3.0,955.7327,
000000.000,0.0,0.0,0.0,0.0,22.625,3.0,955.7434,
000000.000,0.0,0.0,0.0,0.0,22.625,3.0,955.7167,
000000.000,0.0,0.0,0.0,0.0,22.625,3.0,955.7222,
000000.000,0.0,0.0,0.0,0.0,22.625,3.0,955.724,
000000.000,0.0,0.0,0.0,0.0,22.625,3.0,955.7355,
000000.000,0.0,0.0,0.0,0.0,22.625,3.0,955.7512,
000000.000,0.0,0.0,0.0,0.0,22.625,3.0,955.7181,
000000.000,0.0,0.0,0.0,0.0,22.625,3.0,955.7246,
000000.000,0.0,0.0,0.0,0.0,22.625,3.0,955.7528,
000000.000,0.0,0.0,0.0,0.0,22.625,3.0,955.7394,
000000.000,0.0,0.0,0.0,0.0,22.625,3.0,955.7215,
000000.000,0.0,0.0,0.0,0.0,22.625,3.0,955.7505,
000000.000,0.0,0.0,0.0,0.0,22.625,3.0,955.7416,
000000.000,0.0,0.0,0.0,0.0,22.625,3.0,955.706,
000000.000,0.0,0.0,0.0,0.0,22.625,3.0,955.7421,
000000.000,0.0,0.0,0.0,0.0,22.625,3.0,955.7352,
000000.000,0.0,0.0,0.0,0.0,22.625,3.0,955.6694,
000000.000,0.0,0.0,0.0,0.0,22.625,3.0,955.6936,
000000.000,0.0,0.0,0.0,0.0,22.625,3.0,955.6981,
000000.000,0.0,0.0,0.0,0.0,22.5625,3.0,955.6456,
000000.000,0.0,0.0,0.0,0.0,22.5625,3.0,955.6188,
000000.000,0.0,0.0,0.0,0.0,22.625,3.0,955.6273,
000000.000,0.0,0.0,0.0,0.0,22.5625,3.0,955.5602,
000000.000,0.0,0.0,0.0,0.0,22.5625,3.0,955.5438,
000000.000,0.0,0.0,0.0,0.0,22.5625,3.0,955.5292,
000000.000,0.0,0.0,0.0,0.0,22.5625,3.0,955.5745,
000000.000,0.0,0.0,0.0,0.0,22.5625,3.0,955.5347,
000000.000,0.0,0.0,0.0,0.0,22.5625,3.0,955.5312,
000000.000,0.0,0.0,0.0,0.0,22.5625,3.0,955.5028,
000000.000,0.0,0.0,0.0,0.0,22.5625,3.0,955.5016,
000000.000,0.0,0.0,0.0,0.0,22.5625,3.0,955.5286,
000000.000,0.0,0.0,0.0,0.0,22.5625,3.0,955.4754,
000000.000,0.0,0.0,0.0,0.0,22.5625,3.0,955.4654,
000000.000,0.0,0.0,0.0,0.0,22.5625,3.0,955.5031,
000000.000,0.0,0.0,0.0,0.0,22.5625,3.0,955.4949,
000000.000,0.0,0.0,0.0,0.0,22.5625,3.0,955.4667,
000000.000,0.0,0.0,0.0,0.0,22.5625,3.0,955.467,
000000.000,0.0,0.0,0.0,0.0,22.5625,3.0,955.4632,
142056.00,0.0,0.0,0.0,99.99,22.5625,3.0,955.4976,
142056.00,0.0,0.0,0.0,99.99,22.5625,3.0,955.4708,
142056.00,0.0,0.0,0.0,99.99,22.5625,3.0,955.4467,
142056.00,0.0,0.0,0.0,99.99,22.5625,3.0,955.4598,
142056.00,0.0,0.0,0.0,99.99,22.5625,3.0,955.4534,
142056.00,0.0,0.0,0.0,99.99,22.5625,3.0,955.4567,
142057.00,0.0,0.0,0.0,99.99,22.5625,3.0,955.4509,
142057.00,0.0,0.0,0.0,99.99,22.5625,3.0,955.4417,
142057.00,0.0,0.0,0.0,99.99,22.5625,3.0,955.4348,
142057.00,0.0,0.0,0.0,99.99,22.5625,3.0,955.4333,
142057.00,0.0,0.0,0.0,99.99,22.5625,3.0,955.4395,
000000.000,0.0,0.0,0.0,0.0,22.5625,3.0,955.3943,
000000.000,0.0,0.0,0.0,0.0,22.5625,3.0,955.416,
000000.000,0.0,0.0,0.0,0.0,22.5625,3.0,955.4207,
000000.000,0.0,0.0,0.0,0.0,22.5625,3.0,955.4467,
000000.000,0.0,0.0,0.0,0.0,22.5625,3.0,955.4182,
000000.000,0.0,0.0,0.0,0.0,22.5625,3.0,955.4157,
000000.000,0.0,0.0,0.0,0.0,22.5625,3.0,955.4149,
000000.000,0.0,0.0,0.0,0.0,22.5625,3.0,955.4307,
000000.000,0.0,0.0,0.0,0.0,22.5625,3.0,955.4536,
000000.000,0.0,0.0,0.0,0.0,22.5625,3.0,955.4294,
000000.000,0.0,0.0,0.0,0.0,22.5625,3.0,955.4264,
000000.000,0.0,0.0,0.0,0.0,22.5625,3.0,955.4133,
000000.000,0.0,0.0,0.0,0.0,22.5625,3.0,955.4325,
000000.000,0.0,0.0,0.0,0.0,22.5625,3.0,955.4093,
000000.000,0.0,0.0,0.0,0.0,22.5625,3.0,955.4388,
000000.000,0.0,0.0,0.0,0.0,22.5625,3.0,955.4347,
000000.000,0.0,0.0,0.0,0.0,22.5625,3.0,955.4208,
000000.000,0.0,0.0,0.0,0.0,22.5625,3.0,955.45,
000000.000,0.0,0.0,0.0,0.0,22.5625,3.0,955.4316,
000000.000,0.0,0.0,0.0,0.0,22.5625,3.0,955.4102,
000000.000,0.0,0.0,0.0,0.0,22.5625,3.0,955.4207,
000000.000,0.0,0.0,0.0,0.0,22.5625,3.0,955.3959,
000000.000,0.0,0.0,0.0,0.0,22.5625,3.0,955.3892,
000000.000,0.0,0.0,0.0,0.0,22.5625,3.0,955.3923,
000000.000,0.0,0.0,0.0,0.0,22.5625,3.0,955.3909,
000000.000,0.0,0.0,0.0,0.0,22.5625,3.0,955.4001,
000000.000,0.0,0.0,0.0,0.0,22.5,3.0,955.3519,
000000.000,0.0,0.0,0.0,0.0,22.5625,3.0,955.365,
000000.000,0.0,0.0,0.0,0.0,22.5625,3.0,955.3586,
000000.000,0.0,0.0,0.0,0.0,22.5625,3.0,955.3299,
000000.000,0.0,0.0,0.0,0.0,22.5,3.0,955.3586,
000000.000,0.0,0.0,0.0,0.0,22.5625,3.0,955.3298,
000000.000,0.0,0.0,0.0,0.0,22.5625,3.0,955.3198,
000000.000,0.0,0.0,0.0,0.0,22.5625,3.0,955.3461,
000000.000,0.0,0.0,0.0,0.0,22.5625,3.0,955.3055,
000000.000,0.0,0.0,0.0,0.0,22.5,3.0,955.3254,
000000.000,0.0,0.0,0.0,0.0,22.5625,3.0,955.3074,
000000.000,0.0,0.0,0.0,0.0,22.5625,3.0,955.2773,
000000.000,0.0,0.0,0.0,0.0,22.5,3.0,955.2365,
000000.000,0.0,0.0,0.0,0.0,22.5,3.0,955.2479,
000000.000,0.0,0.0,0.0,0.0,22.5,3.0,955.171,
000000.000,0.0,0.0,0.0,0.0,22.5,3.0,955.1738,
000000.000,0.0,0.0,0.0,0.0,22.5,3.0,955.1577,
000000.000,0.0,0.0,0.0,0.0,22.5,3.0,955.1585,
000000.000,0.0,0.0,0.0,0.0,22.5625,3.0,955.1503,
000000.000,0.0,0.0,0.0,0.0,22.5625,3.0,955.2031,
000000.000,0.0,0.0,0.0,0.0,22.5,3.0,955.212,
000000.000,0.0,0.0,0.0,0.0,22.5625,3.0,955.2166,
000000.000,0.0,0.0,0.0,0.0,22.5625,3.0,955.1895,
000000.000,0.0,0.0,0.0,0.0,22.5625,3.0,955.2004,
000000.000,0.0,0.0,0.0,0.0,22.5625,3.0,955.1902,
000000.000,0.0,0.0,0.0,0.0,22.5625,3.0,955.2,
000000.000,0.0,0.0,0.0,0.0,22.5625,3.0,955.1749,
000000.000,0.0,0.0,0.0,0.0,22.5625,3.0,955.1766,
000000.000,0.0,0.0,0.0,0.0,22.5625,3.0,955.2087,
000000.000,0.0,0.0,0.0,0.0,22.5625,3.0,955.1976,
000000.000,0.0,0.0,0.0,0.0,22.5625,3.0,955.2187,
000000.000,0.0,0.0,0.0,0.0,22.5625,3.0,955.229,
000000.000,0.0,0.0,0.0,0.0,22.5625,3.0,955.2433,
000000.000,0.0,0.0,0.0,0.0,22.5625,3.0,955.2206,
000000.000,0.0,0.0,0.0,0.0,22.5625,3.0,955.2332,
000000.000,0.0,0.0,0.0,0.0,22.5625,3.0,955.2487,
000000.000,0.0,0.0,0.0,0.0,22.5625,3.0,955.2569,
000000.000,0.0,0.0,0.0,0.0,22.5625,3.0,955.2413,
000000.000,0.0,0.0,0.0,0.0,22.5625,3.0,955.2644,
000000.000,0.0,0.0,0.0,0.0,22.5625,3.0,955.2385,
000000.000,0.0,0.0,0.0,0.0,22.5625,3.0,955.2599,
000000.000,0.0,0.0,0.0,0.0,22.5625,3.0,955.2477,
000000.000,0.0,0.0,0.0,0.0,22.5625,3.0,955.2584,
000000.000,0.0,0.0,0.0,0.0,22.5,3.0,955.2379,
000000.000,0.0,0.0,0.0,0.0,22.5625,3.0,955.2229,
000000.000,0.0,0.0,0.0,0.0,22.5625,3.0,955.2103,
000000.000,0.0,0.0,0.0,0.0,22.5,3.0,955.2067,
000000.000,0.0,0.0,0.0,0.0,22.5,3.0,955.1926,
000000.000,0.0,0.0,0.0,0.0,22.5625,3.0,955.1741,
000000.000,0.0,0.0,0.0,0.0,22.5,3.0,955.2169,
000000.000,0.0,0.0,0.0,0.0,22.5,3.0,955.1998,
000000.000,0.0,0.0,0.0,0.0,22.5,3.0,955.1741,
000000.000,0.0,0.0,0.0,0.0,22.5625,3.0,955.1732,
000000.000,0.0,0.0,0.0,0.0,22.5,3.0,955.1575,
000000.000,0.0,0.0,0.0,0.0,22.5,3.0,955.1679,
000000.000,0.0,0.0,0.0,0.0,22.5,3.0,955.17,
000000.000,0.0,0.0,0.0,0.0,22.5,3.0,955.1898,
000000.000,0.0,0.0,0.0,0.0,22.5,3.0,955.1719,
000000.000,0.0,0.0,0.0,0.0,22.5,3.0,955.1492,
000000.000,0.0,0.0,0.0,0.0,22.5,3.0,955.1334,
000000.000,0.0,0.0,0.0,0.0,22.5,3.0,955.1385,
000000.000,0.0,0.0,0.0,0.0,22.5625,3.0,955.1343,
000000.000,0.0,0.0,0.0,0.0,22.5,3.0,955.1518,
000000.000,0.0,0.0,0.0,0.0,22.5,3.0,955.1255,
000000.000,0.0,0.0,0.0,0.0,22.5,3.0,955.1218,
000000.000,0.0,0.0,0.0,0.0,22.5,3.0,955.1032,
000000.000,0.0,0.0,0.0,0.0,22.5,3.0,955.1013,
000000.000,0.0,0.0,0.0,0.0,22.5,3.0,955.0927,
000000.000,0.0,0.0,0.0,0.0,22.5,3.0,955.0922,
000000.000,0.0,0.0,0.0,0.0,22.5,3.0,955.0803,
000000.000,0.0,0.0,0.0,0.0,22.5,3.0,955.0319,
000000.000,0.0,0.0,0.0,0.0,22.5,3.0,955.048,
000000.000,0.0,0.0,0.0,0.0,22.5,3.0,955.0377,
000000.000,0.0,0.0,0.0,0.0,22.5,3.0,955.0513,
000000.000,0.0,0.0,0.0,0.0,22.5,3.0,955.0111,
000000.000,0.0,0.0,0.0,0.0,22.5,3.0,954.9938,
000000.000,0.0,0.0,0.0,0.0,22.5,3.0,954.996,
000000.000,0.0,0.0,0.0,0.0,22.5,3.0,955.0238,
142257.00,0.0,0.0,0.0,99.99,22.5,3.0,955.0483,
142257.00,0.0,0.0,0.0,99.99,22.5625,3.0,955.0513,
142257.00,0.0,0.0,0.0,99.99,22.5,3.0,955.0385,
000000.000,0.0,0.0,0.0,0.0,22.5,3.0,955.075,
000000.000,0.0,0.0,0.0,0.0,22.5,3.0,955.0494,
000000.000,0.0,0.0,0.0,0.0,22.5,3.0,955.052,
000000.000,0.0,0.0,0.0,0.0,22.5,3.0,955.0291,
000000.000,0.0,0.0,0.0,0.0,22.5,3.0,955.045,
000000.000,0.0,0.0,0.0,0.0,22.5,3.0,955.0357,
000000.000,0.0,0.0,0.0,0.0,22.5,3.0,955.0489,
000000.000,0.0,0.0,0.0,0.0,22.5,3.0,955.0123,
000000.000,0.0,0.0,0.0,0.0,22.5,3.0,955.0277,
000000.000,0.0,0.0,0.0,0.0,22.5,3.0,955.0187,
000000.000,0.0,0.0,0.0,0.0,22.5625,3.0,955.0452,
000000.000,0.0,0.0,0.0,0.0,22.5,3.0,955.0092,
000000.000,0.0,0.0,0.0,0.0,22.5,3.0,955.0328,
000000.000,0.0,0.0,0.0,0.0,22.5,3.0,955.0206,
000000.000,0.0,0.0,0.0,0.0,22.5,3.0,955.0272,
000000.000,0.0,0.0,0.0,0.0,22.5,3.0,955.0665,
000000.000,0.0,0.0,0.0,0.0,22.5,3.0,955.0544,
000000.000,0.0,0.0,0.0,0.0,22.5,3.0,955.0451,
000000.000,0.0,0.0,0.0,0.0,22.5,3.0,955.0136,
000000.000,0.0,0.0,0.0,0.0,22.5,3.0,955.0499,
000000.000,0.0,0.0,0.0,0.0,22.5,3.0,955.0362,
000000.000,0.0,0.0,0.0,0.0,22.5,3.0,955.0219,
000000.000,0.0,0.0,0.0,0.0,22.5,3.0,955.0092,
000000.000,0.0,0.0,0.0,0.0,22.5,3.0,955.0066,
000000.000,0.0,0.0,0.0,0.0,22.5,3.0,954.998,
000000.000,0.0,0.0,0.0,0.0,22.5,3.0,954.9611,
142327.00,0.0,0.0,0.0,99.99,22.4375,3.0,954.9559,
142327.00,0.0,0.0,0.0,99.99,22.4375,3.0,954.923,
142327.00,0.0,0.0,0.0,99.99,22.4375,3.0,954.9215,
000000.000,0.0,0.0,0.0,0.0,22.4375,3.0,954.8964,
000000.000,0.0,0.0,0.0,0.0,22.5,3.0,954.8835,
000000.000,0.0,0.0,0.0,0.0,22.4375,3.0,954.8807,
000000.000,0.0,0.0,0.0,0.0,22.4375,3.0,954.8413,
000000.000,0.0,0.0,0.0,0.0,22.4375,3.0,954.8278,
000000.000,0.0,0.0,0.0,0.0,22.4375,3.0,954.8402,
000000.000,0.0,0.0,0.0,0.0,22.4375,3.0,954.8463,
000000.000,0.0,0.0,0.0,0.0,22.5,3.0,954.8215,
000000.000,0.0,0.0,0.0,0.0,22.4375,3.0,954.812,
000000.000,0.0,0.0,0.0,0.0,22.4375,3.0,954.7988,
000000.000,0.0,0.0,0.0,0.0,22.4375,3.0,954.8078,
000000.000,0.0,0.0,0.0,0.0,22.4375,3.0,954.7742,
000000.000,0.0,0.0,0.0,0.0,22.4375,3.0,954.7795,
000000.000,0.0,0.0,0.0,0.0,22.4375,3.0,954.7642,
000000.000,0.0,0.0,0.0,0.0,22.4375,3.0,954.7615,
000000.000,0.0,0.0,0.0,0.0,22.4375,3.0,954.7495,
000000.000,0.0,0.0,0.0,0.0,22.4375,3.0,954.7508,
000000.000,0.0,0.0,0.0,0.0,22.4375,3.0,954.7195,
000000.000,0.0,0.0,0.0,0.0,22.4375,3.0,954.712,
000000.000,0.0,0.0,0.0,0.0,22.4375,3.0,954.7051,
000000.000,0.0,0.0,0.0,0.0,22.4375,3.0,954.694,
000000.000,0.0,0.0,0.0,0.0,22.4375,3.0,954.7043,
000000.000,0.0,0.0,0.0,0.0,22.4375,3.0,954.6752,
000000.000,0.0,0.0,0.0,0.0,22.4375,3.0,954.6835,
000000.000,0.0,0.0,0.0,0.0,22.4375,3.0,954.6647,
000000.000,0.0,0.0,0.0,0.0,22.4375,3.0,954.6799,
000000.000,0.0,0.0,0.0,0.0,22.4375,3.0,954.6793,
000000.000,0.0,0.0,0.0,0.0,22.4375,3.0,954.67,
000000.000,0.0,0.0,0.0,0.0,22.4375,3.0,954.7009,
000000.000,0.0,0.0,0.0,0.0,22.4375,3.0,954.6951,
000000.000,0.0,0.0,0.0,0.0,22.4375,3.0,954.7216,
000000.000,0.0,0.0,0.0,0.0,22.4375,3.0,954.7097,
000000.000,0.0,0.0,0.0,0.0,22.5,3.0,954.7109,
000000.000,0.0,0.0,0.0,0.0,22.5,3.0,954.7088,
000000.000,0.0,0.0,0.0,0.0,22.4375,3.0,954.7211,
000000.000,0.0,0.0,0.0,0.0,22.4375,3.0,954.7461,
142409.00,0.0,0.0,0.0,99.99,22.4375,3.0,954.7336,
142409.00,0.0,0.0,0.0,99.99,22.4375,3.0,954.7556,
142409.00,0.0,0.0,0.0,99.99,22.4375,3.0,954.7301,
142409.00,0.0,0.0,0.0,99.99,22.4375,3.0,954.7444,
142409.00,0.0,0.0,0.0,99.99,22.4375,3.0,954.7513,
142409.00,0.0,0.0,0.0,99.99,22.4375,3.0,954.7584,
000000.000,0.0,0.0,0.0,0.0,22.4375,3.0,954.7868,
000000.000,0.0,0.0,0.0,0.0,22.5,3.0,954.7673,
000000.000,0.0,0.0,0.0,0.0,22.5,3.0,954.7769,
000000.000,0.0,0.0,0.0,0.0,22.4375,3.0,954.7866,
000000.000,0.0,0.0,0.0,0.0,22.5,3.0,954.7721,
000000.000,0.0,0.0,0.0,0.0,22.4375,3.0,954.7727,
000000.000,0.0,0.0,0.0,0.0,22.4375,3.0,954.7797,
000000.000,0.0,0.0,0.0,0.0,22.4375,3.0,954.8124,
000000.000,0.0,0.0,0.0,0.0,22.4375,3.0,954.7751,
000000.000,0.0,0.0,0.0,0.0,22.4375,3.0,954.7813,
000000.000,0.0,0.0,0.0,0.0,22.4375,3.0,954.7927,
000000.000,0.0,0.0,0.0,0.0,22.4375,3.0,954.783,
000000.000,0.0,0.0,0.0,0.0,22.5,3.0,954.7866,
000000.000,0.0,0.0,0.0,0.0,22.5,3.0,954.7999,
000000.000,0.0,0.0,0.0,0.0,22.5,3.0,954.7793,
000000.000,0.0,0.0,0.0,0.0,22.5,3.0,954.7986,
000000.000,0.0,0.0,0.0,0.0,22.5,3.0,954.8284,
000000.000,0.0,0.0,0.0,0.0,22.5,3.0,954.8006,
000000.000,0.0,0.0,0.0,0.0,22.4375,3.0,954.8281,
000000.000,0.0,0.0,0.0,0.0,22.4375,3.0,954.8062,
000000.000,0.0,0.0,0.0,0.0,22.5,3.0,954.8035,
000000.000,0.0,0.0,0.0,0.0,22.5,3.0,954.7819,
000000.000,0.0,0.0,0.0,0.0,22.5,3.0,954.8156,
000000.000,0.0,0.0,0.0,0.0,22.5,3.0,954.8388,
000000.000,0.0,0.0,0.0,0.0,22.4375,3.0,954.8184,
000000.000,0.0,0.0,0.0,0.0,22.5,3.0,954.796,
000000.000,0.0,0.0,0.0,0.0,22.5,3.0,954.8245,
000000.000,0.0,0.0,0.0,0.0,22.4375,3.0,954.7905,
000000.000,0.0,0.0,0.0,0.0,22.4375,3.0,954.8196,
000000.000,0.0,0.0,0.0,0.0,22.5,3.0,954.8287,
000000.000,0.0,0.0,0.0,0.0,22.4375,3.0,954.7932,
000000.000,0.0,0.0,0.0,0.0,22.5,3.0,954.8154,
000000.000,0.0,0.0,0.0,0.0,22.5,3.0,954.8024,
000000.000,0.0,0.0,0.0,0.0,22.5,3.0,954.8026,
000000.000,0.0,0.0,0.0,0.0,22.5,3.0,954.7969,
000000.000,0.0,0.0,0.0,0.0,22.5,3.0,954.8008,
000000.000,0.0,0.0,0.0,0.0,22.5,3.0,954.7822,
000000.000,0.0,0.0,0.0,0.0,22.5,3.0,954.7795,
000000.000,0.0,0.0,0.0,0.0,22.4375,3.0,954.812,
000000.000,0.0,0.0,0.0,0.0,22.4375,3.0,954.7673,
000000.000,0.0,0.0,0.0,0.0,22.4375,3.0,954.7636,
000000.000,0.0,0.0,0.0,0.0,22.4375,3.0,954.7642,
000000.000,0.0,0.0,0.0,0.0,22.4375,3.0,954.7403,
000000.000,0.0,0.0,0.0,0.0,22.4375,3.0,954.7505,
000000.000,0.0,0.0,0.0,0.0,22.4375,3.0,954.7135,
000000.000,0.0,0.0,0.0,0.0,22.4375,3.0,954.7078,
000000.000,0.0,0.0,0.0,0.0,22.4375,3.0,954.7071,
000000.000,0.0,0.0,0.0,0.0,22.4375,3.0,954.7159,
000000.000,0.0,0.0,0.0,0.0,22.5,3.0,954.7288,
000000.000,0.0,0.0,0.0,0.0,22.4375,3.0,954.7363,
000000.000,0.0,0.0,0.0,0.0,22.5,3.0,954.7367,
000000.000,0.0,0.0,0.0,0.0,22.4375,3.0,954.7463,
000000.000,0.0,0.0,0.0,0.0,22.4375,3.0,954.7366,
000000.000,0.0,0.0,0.0,0.0,22.4375,3.0,954.7095,
000000.000,0.0,0.0,0.0,0.0,22.4375,3.0,954.7252,
000000.000,0.0,0.0,0.0,0.0,22.4375,3.0,954.7056,
000000.000,0.0,0.0,0.0,0.0,22.4375,3.0,954.6944,
000000.000,0.0,0.0,0.0,0.0,22.4375,3.0,954.7081,
000000.000,0.0,0.0,0.0,0.0,22.4375,3.0,954.6951,
000000.000,0.0,0.0,0.0,0.0,22.4375,3.0,954.7271,
000000.000,0.0,0.0,0.0,0.0,22.4375,3.0,954.6542,
142521.00,0.0,0.0,0.0,99.99,22.4375,3.0,954.6548,
142521.00,0.0,0.0,0.0,99.99,22.4375,3.0,954.662,
142521.00,0.0,0.0,0.0,99.99,22.4375,3.0,954.6479,
142521.00,0.0,0.0,0.0,99.99,22.4375,3.0,954.6274,
142521.00,0.0,0.0,0.0,99.99,22.4375,3.0,954.619,
142521.00,0.0,0.0,0.0,99.99,22.4375,3.0,954.6158,
142521.00,0.0,0.0,0.0,99.99,22.4375,3.0,954.6309,
142521.00,0.0,0.0,0.0,99.99,22.4375,3.0,954.5987,
142521.00,0.0,0.0,0.0,99.99,22.4375,3.0,954.5997,
142521.00,0.0,0.0,0.0,99.99,22.4375,3.0,954.5854,
000000.000,0.0,0.0,0.0,0.0,22.4375,3.0,954.5969,
000000.000,0.0,0.0,0.0,0.0,22.4375,3.0,954.6094,
000000.000,0.0,0.0,0.0,0.0,22.4375,3.0,954.5887,
000000.000,0.0,0.0,0.0,0.0,22.4375,3.0,954.5854,
000000.000,0.0,0.0,0.0,0.0,22.4375,3.0,954.5885,
000000.000,0.0,0.0,0.0,0.0,22.4375,3.0,954.5463,
000000.000,0.0,0.0,0.0,0.0,22.375,3.0,954.577,
000000.000,0.0,0.0,0.0,0.0,22.375,3.0,954.5599,
000000.000,0.0,0.0,0.0,0.0,22.4375,3.0,954.606,
000000.000,0.0,0.0,0.0,0.0,22.4375,3.0,954.5831,
000000.000,0.0,0.0,0.0,0.0,22.4375,3.0,954.6139,
000000.000,0.0,0.0,0.0,0.0,22.4375,3.0,954.6181,
000000.000,0.0,0.0,0.0,0.0,22.4375,3.0,954.623,
000000.000,0.0,0.0,0.0,0.0,22.4375,3.0,954.6211,
000000.000,0.0,0.0,0.0,0.0,22.4375,3.0,954.6016,
000000.000,0.0,0.0,0.0,0.0,22.4375,3.0,954.6214,
000000.000,0.0,0.0,0.0,0.0,22.4375,3.0,954.6316,
000000.000,0.0,0.0,0.0,0.0,22.4375,3.0,954.6147,
000000.000,0.0,0.0,0.0,0.0,22.4375,3.0,954.6295,
000000.000,0.0,0.0,0.0,0.0,22.4375,3.0,954.6304,
000000.000,0.0,0.0,0.0,0.0,22.4375,3.0,954.6586,
000000.000,0.0,0.0,0.0,0.0,22.4375,3.0,954.6456,
000000.000,0.0,0.0,0.0,0.0,22.4375,3.0,954.6526,
000000.000,0.0,0.0,0.0,0.0,22.4375,3.0,954.6665,
000000.000,0.0,0.0,0.0,0.0,22.5,3.0,954.6476,
000000.000,0.0,0.0,0.0,0.0,22.5,3.0,954.6818,
000000.000,0.0,0.0,0.0,0.0,22.5,3.0,954.6833,
000000.000,0.0,0.0,0.0,0.0,22.4375,3.0,954.6713,
000000.000,0.0,0.0,0.0,0.0,22.5,3.0,954.6863,
000000.000,0.0,0.0,0.0,0.0,22.4375,3.0,954.641,
000000.000,0.0,0.0,0.0,0.0,22.4375,3.0,954.6524,
000000.000,0.0,0.0,0.0,0.0,22.4375,3.0,954.6707,
000000.000,0.0,0.0,0.0,0.0,22.4375,3.0,954.6683,
000000.000,0.0,0.0,0.0,0.0,22.4375,3.0,954.6576,
000000.000,0.0,0.0,0.0,0.0,22.4375,3.0,954.6616,
000000.000,0.0,0.0,0.0,0.0,22.4375,3.0,954.6758,
000000.000,0.0,0.0,0.0,0.0,22.5,3.0,954.6615,
000000.000,0.0,0.0,0.0,0.0,22.5,3.0,954.6731,
000000.000,0.0,0.0,0.0,0.0,22.5,3.0,954.6733,
000000.000,0.0,0.0,0.0,0.0,22.4375,3.0,954.6806,
000000.000,0.0,0.0,0.0,0.0,22.4375,3.0,954.6661,
000000.000,0.0,0.0,0.0,0.0,22.5,3.0,954.6504,
000000.000,0.0,0.0,0.0,0.0,22.4375,3.0,954.6669,
000000.000,0.0,0.0,0.0,0.0,22.4375,3.0,954.6498,
000000.000,0.0,0.0,0.0,0.0,22.4375,3.0,954.6348,
000000.000,0.0,0.0,0.0,0.0,22.4375,3.0,954.6562,
000000.000,0.0,0.0,0.0,0.0,22.4375,3.0,954.6373,
000000.000,0.0,0.0,0.0,0.0,22.4375,3.0,954.6199,
000000.000,0.0,0.0,0.0,0.0,22.4375,3.0,954.6393,
000000.000,0.0,0.0,0.0,0.0,22.4375,3.0,954.6219,
000000.000,0.0,0.0,0.0,0.0,22.4375,3.0,954.6239,
000000.000,0.0,0.0,0.0,0.0,22.4375,3.0,954.6222,
000000.000,0.0,0.0,0.0,0.0,22.4375,3.0,954.6071,
000000.000,0.0,0.0,0.0,0.0,22.4375,3.0,954.6136,
000000.000,0.0,0.0,0.0,0.0,22.4375,3.0,954.6044,
000000.000,0.0,0.0,0.0,0.0,22.4375,3.0,954.5775,
000000.000,0.0,0.0,0.0,0.0,22.4375,3.0,954.5706,
000000.000,0.0,0.0,0.0,0.0,22.4375,3.0,954.5974,
000000.000,0.0,0.0,0.0,0.0,22.4375,3.0,954.5874,
000000.000,0.0,0.0,0.0,0.0,22.4375,3.0,954.5722,
000000.000,0.0,0.0,0.0,0.0,22.4375,3.0,954.5848,
000000.000,0.0,0.0,0.0,0.0,22.4375,3.0,954.601,
000000.000,0.0,0.0,0.0,0.0,22.4375,3.0,954.5953,
000000.000,0.0,0.0,0.0,0.0,22.5,3.0,954.5989,
000000.000,0.0,0.0,0.0,0.0,22.4375,3.0,954.6256,
000000.000,0.0,0.0,0.0,0.0,22.5,3.0,954.5938,
000000.000,0.0,0.0,0.0,0.0,22.5,3.0,954.5884,
000000.000,0.0,0.0,0.0,0.0,22.4375,3.0,954.6041,
000000.000,0.0,0.0,0.0,0.0,22.5,3.0,954.5842,
000000.000,0.0,0.0,0.0,0.0,22.5,3.0,954.6205,
000000.000,0.0,0.0,0.0,0.0,22.5,3.0,954.6161,
000000.000,0.0,0.0,0.0,0.0,22.5,3.0,954.6591,
000000.000,0.0,0.0,0.0,0.0,22.4375,3.0,954.6301,
000000.000,0.0,0.0,0.0,0.0,22.5,3.0,954.6447,
000000.000,0.0,0.0,0.0,0.0,22.5,3.0,954.6312,
000000.000,0.0,0.0,0.0,0.0,22.5,3.0,954.687,
000000.000,0.0,0.0,0.0,0.0,22.5,3.0,954.6766,
000000.000,0.0,0.0,0.0,0.0,22.5,3.0,954.6957,
000000.000,0.0,0.0,0.0,0.0,22.5,3.0,954.6682,
000000.000,0.0,0.0,0.0,0.0,22.5,3.0,954.6893,
000000.000,0.0,0.0,0.0,0.0,22.5,3.0,954.6962,
000000.000,0.0,0.0,0.0,0.0,22.5,3.0,954.7094,
000000.000,0.0,0.0,0.0,0.0,22.5,3.0,954.7245,
000000.000,0.0,0.0,0.0,0.0,22.5,3.0,954.7388,
000000.000,0.0,0.0,0.0,0.0,22.5,3.0,954.6853,
000000.000,0.0,0.0,0.0,0.0,22.5,3.0,954.7239,
000000.000,0.0,0.0,0.0,0.0,22.5,3.0,954.7256,
000000.000,0.0,0.0,0.0,0.0,22.5,3.0,954.7343,
000000.000,0.0,0.0,0.0,0.0,22.5,3.0,954.7224,
000000.000,0.0,0.0,0.0,0.0,22.5,3.0,954.7314,
000000.000,0.0,0.0,0.0,0.0,22.5,3.0,954.7546,
000000.000,0.0,0.0,0.0,0.0,22.5,3.0,954.7676,
000000.000,0.0,0.0,0.0,0.0,22.5,3.0,954.7683,
000000.000,0.0,0.0,0.0,0.0,22.5,3.0,954.7582,
000000.000,0.0,0.0,0.0,0.0,22.5,3.0,954.7583,
000000.000,0.0,0.0,0.0,0.0,22.5,3.0,954.7739,
000000.000,0.0,0.0,0.0,0.0,22.5,3.0,954.7619,
000000.000,0.0,0.0,0.0,0.0,22.5,3.0,954.7868,
000000.000,0.0,0.0,0.0,0.0,22.5,3.0,954.7679,
000000.000,0.0,0.0,0.0,0.0,22.5,3.0,954.7573,
000000.000,0.0,0.0,0.0,0.0,22.4375,3.0,954.746,
000000.000,0.0,0.0,0.0,0.0,22.4375,3.0,954.7364,
000000.000,0.0,0.0,0.0,0.0,22.5,3.0,954.7488,
000000.000,0.0,0.0,0.0,0.0,22.4375,3.0,954.7326,
000000.000,0.0,0.0,0.0,0.0,22.5,3.0,954.7603,
000000.000,0.0,0.0,0.0,0.0,22.4375,3.0,954.7316,
000000.000,0.0,0.0,0.0,0.0,22.5,3.0,954.742,
000000.000,0.0,0.0,0.0,0.0,22.4375,3.0,954.7283,
000000.000,0.0,0.0,0.0,0.0,22.5,3.0,954.7312,
000000.000,0.0,0.0,0.0,0.0,22.5,3.0,954.7393,
000000.000,0.0,0.0,0.0,0.0,22.4375,3.0,954.7307,
000000.000,0.0,0.0,0.0,0.0,22.5,3.0,954.7531,
000000.000,0.0,0.0,0.0,0.0,22.5,3.0,954.7468,
000000.000,0.0,0.0,0.0,0.0,22.5,3.0,954.7372,
000000.000,0.0,0.0,0.0,0.0,22.5,3.0,954.7441,
000000.000,0.0,0.0,0.0,0.0,22.5,3.0,954.749,
000000.000,0.0,0.0,0.0,0.0,22.5,3.0,954.7424,
000000.000,0.0,0.0,0.0,0.0,22.4375,3.0,954.7188,
000000.000,0.0,0.0,0.0,0.0,22.5,3.0,954.7104,
000000.000,0.0,0.0,0.0,0.0,22.4375,3.0,954.6945,
000000.000,0.0,0.0,0.0,0.0,22.5,3.0,954.6682,
000000.000,0.0,0.0,0.0,0.0,22.4375,3.0,954.654,
000000.000,0.0,0.0,0.0,0.0,22.4375,3.0,954.657,
000000.000,0.0,0.0,0.0,0.0,22.4375,3.0,954.617,
000000.000,0.0,0.0,0.0,0.0,22.4375,3.0,954.61,
000000.000,0.0,0.0,0.0,0.0,22.4375,3.0,954.6068,
000000.000,0.0,0.0,0.0,0.0,22.4375,3.0,954.6026,
000000.000,0.0,0.0,0.0,0.0,22.4375,3.0,954.6046,
000000.000,0.0,0.0,0.0,0.0,22.4375,3.0,954.6312,
000000.000,0.0,0.0,0.0,0.0,22.4375,3.0,954.6194,
000000.000,0.0,0.0,0.0,0.0,22.4375,3.0,954.637,
000000.000,0.0,0.0,0.0,0.0,22.4375,3.0,954.618,
000000.000,0.0,0.0,0.0,0.0,22.4375,3.0,954.6298,
000000.000,0.0,0.0,0.0,0.0,22.4375,3.0,954.6226,
000000.000,0.0,0.0,0.0,0.0,22.4375,3.0,954.6142,
000000.000,0.0,0.0,0.0,0.0,22.4375,3.0,954.6167,
000000.000,0.0,0.0,0.0,0.0,22.4375,3.0,954.5991,
000000.000,0.0,0.0,0.0,0.0,22.4375,3.0,954.6146,
000000.000,0.0,0.0,0.0,0.0,22.4375,3.0,954.625,
000000.000,0.0,0.0,0.0,0.0,22.4375,3.0,954.5966,
000000.000,0.0,0.0,0.0,0.0,22.4375,3.0,954.5988,
000000.000,0.0,0.0,0.0,0.0,22.4375,3.0,954.6072,
000000.000,0.0,0.0,0.0,0.0,22.4375,3.0,954.6055,
000000.000,0.0,0.0,0.0,0.0,22.4375,3.0,954.5923,
000000.000,0.0,0.0,0.0,0.0,22.4375,3.0,954.6124,
000000.000,0.0,0.0,0.0,0.0,22.4375,3.0,954.5995,
000000.000,0.0,0.0,0.0,0.0,22.4375,3.0,954.5589,
000000.000,0.0,0.0,0.0,0.0,22.4375,3.0,954.5585,
000000.000,0.0,0.0,0.0,0.0,22.4375,3.0,954.5698,
000000.000,0.0,0.0,0.0,0.0,22.4375,3.0,954.5919,
000000.000,0.0,0.0,0.0,0.0,22.4375,3.0,954.5951,
000000.000,0.0,0.0,0.0,0.0,22.4375,3.0,954.577,
000000.000,0.0,0.0,0.0,0.0,22.4375,3.0,954.5699,
000000.000,0.0,0.0,0.0,0.0,22.4375,3.0,954.5471,
000000.000,0.0,0.0,0.0,0.0,22.4375,3.0,954.5234,
000000.000,0.0,0.0,0.0,0.0,22.4375,3.0,954.5642,
000000.000,0.0,0.0,0.0,0.0,22.4375,3.0,954.5564,
000000.000,0.0,0.0,0.0,0.0,22.4375,3.0,954.5472,
000000.000,0.0,0.0,0.0,0.0,22.4375,3.0,954.5709,
000000.000,0.0,0.0,0.0,0.0,22.4375,3.0,954.5778,
000000.000,0.0,0.0,0.0,0.0,22.4375,3.0,954.5684,
000000.000,0.0,0.0,0.0,0.0,22.4375,3.0,954.5516,
000000.000,0.0,0.0,0.0,0.0,22.4375,3.0,954.5479,
000000.000,0.0,0.0,0.0,0.0,22.4375,3.0,954.5324,
000000.000,0.0,0.0,0.0,0.0,22.4375,3.0,954.5259,
000000.000,0.0,0.0,0.0,0.0,22.4375,3.0,954.548,
000000.000,0.0,0.0,0.0,0.0,22.4375,3.0,954.5114,
000000.000,0.0,0.0,0.0,0.0,22.4375,3.0,954.5301,
000000.000,0.0,0.0,0.0,0.0,22.4375,3.0,954.5529,
000000.000,0.0,0.0,0.0,0.0,22.4375,3.0,954.5467,
000000.000,0.0,0.0,0.0,0.0,22.4375,3.0,954.5467,
000000.000,0.0,0.0,0.0,0.0,22.4375,3.0,954.5272,
000000.000,0.0,0.0,0.0,0.0,22.4375,3.0,954.5594,
000000.000,0.0,0.0,0.0,0.0,22.4375,3.0,954.5515,
000000.000,0.0,0.0,0.0,0.0,22.4375,3.0,954.5693,
000000.000,0.0,0.0,0.0,0.0,22.4375,3.0,954.5394,
000000.000,0.0,0.0,0.0,0.0,22.4375,3.0,954.5364,
000000.000,0.0,0.0,0.0,0.0,22.4375,3.0,954.5316,
000000.000,0.0,0.0,0.0,0.0,22.4375,3.0,954.5375,
000000.000,0.0,0.0,0.0,0.0,22.4375,3.0,954.5014,
000000.000,0.0,0.0,0.0,0.0,22.4375,3.0,954.5024,
000000.000,0.0,0.0,0.0,0.0,22.4375,3.0,954.4886,
000000.000,0.0,0.0,0.0,0.0,22.4375,3.0,954.4645,
000000.000,0.0,0.0,0.0,0.0,22.4375,3.0,954.4794,
000000.000,0.0,0.0,0.0,0.0,22.4375,3.0,954.4662,
000000.000,0.0,0.0,0.0,0.0,22.4375,3.0,954.4424,
000000.000,0.0,0.0,0.0,0.0,22.4375,3.0,954.4408,
000000.000,0.0,0.0,0.0,0.0,22.4375,3.0,954.4665,
000000.000,0.0,0.0,0.0,0.0,22.375,3.0,954.4409,
000000.000,0.0,0.0,0.0,0.0,22.4375,3.0,954.4333,
000000.000,0.0,0.0,0.0,0.0,22.4375,3.0,954.3926,
000000.000,0.0,0.0,0.0,0.0,22.375,3.0,954.3962,
000000.000,0.0,0.0,0.0,0.0,22.375,3.0,954.3755,
000000.000,0.0,0.0,0.0,0.0,22.375,3.0,954.3574,
000000.000,0.0,0.0,0.0,0.0,22.375,3.0,954.3436,
000000.000,0.0,0.0,0.0,0.0,22.375,3.0,954.35,
000000.000,0.0,0.0,0.0,0.0,22.375,3.0,954.3215,
000000.000,0.0,0.0,0.0,0.0,22.375,3.0,954.3326,
000000.000,0.0,0.0,0.0,0.0,22.375,3.0,954.3445,
000000.000,0.0,0.0,0.0,0.0,22.375,3.0,954.351,
000000.000,0.0,0.0,0.0,0.0,22.375,3.0,954.3211,
000000.000,0.0,0.0,0.0,0.0,22.4375,3.0,954.3478,
000000.000,0.0,0.0,0.0,0.0,22.375,3.0,954.3387,
000000.000,0.0,0.0,0.0,0.0,22.375,3.0,954.3646,
000000.000,0.0,0.0,0.0,0.0,22.375,3.0,954.3448,
000000.000,0.0,0.0,0.0,0.0,22.375,3.0,954.3257,
000000.000,0.0,0.0,0.0,0.0,22.4375,3.0,954.3344,
000000.000,0.0,0.0,0.0,0.0,22.4375,3.0,954.3494,
000000.000,0.0,0.0,0.0,0.0,22.375,3.0,954.3519,
000000.000,0.0,0.0,0.0,0.0,22.4375,3.0,954.3579,
000000.000,0.0,0.0,0.0,0.0,22.4375,3.0,954.3104,
000000.000,0.0,0.0,0.0,0.0,22.4375,3.0,954.3067,
000000.000,0.0,0.0,0.0,0.0,22.4375,3.0,954.3348,
000000.000,0.0,0.0,0.0,0.0,22.4375,3.0,954.2761,
000000.000,0.0,0.0,0.0,0.0,22.4375,3.0,954.2798,
000000.000,0.0,0.0,0.0,0.0,22.4375,3.0,954.2818,
000000.000,0.0,0.0,0.0,0.0,22.375,3.0,954.2954,
000000.000,0.0,0.0,0.0,0.0,22.375,3.0,954.2681,
000000.000,0.0,0.0,0.0,0.0,22.375,3.0,954.2567,
000000.000,0.0,0.0,0.0,0.0,22.375,3.0,954.2752,
000000.000,0.0,0.0,0.0,0.0,22.375,3.0,954.2762,
000000.000,0.0,0.0,0.0,0.0,22.375,3.0,954.2974,
000000.000,0.0,0.0,0.0,0.0,22.375,3.0,954.2882,
000000.000,0.0,0.0,0.0,0.0,22.375,3.0,954.2775,
000000.000,0.0,0.0,0.0,0.0,22.4375,3.0,954.2892,
000000.000,0.0,0.0,0.0,0.0,22.4375,3.0,954.2921,
000000.000,0.0,0.0,0.0,0.0,22.375,3.0,954.2976,
000000.000,0.0,0.0,0.0,0.0,22.375,3.0,954.2996,
000000.000,0.0,0.0,0.0,0.0,22.4375,3.0,954.3004,
000000.000,0.0,0.0,0.0,0.0,22.4375,3.0,954.2985,
000000.000,0.0,0.0,0.0,0.0,22.4375,3.0,954.3361,
000000.000,0.0,0.0,0.0,0.0,22.4375,3.0,954.3346,
000000.000,0.0,0.0,0.0,0.0,22.4375,3.0,954.3448,
000000.000,0.0,0.0,0.0,0.0,22.4375,3.0,954.3352,
000000.000,0.0,0.0,0.0,0.0,22.4375,3.0,954.3821,
000000.000,0.0,0.0,0.0,0.0,22.4375,3.0,954.353,
000000.000,0.0,0.0,0.0,0.0,22.4375,3.0,954.3881,
000000.000,0.0,0.0,0.0,0.0,22.4375,3.0,954.37,
000000.000,0.0,0.0,0.0,0.0,22.4375,3.0,954.3719,
000000.000,0.0,0.0,0.0,0.0,22.4375,3.0,954.3688,
000000.000,0.0,0.0,0.0,0.0,22.4375,3.0,954.3411,
000000.000,0.0,0.0,0.0,0.0,22.4375,3.0,954.3605,
000000.000,0.0,0.0,0.0,0.0,22.4375,3.0,954.3507,
000000.000,0.0,0.0,0.0,0.0,22.375,3.0,954.3698,
000000.000,0.0,0.0,0.0,0.0,22.4375,3.0,954.3473,
000000.000,0.0,0.0,0.0,0.0,22.4375,3.0,954.3653,
000000.000,0.0,0.0,0.0,0.0,22.4375,3.0,954.3521,
000000.000,0.0,0.0,0.0,0.0,22.4375,3.0,954.3691,
000000.000,0.0,0.0,0.0,0.0,22.4375,3.0,954.3717,
000000.000,0.0,0.0,0.0,0.0,22.4375,3.0,954.3937,
000000.000,0.0,0.0,0.0,0.0,22.4375,3.0,954.392,
000000.000,0.0,0.0,0.0,0.0,22.4375,3.0,954.3998,
000000.000,0.0,0.0,0.0,0.0,22.4375,3.0,954.3834,
000000.000,0.0,0.0,0.0,0.0,22.4375,3.0,954.3873,
000000.000,0.0,0.0,0.0,0.0,22.4375,3.0,954.4059,
000000.000,0.0,0.0,0.0,0.0,22.4375,3.0,954.3949,
000000.000,0.0,0.0,0.0,0.0,22.4375,3.0,954.4138,
000000.000,0.0,0.0,0.0,0.0,22.4375,3.0,954.4215,
000000.000,0.0,0.0,0.0,0.0,22.4375,3.0,954.4381,
000000.000,0.0,0.0,0.0,0.0,22.4375,3.0,954.42,
000000.000,0.0,0.0,0.0,0.0,22.4375,3.0,954.4168,
000000.000,0.0,0.0,0.0,0.0,22.4375,3.0,954.4346,
000000.000,0.0,0.0,0.0,0.0,22.4375,3.0,954.4333,
000000.000,0.0,0.0,0.0,0.0,22.4375,3.0,954.4302,
000000.000,0.0,0.0,0.0,0.0,22.4375,3.0,954.4542,
000000.000,0.0,0.0,0.0,0.0,22.4375,3.0,954.4327,
000000.000,0.0,0.0,0.0,0.0,22.4375,3.0,954.4061,
000000.000,0.0,0.0,0.0,0.0,22.4375,3.0,954.4547,
000000.000,0.0,0.0,0.0,0.0,22.4375,3.0,954.4431,
000000.000,0.0,0.0,0.0,0.0,22.4375,3.0,954.4211,
000000.000,0.0,0.0,0.0,0.0,22.4375,3.0,954.4324,
000000.000,0.0,0.0,0.0,0.0,22.4375,3.0,954.4299,
000000.000,0.0,0.0,0.0,0.0,22.4375,3.0,954.4431,
000000.000,0.0,0.0,0.0,0.0,22.4375,3.0,954.4492,
000000.000,0.0,0.0,0.0,0.0,22.4375,3.0,954.4592,
000000.000,0.0,0.0,0.0,0.0,22.4375,3.0,954.4446,
000000.000,0.0,0.0,0.0,0.0,22.4375,3.0,954.4462,
000000.000,0.0,0.0,0.0,0.0,22.4375,3.0,954.4606,
000000.000,0.0,0.0,0.0,0.0,22.4375,3.0,954.424,
000000.000,0.0,0.0,0.0,0.0,22.4375,3.0,954.4266,
000000.000,0.0,0.0,0.0,0.0,22.4375,3.0,954.4468,
143033.00,0.0,0.0,0.0,99.99,22.4375,3.0,954.4344,
143033.00,0.0,0.0,0.0,99.99,22.4375,3.0,954.438,
143033.00,0.0,0.0,0.0,99.99,22.4375,3.0,954.4665,
143033.00,0.0,0.0,0.0,99.99,22.4375,3.0,954.4119,
143033.00,0.0,0.0,0.0,99.99,22.4375,3.0,954.4335,
143033.00,0.0,0.0,0.0,99.99,22.4375,3.0,954.4482,
000000.000,0.0,0.0,0.0,0.0,22.4375,3.0,954.4467,
000000.000,0.0,0.0,0.0,0.0,22.4375,3.0,954.4343,
000000.000,0.0,0.0,0.0,0.0,22.4375,3.0,954.461,
000000.000,0.0,0.0,0.0,0.0,22.4375,3.0,954.4545,
000000.000,0.0,0.0,0.0,0.0,22.4375,3.0,954.4394,
000000.000,0.0,0.0,0.0,0.0,22.4375,3.0,954.4171,
000000.000,0.0,0.0,0.0,0.0,85.0,3.0,955.911,
000000.000,0.0,0.0,0.0,0.0,22.25,3.0,955.95,
000000.000,0.0,0.0,0.0,99.99,22.25,3.0,955.964,
000000.000,0.0,0.0,0.0,99.99,22.25,3.0,955.9694,
000000.000,0.0,0.0,0.0,99.99,22.3125,3.0,955.9788,
000000.000,0.0,0.0,0.0,99.99,22.3125,3.0,955.9671,
000000.000,0.0,0.0,0.0,99.99,22.3125,3.0,955.9389,
000000.000,0.0,0.0,0.0,99.99,22.3125,3.0,955.9545,
000000.000,0.0,0.0,0.0,99.99,22.3125,3.0,955.9646,
000000.000,0.0,0.0,0.0,99.99,22.3125,3.0,955.9688,
000000.000,0.0,0.0,0.0,99.99,22.3125,3.0,955.9849,
000000.000,0.0,0.0,0.0,99.99,22.3125,3.0,956.0076,
000000.000,0.0,0.0,0.0,99.99,22.3125,3.0,955.9722,
000000.000,0.0,0.0,0.0,99.99,22.3125,3.0,955.9953,
000000.000,0.0,0.0,0.0,99.99,22.3125,3.0,955.9949,
000000.000,0.0,0.0,0.0,99.99,22.375,3.0,955.988,
000000.000,0.0,0.0,0.0,99.99,22.3125,3.0,955.9942,
000000.000,0.0,0.0,0.0,99.99,22.3125,3.0,955.9563,
000000.000,0.0,0.0,0.0,99.99,22.375,3.0,955.9688,
000000.000,0.0,0.0,0.0,99.99,22.375,3.0,955.939,
000000.000,0.0,0.0,0.0,99.99,22.375,3.0,955.9213,
000000.000,0.0,0.0,0.0,99.99,22.375,3.0,955.967,
000000.000,0.0,0.0,0.0,99.99,22.375,3.0,955.9603,
000000.000,0.0,0.0,0.0,99.99,22.375,3.0,955.9698,
000000.000,0.0,0.0,0.0,99.99,22.375,3.0,955.9838,
000000.000,0.0,0.0,0.0,99.99,22.375,3.0,956.0052,
000000.000,0.0,0.0,0.0,99.99,22.375,3.0,955.9995,
000000.000,0.0,0.0,0.0,99.99,22.375,3.0,956.0013,
000000.000,0.0,0.0,0.0,99.99,22.375,3.0,955.9765,
000000.000,0.0,0.0,0.0,99.99,22.375,3.0,955.9763,
000000.000,0.0,0.0,0.0,99.99,22.375,3.0,955.9471,
000000.000,0.0,0.0,0.0,99.99,22.375,3.0,955.9188,
000000.000,0.0,0.0,0.0,99.99,22.375,3.0,955.9149,
000000.000,0.0,0.0,0.0,99.99,22.375,3.0,955.9151,
000000.000,0.0,0.0,0.0,99.99,22.375,3.0,955.8993,
000000.000,0.0,0.0,0.0,99.99,22.375,3.0,955.8856,
000000.000,0.0,0.0,0.0,99.99,22.375,3.0,955.8973,
000000.000,0.0,0.0,0.0,99.99,22.375,3.0,955.8994,
000000.000,0.0,0.0,0.0,99.99,22.375,3.0,955.9045,
000000.000,0.0,0.0,0.0,99.99,22.375,3.0,955.8912,
000000.000,0.0,0.0,0.0,0.0,22.375,3.0,955.8881,
000000.000,0.0,0.0,0.0,0.0,22.375,3.0,955.8802,
000000.000,0.0,0.0,0.0,0.0,22.4375,3.0,955.8976,
000000.000,0.0,0.0,0.0,0.0,22.375,3.0,955.9,
000000.000,0.0,0.0,0.0,0.0,22.375,3.0,955.9178,
000000.000,0.0,0.0,0.0,0.0,22.375,3.0,955.9253,
000000.000,0.0,0.0,0.0,0.0,22.375,3.0,955.9378,
000000.000,0.0,0.0,0.0,0.0,22.375,3.0,955.9615,
000000.000,0.0,0.0,0.0,0.0,22.375,3.0,955.9546,
000000.000,0.0,0.0,0.0,0.0,22.375,3.0,955.9785,
000000.000,0.0,0.0,0.0,0.0,22.4375,3.0,955.9635,
000000.000,0.0,0.0,0.0,0.0,22.375,3.0,956.0292,
000000.000,0.0,0.0,0.0,0.0,22.4375,3.0,956.0408,
000000.000,0.0,0.0,0.0,0.0,22.4375,3.0,956.0549,
000000.000,0.0,0.0,0.0,0.0,22.375,3.0,956.067,
000000.000,0.0,0.0,0.0,0.0,22.4375,3.0,956.041,
000000.000,0.0,0.0,0.0,0.0,22.375,3.0,956.0756,
000000.000,0.0,0.0,0.0,0.0,22.4375,3.0,956.0761,
000000.000,0.0,0.0,0.0,0.0,22.4375,3.0,956.0634,
000000.000,0.0,0.0,0.0,0.0,22.4375,3.0,956.0818,
000000.000,0.0,0.0,0.0,0.0,22.375,3.0,956.0605,
000000.000,0.0,0.0,0.0,0.0,22.4375,3.0,956.0703,
000000.000,0.0,0.0,0.0,0.0,22.4375,3.0,956.1096,
000000.000,0.0,0.0,0.0,0.0,22.4375,3.0,956.1372,
000000.000,0.0,0.0,0.0,0.0,22.4375,3.0,956.1196,
000000.000,0.0,0.0,0.0,0.0,22.375,3.0,956.1555,
144527.00,0.0,0.0,0.0,99.99,22.4375,3.0,956.169,
144527.00,0.0,0.0,0.0,99.99,22.4375,3.0,956.1989,
144527.00,0.0,0.0,0.0,99.99,22.4375,3.0,956.1863,
144530.00,0.0,0.0,0.0,99.99,22.4375,3.0,956.2114,
144530.00,0.0,0.0,0.0,99.99,22.4375,3.0,956.2545,
144530.00,0.0,0.0,0.0,99.99,22.4375,3.0,956.2825,
144530.00,0.0,0.0,0.0,99.99,22.4375,3.0,956.3119,
000000.000,0.0,0.0,0.0,0.0,22.4375,3.0,956.325,
000000.000,0.0,0.0,0.0,0.0,22.4375,3.0,956.3367,
000000.000,0.0,0.0,0.0,0.0,22.4375,3.0,956.342,
000000.000,0.0,0.0,0.0,0.0,22.4375,3.0,956.3489,
000000.000,0.0,0.0,0.0,0.0,22.4375,3.0,956.3033,
000000.000,0.0,0.0,0.0,0.0,22.4375,3.0,956.3349,
000000.000,0.0,0.0,0.0,0.0,22.4375,3.0,956.3063,
000000.000,0.0,0.0,0.0,0.0,22.4375,3.0,956.2856,
000000.000,0.0,0.0,0.0,0.0,22.4375,3.0,956.0784,
000000.000,0.0,0.0,0.0,0.0,22.375,3.0,956.1147,
000000.000,0.0,0.0,0.0,0.0,22.3125,3.0,956.0491,
000000.000,0.0,0.0,0.0,0.0,22.375,3.0,956.0511,
000000.000,0.0,0.0,0.0,0.0,22.375,3.0,956.0829,
000000.000,0.0,0.0,0.0,0.0,22.375,3.0,956.0803,
000000.000,0.0,0.0,0.0,0.0,22.375,3.0,956.0723,
144628.00,0.0,0.0,0.0,99.99,22.4375,3.0,956.0887,
144628.00,0.0,0.0,0.0,99.99,22.375,3.0,956.0667,
144628.00,0.0,0.0,0.0,99.99,22.375,3.0,956.0599,
144628.00,0.0,0.0,0.0,99.99,22.4375,3.0,956.0924,
144628.00,0.0,0.0,0.0,99.99,22.375,3.0,956.0899,
144628.00,0.0,0.0,0.0,99.99,22.4375,3.0,956.1248,
144628.00,0.0,0.0,0.0,99.99,22.4375,3.0,956.1132,
144628.00,0.0,0.0,0.0,99.99,22.4375,3.0,956.1053,
144628.00,0.0,0.0,0.0,99.99,22.4375,3.0,956.12,
144628.00,0.0,0.0,0.0,99.99,22.4375,3.0,956.0854,
144628.00,0.0,0.0,0.0,99.99,22.4375,3.0,956.0853,
000000.000,0.0,0.0,0.0,0.0,22.4375,3.0,956.0598,
000000.000,0.0,0.0,0.0,0.0,22.4375,3.0,956.0355,
000000.000,0.0,0.0,0.0,0.0,22.4375,3.0,956.0375,
000000.000,0.0,0.0,0.0,0.0,22.4375,3.0,956.0477,
000000.000,0.0,0.0,0.0,0.0,22.4375,3.0,956.0715,
000000.000,0.0,0.0,0.0,0.0,22.4375,3.0,956.0582,
000000.000,0.0,0.0,0.0,0.0,22.4375,3.0,956.0386,
000000.000,0.0,0.0,0.0,0.0,22.4375,3.0,956.0302,
000000.000,0.0,0.0,0.0,0.0,22.4375,3.0,956.0632,
000000.000,0.0,0.0,0.0,0.0,22.5,3.0,956.0577,
000000.000,0.0,0.0,0.0,0.0,22.4375,3.0,956.0298,
000000.000,0.0,0.0,0.0,0.0,22.4375,3.0,956.0396,
000000.000,0.0,0.0,0.0,0.0,22.4375,3.0,956.0026,
000000.000,0.0,0.0,0.0,0.0,22.4375,3.0,956.0193,
000000.000,0.0,0.0,0.0,0.0,22.4375,3.0,956.003,
000000.000,0.0,0.0,0.0,0.0,22.5,3.0,956.0274,
000000.000,0.0,0.0,0.0,0.0,22.5,3.0,955.9922,
000000.000,0.0,0.0,0.0,0.0,22.5,3.0,956.0368,
000000.000,0.0,0.0,0.0,0.0,22.4375,3.0,956.0192,
000000.000,0.0,0.0,0.0,0.0,22.4375,3.0,955.9689,
000000.000,0.0,0.0,0.0,0.0,22.5,3.0,956.0158,
000000.000,0.0,0.0,0.0,0.0,22.5,3.0,956.0017,
000000.000,0.0,0.0,0.0,0.0,22.5,3.0,955.9764,
000000.000,0.0,0.0,0.0,0.0,22.5,3.0,955.9589,
000000.000,0.0,0.0,0.0,0.0,22.5,3.0,955.9963,
000000.000,0.0,0.0,0.0,0.0,22.5,3.0,955.9977,
000000.000,0.0,0.0,0.0,0.0,22.4375,3.0,956.0059,
000000.000,0.0,0.0,0.0,0.0,22.5,3.0,956.0173,
144709.00,0.0,0.0,0.0,99.99,22.5,3.0,956.0422,
144709.00,0.0,0.0,0.0,99.99,22.5,3.0,956.0263,
144709.00,0.0,0.0,0.0,99.99,22.5,3.0,956.0403,
144709.00,0.0,0.0,0.0,99.99,22.5,3.0,956.0193,
144709.00,0.0,0.0,0.0,99.99,22.5,3.0,956.0388,
144709.00,0.0,0.0,0.0,99.99,22.5,3.0,956.0634,
144709.00,0.0,0.0,0.0,99.99,22.5,3.0,956.0599,
144709.00,0.0,0.0,0.0,99.99,22.5,3.0,956.0598,
144709.00,0.0,0.0,0.0,99.99,22.5,3.0,956.0906,
144709.00,0.0,0.0,0.0,99.99,22.5,3.0,956.0949,
144709.00,0.0,0.0,0.0,99.99,22.5,3.0,956.1183,
144721.00,0.0,0.0,0.0,99.99,22.5,3.0,956.1474,
000000.000,0.0,0.0,0.0,0.0,22.5,3.0,956.1801,
000000.000,0.0,0.0,0.0,0.0,22.4375,3.0,956.2061,
000000.000,0.0,0.0,0.0,0.0,22.5,3.0,956.1869,
000000.000,0.0,0.0,0.0,0.0,22.5,3.0,956.185,
000000.000,0.0,0.0,0.0,0.0,22.5,3.0,956.2477,
000000.000,0.0,0.0,0.0,0.0,22.5,3.0,956.3497,
000000.000,0.0,0.0,0.0,0.0,22.4375,3.0,956.3795,
144750.00,0.0,0.0,0.0,99.99,22.4375,3.0,956.3837,
144750.00,0.0,0.0,0.0,99.99,22.4375,3.0,956.3925,
144750.00,0.0,0.0,0.0,99.99,22.5,3.0,956.4013,
144750.00,0.0,0.0,0.0,99.99,22.5,3.0,956.4457,
144750.00,0.0,0.0,0.0,99.99,22.5,3.0,956.4285,
144750.00,0.0,0.0,0.0,99.99,22.5,3.0,956.4253,
144751.00,0.0,0.0,0.0,99.99,22.5,3.0,956.3967,
144751.00,0.0,0.0,0.0,99.99,22.5,3.0,956.385,
144751.00,0.0,0.0,0.0,99.99,22.5,3.0,956.3951,
144751.00,0.0,0.0,0.0,99.99,22.5,3.0,956.3976,
144751.00,0.0,0.0,0.0,99.99,22.5,3.0,956.4142,
144751.00,0.0,0.0,0.0,99.99,22.5,3.0,956.4286,
144751.00,0.0,0.0,0.0,99.99,22.5625,3.0,956.4423,
000000.000,0.0,0.0,0.0,0.0,22.5,3.0,956.4638,
000000.000,0.0,0.0,0.0,0.0,22.5625,3.0,956.4744,
000000.000,0.0,0.0,0.0,0.0,22.5625,3.0,956.4789,
144802.00,0.0,0.0,0.0,99.99,22.5625,3.0,956.4748,
144802.00,0.0,0.0,0.0,99.99,22.5625,3.0,956.4757,
144802.00,0.0,0.0,0.0,99.99,22.5625,3.0,956.4874,
144802.00,0.0,0.0,0.0,99.99,22.5625,3.0,956.4747,
144802.00,0.0,0.0,0.0,99.99,22.5625,3.0,956.5014,
144802.00,0.0,0.0,0.0,99.99,22.5625,3.0,956.4991,
144802.00,0.0,0.0,0.0,99.99,22.5625,3.0,956.5266,
000000.000,0.0,0.0,0.0,0.0,22.5625,3.0,956.6752,
000000.000,0.0,0.0,0.0,0.0,22.5,3.0,956.7191,
000000.000,0.0,0.0,0.0,0.0,22.5625,3.0,956.753,
000000.000,0.0,0.0,0.0,0.0,22.5,3.0,956.7198,
000000.000,0.0,0.0,0.0,0.0,22.5625,3.0,956.7305,
144827.00,0.0,0.0,0.0,99.99,22.5625,3.0,956.7326,
144827.00,0.0,0.0,0.0,99.99,22.5625,3.0,956.7469,
144827.00,0.0,0.0,0.0,99.99,22.5,3.0,956.7679,
144827.00,0.0,0.0,0.0,99.99,22.5625,3.0,956.8203,
144827.00,0.0,0.0,0.0,99.99,22.5625,3.0,956.8362,
144827.00,0.0,0.0,0.0,99.99,22.5625,3.0,956.8654,
144827.00,0.0,0.0,0.0,99.99,22.5625,3.0,956.9138,
144827.00,0.0,0.0,0.0,99.99,22.5625,3.0,956.9255,
144827.00,0.0,0.0,0.0,99.99,22.5625,3.0,956.9734,
144827.00,0.0,0.0,0.0,99.99,22.5625,3.0,956.9692,
144827.00,0.0,0.0,0.0,99.99,22.5625,3.0,956.9853,
000000.000,0.0,0.0,0.0,0.0,22.5625,3.0,957.0123,
000000.000,0.0,0.0,0.0,0.0,22.5625,3.0,957.0381,
000000.000,0.0,0.0,0.0,0.0,22.625,3.0,957.0742,
000000.000,0.0,0.0,0.0,0.0,22.5625,3.0,957.0435,
000000.000,0.0,0.0,0.0,0.0,22.5625,3.0,957.0345,
144841.00,0.0,0.0,0.0,99.99,22.625,3.0,956.9836,
144841.00,0.0,0.0,0.0,99.99,22.625,3.0,956.9954,
144841.00,0.0,0.0,0.0,99.99,22.625,3.0,956.9849,
144841.00,0.0,0.0,0.0,99.99,22.625,3.0,956.9706,
144841.00,0.0,0.0,0.0,99.99,22.5625,3.0,956.9216,
144841.00,0.0,0.0,0.0,99.99,22.5625,3.0,956.9039,
144841.00,0.0,0.0,0.0,99.99,22.5625,3.0,956.8844,
000000.000,0.0,0.0,0.0,0.0,22.625,3.0,956.8879,
000000.000,0.0,0.0,0.0,0.0,22.5625,3.0,956.9415,
000000.000,0.0,0.0,0.0,0.0,22.625,3.0,956.9677,
000000.000,0.0,0.0,0.0,0.0,22.5625,3.0,956.924,
000000.000,0.0,0.0,0.0,0.0,22.625,3.0,956.8709,
000000.000,0.0,0.0,0.0,0.0,22.625,3.0,956.8651,
000000.000,0.0,0.0,0.0,0.0,22.625,3.0,956.8239,
000000.000,0.0,0.0,0.0,0.0,22.625,3.0,956.8032,
000000.000,0.0,0.0,0.0,0.0,22.625,3.0,956.812,
000000.000,0.0,0.0,0.0,0.0,22.625,3.0,956.7684,
000000.000,0.0,0.0,0.0,0.0,22.5625,3.0,956.7596,
000000.000,0.0,0.0,0.0,0.0,22.625,3.0,956.7977,
000000.000,0.0,0.0,0.0,0.0,22.625,3.0,956.7676,
000000.000,0.0,0.0,0.0,0.0,22.625,3.0,956.7827,
000000.000,0.0,0.0,0.0,0.0,22.625,3.0,956.7397,
000000.000,0.0,0.0,0.0,0.0,22.625,3.0,956.7664,
000000.000,0.0,0.0,0.0,0.0,22.625,3.0,956.7405,
000000.000,0.0,0.0,0.0,0.0,22.625,3.0,956.7427,
000000.000,0.0,0.0,0.0,0.0,22.625,3.0,956.71,
000000.000,0.0,0.0,0.0,0.0,22.5625,3.0,956.748,
144909.00,0.0,0.0,0.0,99.99,22.625,3.0,956.7557,
144909.00,0.0,0.0,0.0,99.99,22.5625,3.0,956.7603,
144909.00,0.0,0.0,0.0,99.99,22.5625,3.0,956.7875,
144909.00,0.0,0.0,0.0,99.99,22.625,3.0,956.8113,
000000.000,0.0,0.0,0.0,0.0,22.625,3.0,956.8382,
000000.000,0.0,0.0,0.0,0.0,22.625,3.0,956.812,
000000.000,0.0,0.0,0.0,0.0,22.625,3.0,956.8571,
000000.000,0.0,0.0,0.0,0.0,22.625,3.0,956.8456,
000000.000,0.0,0.0,0.0,0.0,22.625,3.0,956.897,
000000.000,0.0,0.0,0.0,0.0,22.625,3.0,956.8904,
000000.000,0.0,0.0,0.0,0.0,22.625,3.0,956.8879,
000000.000,0.0,0.0,0.0,0.0,22.625,3.0,956.9299,
000000.000,0.0,0.0,0.0,0.0,22.625,3.0,956.9249,
000000.000,0.0,0.0,0.0,0.0,22.625,3.0,956.8833,
000000.000,0.0,0.0,0.0,0.0,22.625,3.0,956.873,
000000.000,0.0,0.0,0.0,0.0,22.625,3.0,956.8737,
000000.000,0.0,0.0,0.0,0.0,22.625,3.0,956.851,
000000.000,0.0,0.0,0.0,0.0,22.625,3.0,956.8467,
000000.000,0.0,0.0,0.0,0.0,22.625,3.0,956.8503,
000000.000,0.0,0.0,0.0,0.0,22.5625,3.0,956.8822,
000000.000,0.0,0.0,0.0,0.0,22.625,3.0,956.8448,
000000.000,0.0,0.0,0.0,0.0,22.625,3.0,956.9071,
000000.000,0.0,0.0,0.0,0.0,22.625,3.0,956.9473,
000000.000,0.0,0.0,0.0,0.0,22.625,3.0,956.9698,
000000.000,0.0,0.0,0.0,0.0,22.625,3.0,956.9819,
000000.000,0.0,0.0,0.0,0.0,22.625,3.0,957.0438,
000000.000,0.0,0.0,0.0,0.0,22.625,3.0,957.0286,
000000.000,0.0,0.0,0.0,0.0,22.6875,3.0,957.0413,
144939.00,0.0,0.0,0.0,99.99,22.625,3.0,957.0403,
144939.00,0.0,0.0,0.0,99.99,22.6875,3.0,957.041,
144939.00,0.0,0.0,0.0,99.99,22.6875,3.0,957.0847,
144939.00,0.0,0.0,0.0,99.99,22.6875,3.0,957.0707,
144939.00,0.0,0.0,0.0,99.99,22.6875,3.0,957.0864,
144939.00,0.0,0.0,0.0,99.99,22.6875,3.0,957.1,
144939.00,0.0,0.0,0.0,99.99,22.6875,3.0,957.1072,
144939.00,0.0,0.0,0.0,99.99,22.6875,3.0,957.133,
000000.000,0.0,0.0,0.0,0.0,22.6875,3.0,957.1713,
000000.000,0.0,0.0,0.0,0.0,22.6875,3.0,957.2216,
000000.000,0.0,0.0,0.0,0.0,22.6875,3.0,957.2673,
000000.000,0.0,0.0,0.0,0.0,22.6875,3.0,957.2896,
000000.000,0.0,0.0,0.0,0.0,22.75,3.0,957.3209,
000000.000,0.0,0.0,0.0,0.0,22.75,3.0,957.3262,
000000.000,0.0,0.0,0.0,0.0,22.75,3.0,957.3836,
000000.000,0.0,0.0,0.0,0.0,22.6875,3.0,957.3754,
000000.000,0.0,0.0,0.0,0.0,22.75,3.0,957.4214,
000000.000,0.0,0.0,0.0,0.0,22.75,3.0,957.4514,
000000.000,0.0,0.0,0.0,0.0,22.75,3.0,957.4772,
000000.000,0.0,0.0,0.0,0.0,22.75,3.0,957.4893,
000000.000,0.0,0.0,0.0,0.0,22.75,3.0,957.5156,
000000.000,0.0,0.0,0.0,0.0,22.75,3.0,957.533,
000000.000,0.0,0.0,0.0,0.0,22.75,3.0,957.5483,
000000.000,0.0,0.0,0.0,0.0,22.75,3.0,957.586,
000000.000,0.0,0.0,0.0,0.0,22.75,3.0,957.5821,
000000.000,0.0,0.0,0.0,0.0,22.75,3.0,957.6054,
000000.000,0.0,0.0,0.0,0.0,22.75,3.0,957.6018,
000000.000,0.0,0.0,0.0,0.0,22.75,3.0,957.5938,
145009.00,0.0,0.0,0.0,99.99,22.75,3.0,957.5939,
145009.00,0.0,0.0,0.0,99.99,22.75,3.0,957.5937,
000000.000,0.0,0.0,0.0,0.0,22.75,3.0,952.9618,
000000.000,0.0,0.0,0.0,0.0,22.0,3.0,953.0112,
150909.00,0.0,0.0,0.0,99.99,22.0,3.0,953.1002,
150909.00,0.0,0.0,0.0,99.99,22.0,3.0,953.1844,
150909.00,0.0,0.0,0.0,99.99,22.0625,3.0,953.2126,
150909.00,0.0,0.0,0.0,99.99,22.0625,3.0,953.2344,
150909.00,0.0,0.0,0.0,99.99,22.0,3.0,953.1996,
150909.00,0.0,0.0,0.0,99.99,22.0625,3.0,953.2099,
000000.000,0.0,0.0,0.0,0.0,22.0,3.0,953.266,
000000.000,0.0,0.0,0.0,0.0,22.0625,3.0,953.3591,
000000.000,0.0,0.0,0.0,0.0,22.0625,3.0,954.3072,
000000.000,0.0,0.0,0.0,0.0,22.125,3.0,954.3292,
151226.00,0.0,0.0,0.0,99.99,22.1875,3.0,954.3397,
151226.00,0.0,0.0,0.0,99.99,22.1875,3.0,954.3755,
151226.00,0.0,0.0,0.0,99.99,22.1875,3.0,954.3972,
151226.00,0.0,0.0,0.0,99.99,22.1875,3.0,954.3702,
151226.00,0.0,0.0,0.0,99.99,22.1875,3.0,954.4515,
151226.00,0.0,0.0,0.0,99.99,22.25,3.0,954.545,
000000.000,0.0,0.0,0.0,0.0,22.25,3.0,954.5322,
000000.000,0.0,0.0,0.0,0.0,22.25,3.0,954.5192,
000000.000,0.0,0.0,0.0,0.0,22.25,3.0,954.5474,
000000.000,0.0,0.0,0.0,0.0,22.25,3.0,954.5686,
000000.000,0.0,0.0,0.0,0.0,22.1875,3.0,954.6281,
000000.000,0.0,0.0,0.0,0.0,22.25,3.0,954.7068,
000000.000,0.0,0.0,0.0,0.0,22.25,3.0,954.633,
000000.000,0.0,0.0,0.0,0.0,22.25,3.0,954.6062,
000000.000,0.0,0.0,0.0,0.0,22.25,3.0,954.7247,
000000.000,0.0,0.0,0.0,0.0,22.25,3.0,954.75,
000000.000,0.0,0.0,0.0,0.0,22.25,3.0,954.8388,
000000.000,0.0,0.0,0.0,0.0,22.25,3.0,954.877,
000000.000,0.0,0.0,0.0,0.0,22.25,3.0,954.9242,
000000.000,0.0,0.0,0.0,0.0,22.25,3.0,954.9709,
000000.000,0.0,0.0,0.0,0.0,22.25,3.0,954.9614,
111111.000,11.0,11.0,11.0,11.0,22.25,3.0,954.8887,
111111.000,11.0,11.0,11.0,11.0,22.25,3.0,954.925,
151426.00,0.0,0.0,0.0,99.99,22.25,3.0,954.9827,
151426.00,0.0,0.0,0.0,99.99,22.25,3.0,955.0372,
151426.00,0.0,0.0,0.0,99.99,22.25,3.0,955.118,
151426.00,0.0,0.0,0.0,99.99,22.25,3.0,955.1179,
151426.00,0.0,0.0,0.0,99.99,22.25,3.0,955.1796,
151426.00,0.0,0.0,0.0,99.99,22.25,3.0,955.199,
999999.000,99.0,99.0,99.0,99.0,22.25,3.0,955.2205,
999999.000,99.0,99.0,99.0,99.0,22.25,3.0,955.2062,
999999.000,99.0,99.0,99.0,99.0,22.25,3.0,955.2484,
111111.000,11.0,11.0,11.0,11.0,22.25,3.0,954.9154,
111111.000,11.0,11.0,11.0,11.0,22.25,3.0,954.9387,
151553.00,0.0,0.0,0.0,99.99,22.25,3.0,954.9332,
151553.00,0.0,0.0,0.0,99.99,22.25,3.0,954.8847,
151553.00,0.0,0.0,0.0,99.99,22.3125,3.0,954.8441,
151553.00,0.0,0.0,0.0,99.99,22.25,3.0,954.781,
151553.00,0.0,0.0,0.0,99.99,22.25,3.0,954.8396,
151553.00,0.0,0.0,0.0,99.99,22.25,3.0,954.8794,
999999.000,99.0,99.0,99.0,99.0,22.25,3.0,954.8,
999999.000,99.0,99.0,99.0,99.0,22.25,3.0,954.8165,
111111.000,11.0,11.0,11.0,11.0,22.3125,3.0,955.9838,
111111.000,11.0,11.0,11.0,11.0,22.4375,3.0,956.0305,
152026.00,0.0,0.0,0.0,99.99,22.4375,3.0,956.0667,
152026.00,0.0,0.0,0.0,99.99,22.4375,3.0,956.0597,
152026.00,0.0,0.0,0.0,99.99,22.5,3.0,956.1079,
152026.00,0.0,0.0,0.0,99.99,22.5,3.0,956.0706,
152026.00,0.0,0.0,0.0,99.99,22.4375,3.0,956.0678,
152026.00,0.0,0.0,0.0,99.99,22.5,3.0,956.1469,
999999.000,99.0,99.0,99.0,99.0,22.5,3.0,956.1906,
999999.000,99.0,99.0,99.0,99.0,22.5,3.0,956.0934,
999999.000,99.0,99.0,99.0,99.0,22.5,3.0,955.9998,
999999.000,99.0,99.0,99.0,99.0,22.5,3.0,956.0592,
999999.000,99.0,99.0,99.0,99.0,22.5,3.0,956.0592,
999999.000,99.0,99.0,99.0,99.0,22.5,3.0,956.056,
999999.000,99.0,99.0,99.0,99.0,22.5,3.0,956.0809,
999999.000,99.0,99.0,99.0,99.0,22.5,3.0,956.0676,
999999.000,99.0,99.0,99.0,99.0,22.5,3.0,956.0637,
999999.000,99.0,99.0,99.0,99.0,22.5,3.0,956.0239,
999999.000,99.0,99.0,99.0,99.0,22.5,3.0,956.0112,
999999.000,99.0,99.0,99.0,99.0,22.5,3.0,956.0419,
999999.000,99.0,99.0,99.0,99.0,22.5,3.0,956.084,
999999.000,99.0,99.0,99.0,99.0,22.5,3.0,956.0756,
999999.000,99.0,99.0,99.0,99.0,22.5,3.0,956.0637,
999999.000,99.0,99.0,99.0,99.0,22.5,3.0,956.0379,
999999.000,99.0,99.0,99.0,99.0,22.5,3.0,956.0443,
999999.000,99.0,99.0,99.0,99.0,22.5,3.0,956.084,
999999.000,99.0,99.0,99.0,99.0,22.5,3.0,956.008,
999999.000,99.0,99.0,99.0,99.0,22.5,3.0,955.9874,
999999.000,99.0,99.0,99.0,99.0,22.5,3.0,956.043,
999999.000,99.0,99.0,99.0,99.0,22.5,3.0,956.0662,
999999.000,99.0,99.0,99.0,99.0,22.5,3.0,956.0735,
999999.000,99.0,99.0,99.0,99.0,22.5,3.0,956.0953,
999999.000,99.0,99.0,99.0,99.0,22.5,3.0,956.13,
999999.000,99.0,99.0,99.0,99.0,22.5,3.0,956.1584,
999999.000,99.0,99.0,99.0,99.0,22.5,3.0,956.1942,
999999.000,99.0,99.0,99.0,99.0,22.5,3.0,956.1956,
999999.000,99.0,99.0,99.0,99.0,22.5625,3.0,956.205,
999999.000,99.0,99.0,99.0,99.0,22.5625,3.0,956.178,
999999.000,99.0,99.0,99.0,99.0,22.5,3.0,956.1826,
999999.000,99.0,99.0,99.0,99.0,22.5,3.0,956.2225,
999999.000,99.0,99.0,99.0,99.0,22.5625,3.0,956.2219,
999999.000,99.0,99.0,99.0,99.0,22.5625,3.0,956.2561,
999999.000,99.0,99.0,99.0,99.0,22.5625,3.0,956.2903,
999999.000,99.0,99.0,99.0,99.0,22.5625,3.0,956.2821,
999999.000,99.0,99.0,99.0,99.0,22.5625,3.0,956.2866,
999999.000,99.0,99.0,99.0,99.0,22.5625,3.0,956.3668,
999999.000,99.0,99.0,99.0,99.0,22.5625,3.0,956.5146,
999999.000,99.0,99.0,99.0,99.0,22.5625,3.0,956.5756,
999999.000,99.0,99.0,99.0,99.0,22.5625,3.0,956.6071,
999999.000,99.0,99.0,99.0,99.0,22.5625,3.0,956.6424,
999999.000,99.0,99.0,99.0,99.0,22.5625,3.0,956.6853,
999999.000,99.0,99.0,99.0,99.0,22.5625,3.0,956.6662,
111111.000,11.0,11.0,11.0,11.0,22.5625,3.0,956.5927,
111111.000,11.0,11.0,11.0,11.0,22.5625,3.0,956.6483,
152314.00,0.0,0.0,0.0,99.99,22.5625,3.0,956.647,
152314.00,0.0,0.0,0.0,99.99,22.625,3.0,956.6852,
152314.00,0.0,0.0,0.0,99.99,22.5625,3.0,956.6887,
152314.00,0.0,0.0,0.0,99.99,22.5625,3.0,956.7082,
152314.00,0.0,0.0,0.0,99.99,22.625,3.0,956.8092,
152314.00,0.0,0.0,0.0,99.99,22.5625,3.0,956.8228,
999999.000,99.0,99.0,99.0,99.0,22.625,3.0,956.7761,
999999.000,99.0,99.0,99.0,99.0,22.5625,3.0,956.7137,
999999.000,99.0,99.0,99.0,99.0,22.625,3.0,956.7519,
999999.000,99.0,99.0,99.0,99.0,22.5625,3.0,956.6818,
999999.000,99.0,99.0,99.0,99.0,22.625,3.0,956.6587,
999999.000,99.0,99.0,99.0,99.0,22.625,3.0,956.688,
999999.000,99.0,99.0,99.0,99.0,22.625,3.0,956.7555,
999999.000,99.0,99.0,99.0,99.0,22.625,3.0,956.7792,
999999.000,99.0,99.0,99.0,99.0,22.5625,3.0,956.7313,
999999.000,99.0,99.0,99.0,99.0,22.625,3.0,956.704,
999999.000,99.0,99.0,99.0,99.0,22.625,3.0,956.8276,
999999.000,99.0,99.0,99.0,99.0,22.5625,3.0,956.742,
999999.000,99.0,99.0,99.0,99.0,22.5625,3.0,956.812,
999999.000,99.0,99.0,99.0,99.0,22.625,3.0,956.7109,
999999.000,99.0,99.0,99.0,99.0,22.5625,3.0,956.6909,
999999.000,99.0,99.0,99.0,99.0,22.5625,3.0,956.6651,
999999.000,99.0,99.0,99.0,99.0,22.5625,3.0,956.6496,
999999.000,99.0,99.0,99.0,99.0,22.625,3.0,956.7203,
999999.000,99.0,99.0,99.0,99.0,22.5625,3.0,956.7925,
999999.000,99.0,99.0,99.0,99.0,22.5625,3.0,956.8251,
999999.000,99.0,99.0,99.0,99.0,22.625,3.0,956.8318,
999999.000,99.0,99.0,99.0,99.0,22.5625,3.0,956.9026,
999999.000,99.0,99.0,99.0,99.0,22.5625,3.0,956.9208,
999999.000,99.0,99.0,99.0,99.0,22.625,3.0,957.0087,
999999.000,99.0,99.0,99.0,99.0,22.625,3.0,957.0867,
999999.000,99.0,99.0,99.0,99.0,22.5625,3.0,957.0807,
999999.000,99.0,99.0,99.0,99.0,22.625,3.0,957.0679,
999999.000,99.0,99.0,99.0,99.0,22.625,3.0,957.0826,
999999.000,99.0,99.0,99.0,99.0,22.625,3.0,957.0197,
999999.000,99.0,99.0,99.0,99.0,22.625,3.0,956.9539,
999999.000,99.0,99.0,99.0,99.0,22.625,3.0,956.9398,
999999.000,99.0,99.0,99.0,99.0,22.5625,3.0,956.963,
999999.000,99.0,99.0,99.0,99.0,22.625,3.0,956.946,
999999.000,99.0,99.0,99.0,99.0,22.625,3.0,956.9233,
999999.000,99.0,99.0,99.0,99.0,22.625,3.0,956.9442,
999999.000,99.0,99.0,99.0,99.0,22.625,3.0,956.926,
999999.000,99.0,99.0,99.0,99.0,22.625,3.0,956.8884,
999999.000,99.0,99.0,99.0,99.0,22.625,3.0,956.9358,
999999.000,99.0,99.0,99.0,99.0,22.625,3.0,956.9688,
999999.000,99.0,99.0,99.0,99.0,22.625,3.0,957.0193,
999999.000,99.0,99.0,99.0,99.0,22.625,3.0,957.0669,
999999.000,99.0,99.0,99.0,99.0,22.625,3.0,957.0984,
999999.000,99.0,99.0,99.0,99.0,22.625,3.0,957.1013,
999999.000,99.0,99.0,99.0,99.0,22.625,3.0,956.9777,
999999.000,99.0,99.0,99.0,99.0,22.625,3.0,956.9777,
999999.000,99.0,99.0,99.0,99.0,22.625,3.0,957.0168,
999999.000,99.0,99.0,99.0,99.0,22.625,3.0,957.0714,
999999.000,99.0,99.0,99.0,99.0,22.625,3.0,957.1223,
999999.000,99.0,99.0,99.0,99.0,22.625,3.0,957.1594,
999999.000,99.0,99.0,99.0,99.0,22.625,3.0,957.2221,
999999.000,99.0,99.0,99.0,99.0,22.625,3.0,957.1899,
999999.000,99.0,99.0,99.0,99.0,22.6875,3.0,957.1633,
999999.000,99.0,99.0,99.0,99.0,22.625,3.0,957.1959,
999999.000,99.0,99.0,99.0,99.0,22.625,3.0,957.2388,
999999.000,99.0,99.0,99.0,99.0,22.6875,3.0,957.2776,
999999.000,99.0,99.0,99.0,99.0,22.6875,3.0,957.3766,
999999.000,99.0,99.0,99.0,99.0,22.6875,3.0,957.3946,
999999.000,99.0,99.0,99.0,99.0,22.6875,3.0,957.3953,
999999.000,99.0,99.0,99.0,99.0,22.625,3.0,957.3002,
999999.000,99.0,99.0,99.0,99.0,22.625,3.0,957.3906,
999999.000,99.0,99.0,99.0,99.0,22.6875,3.0,957.4164,
111111.000,11.0,11.0,11.0,11.0,85.0,3.0,947.0511,
111111.000,11.0,11.0,11.0,11.0,20.9375,3.0,946.8267,
000000.000,0.0,0.0,0.0,99.99,20.9375,3.0,946.5829,
000000.000,0.0,0.0,0.0,99.99,20.9375,3.0,946.4801,
000000.000,0.0,0.0,0.0,99.99,20.875,3.0,946.3105,
000000.000,0.0,0.0,0.0,99.99,20.875,3.0,946.1973,
000000.000,0.0,0.0,0.0,99.99,20.875,3.0,946.0337,
000000.000,0.0,0.0,0.0,99.99,20.8125,3.0,945.9431,
000000.000,0.0,0.0,0.0,99.99,20.8125,3.0,945.884,
000000.000,0.0,0.0,0.0,99.99,20.75,3.0,945.723,
000000.000,0.0,0.0,0.0,99.99,20.75,3.0,945.4905,
000000.000,0.0,0.0,0.0,99.99,20.75,3.0,945.2369,
000000.000,0.0,0.0,0.0,99.99,20.6875,3.0,945.0115,
000000.000,0.0,0.0,0.0,99.99,20.625,3.0,944.8326,
000000.000,0.0,0.0,0.0,99.99,20.625,3.0,944.7096,
999999.000,99.0,99.0,99.0,99.0,20.625,3.0,944.5602,
999999.000,99.0,99.0,99.0,99.0,20.625,3.0,944.3987,
999999.000,99.0,99.0,99.0,99.0,20.5625,3.0,944.2861,
152953.00,5318.817,614.0889,63.1,6.4,20.5625,3.0,944.2241,
152953.00,5318.817,614.0889,63.1,6.4,20.5625,3.0,944.2527,
152953.00,5318.817,614.0889,63.1,6.4,20.5625,3.0,944.2571,
999999.000,99.0,99.0,99.0,99.0,20.5625,3.0,944.1848,
999999.000,99.0,99.0,99.0,99.0,20.5,3.0,944.1188,
999999.000,99.0,99.0,99.0,99.0,20.5,3.0,944.1025,
999999.000,99.0,99.0,99.0,99.0,20.5,3.0,944.0349,
999999.000,99.0,99.0,99.0,99.0,20.5,3.0,944.0045,
999999.000,99.0,99.0,99.0,99.0,20.5,3.0,943.9702,
999999.000,99.0,99.0,99.0,99.0,20.5,3.0,944.0197,
999999.000,99.0,99.0,99.0,99.0,20.5,3.0,944.1825,
999999.000,99.0,99.0,99.0,99.0,20.5,3.0,943.9579,
999999.000,99.0,99.0,99.0,99.0,20.5,3.0,944.2551,
999999.000,99.0,99.0,99.0,99.0,20.5,3.0,944.4872,
999999.000,99.0,99.0,99.0,99.0,20.5,3.0,944.6727,
999999.000,99.0,99.0,99.0,99.0,20.5,3.0,944.864,
999999.000,99.0,99.0,99.0,99.0,20.5625,3.0,944.8135,
999999.000,99.0,99.0,99.0,99.0,20.5,3.0,944.7989,
999999.000,99.0,99.0,99.0,99.0,20.5,3.0,944.873,
999999.000,99.0,99.0,99.0,99.0,20.5,3.0,944.8809,
999999.000,99.0,99.0,99.0,99.0,20.5,3.0,944.907,
111111.000,11.0,11.0,11.0,11.0,20.5,3.0,941.4722,
111111.000,11.0,11.0,11.0,11.0,20.0625,3.0,941.5139,
153426.00,5318.821,614.1039,95.0,1.5,20.0625,3.0,941.54,
153426.00,5318.821,614.1039,95.0,1.5,20.0625,3.0,941.4897,
153426.00,5318.821,614.1039,95.0,1.5,20.0625,3.0,941.4872,
153426.00,5318.821,614.1039,95.0,1.5,20.0625,3.0,941.4807,
153426.00,5318.821,614.1039,95.0,1.5,20.0625,3.0,941.6301,
153426.00,5318.821,614.1039,95.0,1.5,20.0625,3.0,941.7224,
999999.000,99.0,99.0,99.0,99.0,20.0625,3.0,941.7783,
999999.000,99.0,99.0,99.0,99.0,20.125,3.0,941.7747,
999999.000,99.0,99.0,99.0,99.0,20.0625,3.0,941.7776,
999999.000,99.0,99.0,99.0,99.0,20.0625,3.0,941.786,
999999.000,99.0,99.0,99.0,99.0,20.0625,3.0,941.7964,
999999.000,99.0,99.0,99.0,99.0,20.0625,3.0,941.8576,
999999.000,99.0,99.0,99.0,99.0,20.0625,3.0,941.8702,
999999.000,99.0,99.0,99.0,99.0,20.0625,3.0,941.9191,
999999.000,99.0,99.0,99.0,99.0,20.0625,3.0,941.9202,
999999.000,99.0,99.0,99.0,99.0,20.0,3.0,941.8854,
999999.000,99.0,99.0,99.0,99.0,20.0,3.0,941.8521,
999999.000,99.0,99.0,99.0,99.0,20.0,3.0,941.8217,
999999.000,99.0,99.0,99.0,99.0,20.0,3.0,941.7473,
999999.000,99.0,99.0,99.0,99.0,20.0625,3.0,941.6828,
999999.000,99.0,99.0,99.0,99.0,20.0625,3.0,941.5917,
999999.000,99.0,99.0,99.0,99.0,20.0,3.0,941.5253,
999999.000,99.0,99.0,99.0,99.0,20.0,3.0,941.4964,
999999.000,99.0,99.0,99.0,99.0,20.0,3.0,941.6234,
999999.000,99.0,99.0,99.0,99.0,20.0,3.0,941.707,
999999.000,99.0,99.0,99.0,99.0,20.0625,3.0,941.9814,
999999.000,99.0,99.0,99.0,99.0,20.0625,3.0,942.6258,
999999.000,99.0,99.0,99.0,99.0,20.25,3.0,942.9394,
999999.000,99.0,99.0,99.0,99.0,20.3125,3.0,943.1506,
999999.000,99.0,99.0,99.0,99.0,20.375,3.0,943.2835,
999999.000,99.0,99.0,99.0,99.0,20.375,3.0,943.2523,
999999.000,99.0,99.0,99.0,99.0,20.3125,3.0,943.2869,
999999.000,99.0,99.0,99.0,99.0,20.3125,3.0,943.3315,
999999.000,99.0,99.0,99.0,99.0,20.3125,3.0,943.3463,
999999.000,99.0,99.0,99.0,99.0,20.3125,3.0,943.4765,
999999.000,99.0,99.0,99.0,99.0,20.3125,3.0,943.5884,
999999.000,99.0,99.0,99.0,99.0,20.3125,3.0,943.7881,
999999.000,99.0,99.0,99.0,99.0,20.3125,3.0,943.9891,
999999.000,99.0,99.0,99.0,99.0,20.3125,3.0,943.981,
999999.000,99.0,99.0,99.0,99.0,20.3125,3.0,943.9316,
999999.000,99.0,99.0,99.0,99.0,20.3125,3.0,944.0159,
999999.000,99.0,99.0,99.0,99.0,20.25,3.0,944.1356,
999999.000,99.0,99.0,99.0,99.0,20.3125,3.0,944.2189,
999999.000,99.0,99.0,99.0,99.0,20.25,3.0,944.312,
999999.000,99.0,99.0,99.0,99.0,20.25,3.0,944.3856,
999999.000,99.0,99.0,99.0,99.0,20.25,3.0,944.3337,
999999.000,99.0,99.0,99.0,99.0,20.25,3.0,944.4634,
999999.000,99.0,99.0,99.0,99.0,20.3125,3.0,944.5637,
999999.000,99.0,99.0,99.0,99.0,20.25,3.0,944.598,
111111.000,11.0,11.0,11.0,11.0,20.25,3.0,944.1303,
111111.000,11.0,11.0,11.0,11.0,20.1875,3.0,944.0324,
111111.000,11.0,11.0,11.0,11.0,20.1875,3.0,943.9297,
111111.000,11.0,11.0,11.0,11.0,20.125,3.0,943.8447,
111111.000,11.0,11.0,11.0,11.0,20.125,3.0,943.7012,
111111.000,11.0,11.0,11.0,11.0,20.125,3.0,943.5817,
111111.000,11.0,11.0,11.0,11.0,20.125,3.0,943.4,
111111.000,11.0,11.0,11.0,11.0,20.0625,3.0,943.4074,
111111.000,11.0,11.0,11.0,11.0,20.0625,3.0,943.2993,
999999.000,99.0,99.0,99.0,99.0,20.0625,3.0,943.1353,
999999.000,99.0,99.0,99.0,99.0,20.0625,3.0,943.1601,
999999.000,99.0,99.0,99.0,99.0,20.0625,3.0,943.1689,
999999.000,99.0,99.0,99.0,99.0,20.0625,3.0,943.2832,
999999.000,99.0,99.0,99.0,99.0,20.0625,3.0,943.2757,
999999.000,99.0,99.0,99.0,99.0,20.125,3.0,943.2634,
999999.000,99.0,99.0,99.0,99.0,20.0625,3.0,943.2218,
999999.000,99.0,99.0,99.0,99.0,20.0625,3.0,943.289,
999999.000,99.0,99.0,99.0,99.0,20.0625,3.0,943.2388,
999999.000,99.0,99.0,99.0,99.0,20.0625,3.0,943.1422,
999999.000,99.0,99.0,99.0,99.0,20.0625,3.0,943.1359,
999999.000,99.0,99.0,99.0,99.0,20.0625,3.0,943.0173,
999999.000,99.0,99.0,99.0,99.0,20.0,3.0,942.9124,
999999.000,99.0,99.0,99.0,99.0,20.0,3.0,942.7825,
999999.000,99.0,99.0,99.0,99.0,20.0,3.0,942.6077,
999999.000,99.0,99.0,99.0,99.0,19.9375,3.0,942.5991,
999999.000,99.0,99.0,99.0,99.0,19.9375,3.0,942.6443,
999999.000,99.0,99.0,99.0,99.0,19.9375,3.0,942.7426,
999999.000,99.0,99.0,99.0,99.0,19.9375,3.0,942.8625,
999999.000,99.0,99.0,99.0,99.0,20.0,3.0,943.0281,
999999.000,99.0,99.0,99.0,99.0,20.0625,3.0,943.1262,
999999.000,99.0,99.0,99.0,99.0,20.0625,3.0,943.1111,
999999.000,99.0,99.0,99.0,99.0,20.0625,3.0,943.0273,
999999.000,99.0,99.0,99.0,99.0,20.0625,3.0,942.9123,
999999.000,99.0,99.0,99.0,99.0,20.0625,3.0,942.8798,
999999.000,99.0,99.0,99.0,99.0,20.0625,3.0,942.8314,
999999.000,99.0,99.0,99.0,99.0,20.0625,3.0,942.9169,
999999.000,99.0,99.0,99.0,99.0,20.0625,3.0,942.85,
999999.000,99.0,99.0,99.0,99.0,20.0625,3.0,942.7683,
999999.000,99.0,99.0,99.0,99.0,20.0625,3.0,942.6848,
999999.000,99.0,99.0,99.0,99.0,20.0625,3.0,942.5405,
999999.000,99.0,99.0,99.0,99.0,20.0,3.0,942.4102,
999999.000,99.0,99.0,99.0,99.0,20.0,3.0,942.3292,
999999.000,99.0,99.0,99.0,99.0,19.9375,3.0,942.2989,
999999.000,99.0,99.0,99.0,99.0,19.9375,3.0,942.2333,
999999.000,99.0,99.0,99.0,99.0,19.9375,3.0,942.132,
999999.000,99.0,99.0,99.0,99.0,19.9375,3.0,942.1003,
999999.000,99.0,99.0,99.0,99.0,19.9375,3.0,942.0276,
999999.000,99.0,99.0,99.0,99.0,19.875,3.0,941.9489,
999999.000,99.0,99.0,99.0,99.0,19.9375,3.0,941.9801,
999999.000,99.0,99.0,99.0,99.0,19.875,3.0,941.973,
999999.000,99.0,99.0,99.0,99.0,19.9375,3.0,942.0871,
999999.000,99.0,99.0,99.0,99.0,19.9375,3.0,942.1422,
999999.000,99.0,99.0,99.0,99.0,19.9375,3.0,942.1487,
999999.000,99.0,99.0,99.0,99.0,20.0,3.0,942.2639,
999999.000,99.0,99.0,99.0,99.0,20.0,3.0,942.2754,
999999.000,99.0,99.0,99.0,99.0,20.0,3.0,942.4075,
999999.000,99.0,99.0,99.0,99.0,20.0,3.0,942.4632,
999999.000,99.0,99.0,99.0,99.0,20.0,3.0,942.4753,
999999.000,99.0,99.0,99.0,99.0,20.0625,3.0,942.4391,
999999.000,99.0,99.0,99.0,99.0,20.0625,3.0,942.4127,
999999.000,99.0,99.0,99.0,99.0,20.0,3.0,942.3995,
999999.000,99.0,99.0,99.0,99.0,20.0,3.0,942.2045,
999999.000,99.0,99.0,99.0,99.0,20.0,3.0,942.1519,
111111.000,11.0,11.0,11.0,11.0,20.0,3.0,941.9302,
111111.000,11.0,11.0,11.0,11.0,19.9375,3.0,941.9562,
154052.00,5318.825,614.1017,77.1,1.08,19.9375,3.0,941.9899,
154052.00,5318.825,614.1017,77.1,1.08,19.9375,3.0,942.0769,
154052.00,5318.825,614.1017,77.1,1.08,19.9375,3.0,942.1675,
154052.00,5318.825,614.1017,77.1,1.08,19.9375,3.0,942.1696,
154052.00,5318.825,614.1017,77.1,1.08,19.9375,3.0,942.2795,
154052.00,5318.825,614.1017,77.1,1.08,20.0,3.0,942.4052,
999999.000,99.0,99.0,99.0,99.0,20.0,3.0,942.4316,
999999.000,99.0,99.0,99.0,99.0,20.0,3.0,942.4614,
999999.000,99.0,99.0,99.0,99.0,20.0,3.0,942.4478,
999999.000,99.0,99.0,99.0,99.0,20.0,3.0,942.4719,
999999.000,99.0,99.0,99.0,99.0,20.0,3.0,942.5339,
999999.000,99.0,99.0,99.0,99.0,20.0,3.0,942.6844,
999999.000,99.0,99.0,99.0,99.0,20.0625,3.0,942.853,
999999.000,99.0,99.0,99.0,99.0,20.0625,3.0,942.9196,
999999.000,99.0,99.0,99.0,99.0,20.125,3.0,942.8069,
999999.000,99.0,99.0,99.0,99.0,20.0625,3.0,942.7825,
999999.000,99.0,99.0,99.0,99.0,20.0625,3.0,942.7651,
999999.000,99.0,99.0,99.0,99.0,20.0625,3.0,942.7191,
999999.000,99.0,99.0,99.0,99.0,20.0625,3.0,942.7419,
999999.000,99.0,99.0,99.0,99.0,20.0625,3.0,942.7319,
999999.000,99.0,99.0,99.0,99.0,20.0625,3.0,942.6898,
999999.000,99.0,99.0,99.0,99.0,20.0625,3.0,942.8058,
999999.000,99.0,99.0,99.0,99.0,20.125,3.0,942.8851,
999999.000,99.0,99.0,99.0,99.0,20.125,3.0,942.8514,
999999.000,99.0,99.0,99.0,99.0,20.0625,3.0,942.9775,
999999.000,99.0,99.0,99.0,99.0,20.125,3.0,943.111,
999999.000,99.0,99.0,99.0,99.0,20.125,3.0,943.0785,
999999.000,99.0,99.0,99.0,99.0,20.125,3.0,942.9426,
999999.000,99.0,99.0,99.0,99.0,20.125,3.0,942.8951,
999999.000,99.0,99.0,99.0,99.0,20.125,3.0,942.925,
999999.000,99.0,99.0,99.0,99.0,20.125,3.0,942.8439,
999999.000,99.0,99.0,99.0,99.0,20.0625,3.0,942.902,
999999.000,99.0,99.0,99.0,99.0,20.125,3.0,942.9031,
999999.000,99.0,99.0,99.0,99.0,20.125,3.0,942.9434,
999999.000,99.0,99.0,99.0,99.0,20.125,3.0,942.8834,
999999.000,99.0,99.0,99.0,99.0,20.125,3.0,942.8434,
999999.000,99.0,99.0,99.0,99.0,20.125,3.0,942.8064,
999999.000,99.0,99.0,99.0,99.0,20.125,3.0,942.6891,
999999.000,99.0,99.0,99.0,99.0,20.0625,3.0,942.618,
999999.000,99.0,99.0,99.0,99.0,20.0625,3.0,942.6083,
999999.000,99.0,99.0,99.0,99.0,20.0625,3.0,942.6446,
999999.000,99.0,99.0,99.0,99.0,20.0625,3.0,942.781,
999999.000,99.0,99.0,99.0,99.0,20.125,3.0,942.969,
999999.000,99.0,99.0,99.0,99.0,20.125,3.0,943.1107,
999999.000,99.0,99.0,99.0,99.0,20.125,3.0,943.2296,
999999.000,99.0,99.0,99.0,99.0,20.1875,3.0,943.392,
999999.000,99.0,99.0,99.0,99.0,20.1875,3.0,943.48,
999999.000,99.0,99.0,99.0,99.0,20.1875,3.0,943.4146,
999999.000,99.0,99.0,99.0,99.0,20.1875,3.0,943.3723,
999999.000,99.0,99.0,99.0,99.0,20.1875,3.0,943.3289,
999999.000,99.0,99.0,99.0,99.0,20.1875,3.0,943.4955,
999999.000,99.0,99.0,99.0,99.0,20.1875,3.0,943.5635,
999999.000,99.0,99.0,99.0,99.0,20.1875,3.0,943.6505,
999999.000,99.0,99.0,99.0,99.0,20.1875,3.0,943.6257,
999999.000,99.0,99.0,99.0,99.0,20.1875,3.0,943.5649,
999999.000,99.0,99.0,99.0,99.0,20.1875,3.0,943.452,
999999.000,99.0,99.0,99.0,99.0,20.1875,3.0,943.3059,
999999.000,99.0,99.0,99.0,99.0,20.125,3.0,943.1406,
999999.000,99.0,99.0,99.0,99.0,20.125,3.0,942.9883,
999999.000,99.0,99.0,99.0,99.0,20.0625,3.0,942.9925,
999999.000,99.0,99.0,99.0,99.0,20.0625,3.0,942.9253,
999999.000,99.0,99.0,99.0,99.0,20.0625,3.0,942.9819,
999999.000,99.0,99.0,99.0,99.0,20.0625,3.0,943.0651,
999999.000,99.0,99.0,99.0,99.0,20.125,3.0,943.1843,
999999.000,99.0,99.0,99.0,99.0,20.125,3.0,943.2827,
999999.000,99.0,99.0,99.0,99.0,20.125,3.0,943.3856,
999999.000,99.0,99.0,99.0,99.0,20.125,3.0,943.3672,
999999.000,99.0,99.0,99.0,99.0,20.1875,3.0,943.3563,
999999.000,99.0,99.0,99.0,99.0,20.1875,3.0,943.3132,
999999.000,99.0,99.0,99.0,99.0,20.1875,3.0,943.2618,
999999.000,99.0,99.0,99.0,99.0,20.1875,3.0,943.2426,
999999.000,99.0,99.0,99.0,99.0,20.1875,3.0,943.2392,
999999.000,99.0,99.0,99.0,99.0,20.125,3.0,943.1238,
999999.000,99.0,99.0,99.0,99.0,20.125,3.0,943.0988,
999999.000,99.0,99.0,99.0,99.0,20.125,3.0,943.0679,
999999.000,99.0,99.0,99.0,99.0,20.125,3.0,943.0921,
999999.000,99.0,99.0,99.0,99.0,20.1875,3.0,943.0767,
111111.000,11.0,11.0,11.0,11.0,85.0,3.0,925.844,
111111.000,11.0,11.0,11.0,11.0,17.25,3.0,925.0567,
111111.000,11.0,11.0,11.0,11.0,17.125,3.0,924.4789,
111111.000,11.0,11.0,11.0,11.0,17.0,3.0,924.5366,
111111.000,11.0,11.0,11.0,11.0,17.0,3.0,923.231,
161809.00,5318.833,614.0999,47.8,3.74,16.9375,3.0,923.0521,
161809.00,5318.833,614.0999,47.8,3.74,16.9375,3.0,921.3421,
161809.00,5318.833,614.0999,47.8,3.74,16.8125,3.0,920.5634,
161809.00,5318.833,614.0999,47.8,3.74,16.75,3.0,920.284,
161809.00,5318.833,614.0999,47.8,3.74,16.75,3.0,919.8766,
999999.000,99.0,99.0,99.0,99.0,16.6875,3.0,919.8354,
999999.000,99.0,99.0,99.0,99.0,16.6875,3.0,919.0527,
999999.000,99.0,99.0,99.0,99.0,16.4375,3.0,918.4662,
111111.000,11.0,11.0,11.0,11.0,85.0,3.0,932.2503,
111111.000,11.0,11.0,11.0,11.0,18.6875,3.0,932.4107,
000000.000,0.0,0.0,0.0,99.99,18.6875,3.0,932.6594,
000000.000,0.0,0.0,0.0,99.99,18.75,3.0,932.8405,
000000.000,0.0,0.0,0.0,99.99,18.8125,3.0,933.1435,
000000.000,0.0,0.0,0.0,99.99,18.8125,3.0,933.3613,
000000.000,0.0,0.0,0.0,99.99,18.875,3.0,933.4925,
000000.000,0.0,0.0,0.0,99.99,18.9375,3.0,933.7805,
000000.000,0.0,0.0,0.0,99.99,18.9375,3.0,933.8857,
000000.000,0.0,0.0,0.0,99.99,19.0,3.0,934.0308,
000000.000,0.0,0.0,0.0,99.99,19.0,3.0,934.2045,
000000.000,0.0,0.0,0.0,99.99,19.0625,3.0,934.3831,
000000.000,0.0,0.0,0.0,99.99,19.0625,3.0,934.7257,
000000.000,0.0,0.0,0.0,99.99,19.125,3.0,935.0048,
000000.000,0.0,0.0,0.0,99.99,19.1875,3.0,935.121,
000000.000,0.0,0.0,0.0,99.99,19.25,3.0,935.3098,
000000.000,0.0,0.0,0.0,99.99,19.25,3.0,935.139,
000000.000,0.0,0.0,0.0,99.99,19.125,3.0,933.4236,
000000.000,0.0,0.0,0.0,99.99,19.0,3.0,932.0128,
000000.000,0.0,0.0,0.0,99.99,18.875,3.0,929.8323,
000000.000,0.0,0.0,0.0,99.99,18.6875,3.0,929.0933,
000000.000,0.0,0.0,0.0,99.99,18.5625,3.0,927.8286,
000000.000,0.0,0.0,0.0,99.99,18.4375,3.0,926.5417,
000000.000,0.0,0.0,0.0,99.99,18.3125,3.0,925.2893,
000000.000,0.0,0.0,0.0,99.99,18.125,3.0,923.9379,
000000.000,0.0,0.0,0.0,99.99,17.9375,3.0,923.0335,
000000.000,0.0,0.0,0.0,99.99,17.75,3.0,921.8045,
000000.000,0.0,0.0,0.0,99.99,17.3125,3.0,920.1227,
000000.000,0.0,0.0,0.0,99.99,17.0625,3.0,919.0249,
000000.000,0.0,0.0,0.0,99.99,16.9375,3.0,918.1209,
000000.000,0.0,0.0,0.0,99.99,16.8125,3.0,916.1767,
000000.000,0.0,0.0,0.0,99.99,16.6875,3.0,915.5615,
000000.000,0.0,0.0,0.0,99.99,16.5,3.0,916.2656,
000000.000,0.0,0.0,0.0,99.99,16.625,3.0,917.0236,
000000.000,0.0,0.0,0.0,99.99,16.75,3.0,917.6279,
111111.000,11.0,11.0,11.0,11.0,16.9375,3.0,918.9191,
111111.000,11.0,11.0,11.0,11.0,17.125,3.0,919.4766,
162308.00,5318.832,614.1099,48.1,3.04,17.1875,3.0,919.9588,
162308.00,5318.832,614.1099,48.1,3.04,17.25,3.0,920.3458,
162308.00,5318.832,614.1099,48.1,3.04,17.3125,3.0,920.8335,
162308.00,5318.832,614.1099,48.1,3.04,17.375,3.0,921.2035,
162308.00,5318.832,614.1099,48.1,3.04,17.4375,3.0,921.6013,
162308.00,5318.832,614.1099,48.1,3.04,17.4375,3.0,921.9058,
999999.000,99.0,99.0,99.0,99.0,17.5,3.0,922.2346,
999999.000,99.0,99.0,99.0,99.0,17.5625,3.0,922.5437,
999999.000,99.0,99.0,99.0,99.0,17.5625,3.0,922.8501,
999999.000,99.0,99.0,99.0,99.0,17.5625,3.0,923.0634,
999999.000,99.0,99.0,99.0,99.0,17.625,3.0,923.3411,
999999.000,99.0,99.0,99.0,99.0,17.625,3.0,923.5471,
999999.000,99.0,99.0,99.0,99.0,17.6875,3.0,923.8024,
999999.000,99.0,99.0,99.0,99.0,17.6875,3.0,924.0231,
999999.000,99.0,99.0,99.0,99.0,17.6875,3.0,924.2004,
999999.000,99.0,99.0,99.0,99.0,17.75,3.0,924.3753,
999999.000,99.0,99.0,99.0,99.0,17.75,3.0,924.5616,
999999.000,99.0,99.0,99.0,99.0,17.75,3.0,924.7017,
999999.000,99.0,99.0,99.0,99.0,17.75,3.0,924.8602,
999999.000,99.0,99.0,99.0,99.0,17.8125,3.0,924.9874,
999999.000,99.0,99.0,99.0,99.0,17.8125,3.0,925.146,
111111.000,11.0,11.0,11.0,11.0,17.875,3.0,925.7946,
111111.000,11.0,11.0,11.0,11.0,17.875,3.0,925.8439,
162433.00,5318.825,614.109,64.7,2.73,17.875,3.0,925.9081,
162433.00,5318.825,614.109,64.7,2.73,17.875,3.0,925.9565,
162433.00,5318.825,614.109,64.7,2.73,17.9375,3.0,926.0025,
162433.00,5318.825,614.109,64.7,2.73,17.9375,3.0,926.0199,
162433.00,5318.825,614.109,64.7,2.73,17.9375,3.0,926.0442,
162433.00,5318.825,614.109,64.7,2.73,18.0,3.0,926.0952,
162433.00,5318.825,614.109,64.7,2.73,17.9375,3.0,926.1375,
999999.000,99.0,99.0,99.0,99.0,18.0,3.0,926.1825,
999999.000,99.0,99.0,99.0,99.0,17.9375,3.0,926.2484,
162441.00,5318.824,614.1083,66.9,2.73,18.0,3.0,926.2943,
162441.00,5318.824,614.1083,66.9,2.73,18.0,3.0,926.288,
162441.00,5318.824,614.1083,66.9,2.73,18.0,3.0,926.3356,
162441.00,5318.824,614.1083,66.9,2.73,18.0,3.0,926.3414,
162441.00,5318.824,614.1083,66.9,2.73,18.0,3.0,926.3885,
162441.00,5318.824,614.1083,66.9,2.73,18.0,3.0,926.3892,
999999.000,99.0,99.0,99.0,99.0,18.0625,3.0,926.4048,
999999.000,99.0,99.0,99.0,99.0,18.0,3.0,926.411,
999999.000,99.0,99.0,99.0,99.0,18.0625,3.0,926.43,
999999.000,99.0,99.0,99.0,99.0,18.0625,3.0,926.437,
999999.000,99.0,99.0,99.0,99.0,18.0625,3.0,926.4501,
999999.000,99.0,99.0,99.0,99.0,18.0625,3.0,926.4633,
999999.000,99.0,99.0,99.0,99.0,18.0625,3.0,926.4734,
999999.000,99.0,99.0,99.0,99.0,18.0625,3.0,926.4769,
999999.000,99.0,99.0,99.0,99.0,18.0625,3.0,926.5367,
999999.000,99.0,99.0,99.0,99.0,18.0625,3.0,926.5632,
999999.000,99.0,99.0,99.0,99.0,18.0625,3.0,926.6188,
999999.000,99.0,99.0,99.0,99.0,18.0625,3.0,926.6654,
999999.000,99.0,99.0,99.0,99.0,18.0625,3.0,926.6883,
999999.000,99.0,99.0,99.0,99.0,18.0625,3.0,926.7596,
999999.000,99.0,99.0,99.0,99.0,18.0625,3.0,926.8069,
999999.000,99.0,99.0,99.0,99.0,18.0625,3.0,926.8108,
999999.000,99.0,99.0,99.0,99.0,18.0625,3.0,926.8447,
999999.000,99.0,99.0,99.0,99.0,18.125,3.0,926.8784,
999999.000,99.0,99.0,99.0,99.0,18.125,3.0,926.909,
999999.000,99.0,99.0,99.0,99.0,18.125,3.0,926.9562,
999999.000,99.0,99.0,99.0,99.0,18.125,3.0,926.9765,
999999.000,99.0,99.0,99.0,99.0,18.125,3.0,926.973,
999999.000,99.0,99.0,99.0,99.0,18.125,3.0,926.9963,
999999.000,99.0,99.0,99.0,99.0,18.125,3.0,927.0347,
999999.000,99.0,99.0,99.0,99.0,18.125,3.0,927.0561,
999999.000,99.0,99.0,99.0,99.0,18.125,3.0,927.0806,
999999.000,99.0,99.0,99.0,99.0,18.125,3.0,927.1269,
999999.000,99.0,99.0,99.0,99.0,18.125,3.0,927.1394,
999999.000,99.0,99.0,99.0,99.0,18.125,3.0,927.1593,
999999.000,99.0,99.0,99.0,99.0,18.125,3.0,927.1885,
999999.000,99.0,99.0,99.0,99.0,18.125,3.0,927.2251,
999999.000,99.0,99.0,99.0,99.0,18.125,3.0,927.2431,
111111.000,11.0,11.0,11.0,11.0,18.125,3.0,927.1274,
111111.000,11.0,11.0,11.0,11.0,17.9375,3.0,927.1298,
162616.00,5318.813,614.1108,94.0,2.67,17.9375,3.0,927.1557,
162616.00,5318.813,614.1108,94.0,2.67,17.9375,3.0,927.1788,
162616.00,5318.813,614.1108,94.0,2.67,18.0,3.0,927.1653,
162616.00,5318.813,614.1108,94.0,2.67,18.0,3.0,927.1678,
162616.00,5318.813,614.1108,94.0,2.67,18.0,3.0,927.1837,
162616.00,5318.813,614.1108,94.0,2.67,18.0,3.0,927.1686,
162616.00,5318.813,614.1108,94.0,2.67,18.0,3.0,927.1761,
162616.00,5318.813,614.1108,94.0,2.67,18.0,3.0,927.1735,
162616.00,5318.813,614.1108,94.0,2.67,18.0,3.0,927.1873,
162624.00,5318.814,614.1105,91.9,2.67,18.0625,3.0,927.1764,
162624.00,5318.814,614.1105,91.9,2.67,18.0,3.0,927.1893,
162624.00,5318.814,614.1105,91.9,2.67,18.0,3.0,927.1948,
162624.00,5318.814,614.1105,91.9,2.67,18.0625,3.0,927.1928,
162624.00,5318.814,614.1105,91.9,2.67,18.0625,3.0,927.2018,
162624.00,5318.814,614.1105,91.9,2.67,18.0625,3.0,927.1768,
999999.000,99.0,99.0,99.0,99.0,18.0625,3.0,927.1628,
999999.000,99.0,99.0,99.0,99.0,18.0625,3.0,927.1485,
999999.000,99.0,99.0,99.0,99.0,18.0625,3.0,927.1721,
999999.000,99.0,99.0,99.0,99.0,18.0625,3.0,927.1894,
999999.000,99.0,99.0,99.0,99.0,18.0625,3.0,927.1769,
999999.000,99.0,99.0,99.0,99.0,18.0625,3.0,927.1704,
999999.000,99.0,99.0,99.0,99.0,18.0625,3.0,927.147,
999999.000,99.0,99.0,99.0,99.0,18.0625,3.0,927.1263,
999999.000,99.0,99.0,99.0,99.0,18.0625,3.0,927.1286,
999999.000,99.0,99.0,99.0,99.0,18.125,3.0,927.1459,
999999.000,99.0,99.0,99.0,99.0,18.0625,3.0,927.1253,
999999.000,99.0,99.0,99.0,99.0,18.0625,3.0,927.1524,
999999.000,99.0,99.0,99.0,99.0,18.0625,3.0,927.1345,
111111.000,11.0,11.0,11.0,11.0,18.0625,3.0,927.0668,
111111.000,11.0,11.0,11.0,11.0,18.0,3.0,927.0432,
111111.000,11.0,11.0,11.0,11.0,18.0,3.0,927.0326,
111111.000,11.0,11.0,11.0,11.0,18.0,3.0,927.0059,
111111.000,11.0,11.0,11.0,11.0,18.0,3.0,926.9998,
111111.000,11.0,11.0,11.0,11.0,18.0,3.0,927.0026,
111111.000,11.0,11.0,11.0,11.0,18.0,3.0,927.0016,
111111.000,11.0,11.0,11.0,11.0,18.0,3.0,927.0178,
111111.000,11.0,11.0,11.0,11.0,18.0,3.0,927.0828,
999999.000,99.0,99.0,99.0,99.0,18.0625,3.0,927.0524,
999999.000,99.0,99.0,99.0,99.0,18.0,3.0,927.0443,
999999.000,99.0,99.0,99.0,99.0,18.0625,3.0,927.0951,
999999.000,99.0,99.0,99.0,99.0,18.0625,3.0,927.1183,
999999.000,99.0,99.0,99.0,99.0,18.0625,3.0,927.1049,
999999.000,99.0,99.0,99.0,99.0,18.0625,3.0,927.1274,
999999.000,99.0,99.0,99.0,99.0,18.0625,3.0,927.1273,
999999.000,99.0,99.0,99.0,99.0,18.0625,3.0,927.1241,
999999.000,99.0,99.0,99.0,99.0,18.0625,3.0,927.1509,
999999.000,99.0,99.0,99.0,99.0,18.0625,3.0,927.1266,
999999.000,99.0,99.0,99.0,99.0,18.0625,3.0,927.1203,
999999.000,99.0,99.0,99.0,99.0,18.0625,3.0,927.1306,
999999.000,99.0,99.0,99.0,99.0,18.0625,3.0,927.1484,
111111.000,11.0,11.0,11.0,11.0,18.0625,3.0,927.2877,
111111.000,11.0,11.0,11.0,11.0,18.0,3.0,927.3445,
111111.000,11.0,11.0,11.0,11.0,18.0,3.0,927.4112,
111111.000,11.0,11.0,11.0,11.0,18.0,3.0,927.4067,
111111.000,11.0,11.0,11.0,11.0,18.0,3.0,927.3481,
162825.00,5318.815,614.1121,85.5,1.46,18.0,3.0,927.2425,
162825.00,5318.815,614.1121,85.5,1.46,18.0625,3.0,927.2784,
162825.00,5318.815,614.1121,85.5,1.46,18.0,3.0,927.2937,
162825.00,5318.815,614.1121,85.5,1.46,18.0,3.0,927.2797,
162825.00,5318.815,614.1121,85.5,1.46,18.0,3.0,927.2653,
162831.00,5318.816,614.1122,83.3,0.93,18.0,3.0,927.2952,
162831.00,5318.816,614.1122,83.3,0.93,18.0,3.0,927.3519,
162831.00,5318.816,614.1122,83.3,0.93,18.0,3.0,927.2922,
162831.00,5318.816,614.1122,83.3,0.93,18.0625,3.0,927.2372,
162831.00,5318.816,614.1122,83.3,0.93,18.0625,3.0,927.187,
162831.00,5318.816,614.1122,83.3,0.93,18.0625,3.0,927.1633,
162831.00,5318.816,614.1122,83.3,0.93,18.0625,3.0,927.2225,
162831.00,5318.816,614.1122,83.3,0.93,18.0625,3.0,927.2228,
162831.00,5318.816,614.1122,83.3,0.93,18.0625,3.0,927.2428,
999999.000,99.0,99.0,99.0,99.0,18.0625,3.0,927.2606,
999999.000,99.0,99.0,99.0,99.0,18.0625,3.0,927.2796,
999999.000,99.0,99.0,99.0,99.0,18.125,3.0,927.2578,
999999.000,99.0,99.0,99.0,99.0,18.0625,3.0,927.2924,
999999.000,99.0,99.0,99.0,99.0,18.0625,3.0,927.2939,
999999.000,99.0,99.0,99.0,99.0,18.0625,3.0,927.2763,
999999.000,99.0,99.0,99.0,99.0,18.125,3.0,927.2738,
999999.000,99.0,99.0,99.0,99.0,18.0625,3.0,927.2834,
111111.000,11.0,11.0,11.0,11.0,85.0,3.0,941.6866,
111111.000,11.0,11.0,11.0,11.0,20.25,3.0,941.7098,
000000.000,0.0,0.0,0.0,99.99,20.25,3.0,941.7781,
000000.000,0.0,0.0,0.0,99.99,20.25,3.0,941.7939,
000000.000,0.0,0.0,0.0,99.99,20.3125,3.0,941.8248,
000000.000,0.0,0.0,0.0,99.99,20.3125,3.0,941.8265,
000000.000,0.0,0.0,0.0,99.99,20.3125,3.0,941.8536,
111111.000,11.0,11.0,11.0,11.0,20.3125,3.0,944.1676,
111111.000,11.0,11.0,11.0,11.0,20.625,3.0,944.1895,
111111.000,11.0,11.0,11.0,11.0,20.625,3.0,944.2556,
111111.000,11.0,11.0,11.0,11.0,20.625,3.0,944.2496,
111111.000,11.0,11.0,11.0,11.0,20.625,3.0,944.2952,
000000.000,0.0,0.0,0.0,99.99,20.6875,3.0,944.3279,
000000.000,0.0,0.0,0.0,99.99,20.6875,3.0,944.3475,
000000.000,0.0,0.0,0.0,99.99,20.6875,3.0,944.3686,
000000.000,0.0,0.0,0.0,99.99,20.6875,3.0,944.3828,
000000.000,0.0,0.0,0.0,99.99,20.6875,3.0,944.4476,
000000.000,0.0,0.0,0.0,99.99,20.6875,3.0,944.4276,
000000.000,0.0,0.0,0.0,99.99,20.75,3.0,944.4438,
000000.000,0.0,0.0,0.0,99.99,20.6875,3.0,944.4519,
000000.000,0.0,0.0,0.0,99.99,20.6875,3.0,944.4601,
000000.000,0.0,0.0,0.0,99.99,20.75,3.0,944.489,
000000.000,0.0,0.0,0.0,99.99,20.75,3.0,944.4902,
000000.000,0.0,0.0,0.0,99.99,20.75,3.0,944.4925,
000000.000,0.0,0.0,0.0,99.99,20.75,3.0,944.5056,
000000.000,0.0,0.0,0.0,99.99,20.8125,3.0,944.5327,
000000.000,0.0,0.0,0.0,99.99,20.75,3.0,944.5402,
000000.000,0.0,0.0,0.0,99.99,20.8125,3.0,944.5238,
000000.000,0.0,0.0,0.0,99.99,20.8125,3.0,944.5231,
000000.000,0.0,0.0,0.0,99.99,20.75,3.0,944.5587,
000000.000,0.0,0.0,0.0,99.99,20.8125,3.0,944.5678,
000000.000,0.0,0.0,0.0,99.99,20.8125,3.0,944.5237,
000000.000,0.0,0.0,0.0,99.99,20.8125,3.0,944.4634,
000000.000,0.0,0.0,0.0,99.99,20.75,3.0,944.4623,
000000.000,0.0,0.0,0.0,99.99,20.8125,3.0,944.4297,
000000.000,0.0,0.0,0.0,99.99,20.8125,3.0,944.4822,
000000.000,0.0,0.0,0.0,99.99,20.8125,3.0,944.5221,
000000.000,0.0,0.0,0.0,99.99,20.8125,3.0,944.5383,
000000.000,0.0,0.0,0.0,99.99,20.8125,3.0,944.5634,
000000.000,0.0,0.0,0.0,99.99,20.75,3.0,944.5485,
000000.000,0.0,0.0,0.0,99.99,20.8125,3.0,944.5056,
000000.000,0.0,0.0,0.0,99.99,20.8125,3.0,944.467,
000000.000,0.0,0.0,0.0,99.99,20.8125,3.0,944.5089,
000000.000,0.0,0.0,0.0,99.99,20.75,3.0,944.5612,
111111.000,11.0,11.0,11.0,11.0,20.8125,3.0,944.7673,
111111.000,11.0,11.0,11.0,11.0,20.75,3.0,944.7647,
000000.000,0.0,0.0,0.0,99.99,20.75,3.0,944.744,
000000.000,0.0,0.0,0.0,99.99,20.75,3.0,944.7183,
000000.000,0.0,0.0,0.0,99.99,20.8125,3.0,944.6819,
000000.000,0.0,0.0,0.0,99.99,20.8125,3.0,944.6399,
000000.000,0.0,0.0,0.0,99.99,20.8125,3.0,944.6133,
000000.000,0.0,0.0,0.0,99.99,20.75,3.0,944.5666,
000000.000,0.0,0.0,0.0,99.99,20.8125,3.0,944.5494,
000000.000,0.0,0.0,0.0,99.99,20.8125,3.0,944.5062,
000000.000,0.0,0.0,0.0,99.99,20.8125,3.0,944.4589,
000000.000,0.0,0.0,0.0,99.99,20.8125,3.0,944.4419,
000000.000,0.0,0.0,0.0,99.99,20.8125,3.0,944.409,
000000.000,0.0,0.0,0.0,99.99,20.8125,3.0,944.2837,
000000.000,0.0,0.0,0.0,99.99,20.8125,3.0,944.2163,
000000.000,0.0,0.0,0.0,99.99,20.8125,3.0,944.182,
000000.000,0.0,0.0,0.0,99.99,20.75,3.0,944.1387,
000000.000,0.0,0.0,0.0,99.99,20.8125,3.0,944.0613,
000000.000,0.0,0.0,0.0,99.99,20.8125,3.0,944.0137,
000000.000,0.0,0.0,0.0,99.99,20.8125,3.0,944.0044,
000000.000,0.0,0.0,0.0,99.99,20.8125,3.0,944.0578,
000000.000,0.0,0.0,0.0,99.99,20.8125,3.0,944.0698,
000000.000,0.0,0.0,0.0,99.99,20.8125,3.0,944.0797,
000000.000,0.0,0.0,0.0,99.99,20.8125,3.0,944.0507,
000000.000,0.0,0.0,0.0,99.99,20.8125,3.0,944.0558,
000000.000,0.0,0.0,0.0,99.99,20.8125,3.0,944.0845,
000000.000,0.0,0.0,0.0,99.99,20.8125,3.0,944.1128,
000000.000,0.0,0.0,0.0,99.99,20.8125,3.0,944.0915,
000000.000,0.0,0.0,0.0,99.99,20.8125,3.0,944.1328,
000000.000,0.0,0.0,0.0,99.99,20.8125,3.0,944.1296,
000000.000,0.0,0.0,0.0,99.99,20.8125,3.0,944.1464,
000000.000,0.0,0.0,0.0,99.99,20.8125,3.0,944.1608,
000000.000,0.0,0.0,0.0,99.99,20.8125,3.0,944.1731,
000000.000,0.0,0.0,0.0,99.99,20.8125,3.0,944.2106,
000000.000,0.0,0.0,0.0,99.99,20.8125,3.0,944.2637,
999999.000,99.0,99.0,99.0,99.0,20.8125,3.0,944.2917,
999999.000,99.0,99.0,99.0,99.0,20.8125,3.0,944.293,
999999.000,99.0,99.0,99.0,99.0,20.8125,3.0,944.3398,
999999.000,99.0,99.0,99.0,99.0,20.8125,3.0,944.3589,
999999.000,99.0,99.0,99.0,99.0,20.8125,3.0,944.4138,
999999.000,99.0,99.0,99.0,99.0,20.8125,3.0,944.4341,
999999.000,99.0,99.0,99.0,99.0,20.8125,3.0,944.3912,
999999.000,99.0,99.0,99.0,99.0,20.8125,3.0,944.4434,
999999.000,99.0,99.0,99.0,99.0,20.8125,3.0,944.4662,
999999.000,99.0,99.0,99.0,99.0,20.8125,3.0,944.5176,
999999.000,99.0,99.0,99.0,99.0,20.8125,3.0,944.5319,
999999.000,99.0,99.0,99.0,99.0,20.8125,3.0,944.5491,
999999.000,99.0,99.0,99.0,99.0,20.8125,3.0,944.6042,
999999.000,99.0,99.0,99.0,99.0,20.8125,3.0,944.6275,
999999.000,99.0,99.0,99.0,99.0,20.8125,3.0,944.6462,
999999.000,99.0,99.0,99.0,99.0,20.8125,3.0,944.6841,
999999.000,99.0,99.0,99.0,99.0,20.875,3.0,944.7258,
999999.000,99.0,99.0,99.0,99.0,20.875,3.0,944.7594,
999999.000,99.0,99.0,99.0,99.0,20.875,3.0,944.8199,
999999.000,99.0,99.0,99.0,99.0,20.875,3.0,944.851,
111111.000,11.0,11.0,11.0,11.0,20.875,3.0,945.7305,
111111.000,11.0,11.0,11.0,11.0,20.9375,3.0,945.7523,
000000.000,0.0,0.0,0.0,99.99,20.9375,3.0,945.78,
000000.000,0.0,0.0,0.0,99.99,21.0,3.0,945.7891,
000000.000,0.0,0.0,0.0,99.99,21.0,3.0,945.7886,
000000.000,0.0,0.0,0.0,99.99,21.0,3.0,945.81,
000000.000,0.0,0.0,0.0,99.99,21.0,3.0,945.8094,
000000.000,0.0,0.0,0.0,99.99,21.0625,3.0,945.8145,
000000.000,0.0,0.0,0.0,99.99,21.0,3.0,945.8069,
000000.000,0.0,0.0,0.0,99.99,21.0625,3.0,945.809,
000000.000,0.0,0.0,0.0,99.99,21.0,3.0,945.7684,
000000.000,0.0,0.0,0.0,99.99,21.0,3.0,945.7944,
000000.000,0.0,0.0,0.0,99.99,21.0,3.0,945.7939,
000000.000,0.0,0.0,0.0,99.99,21.0,3.0,945.7819,
000000.000,0.0,0.0,0.0,99.99,21.0,3.0,945.771,
000000.000,0.0,0.0,0.0,99.99,21.0,3.0,945.7678,
000000.000,0.0,0.0,0.0,99.99,21.0625,3.0,945.744,
000000.000,0.0,0.0,0.0,99.99,21.0625,3.0,945.7318,
000000.000,0.0,0.0,0.0,99.99,21.0625,3.0,945.7255,
000000.000,0.0,0.0,0.0,99.99,21.0625,3.0,945.7043,
000000.000,0.0,0.0,0.0,99.99,21.0625,3.0,945.6702,
000000.000,0.0,0.0,0.0,99.99,21.0625,3.0,945.6537,
000000.000,0.0,0.0,0.0,99.99,21.0625,3.0,945.6459,
000000.000,0.0,0.0,0.0,99.99,21.0625,3.0,945.6738,
000000.000,0.0,0.0,0.0,99.99,21.0625,3.0,945.7104,
000000.000,0.0,0.0,0.0,99.99,21.0625,3.0,945.6052,
000000.000,0.0,0.0,0.0,99.99,21.0625,3.0,945.5356,
000000.000,0.0,0.0,0.0,99.99,21.0625,3.0,945.5319,
000000.000,0.0,0.0,0.0,99.99,21.0625,3.0,945.5358,
000000.000,0.0,0.0,0.0,99.99,21.0625,3.0,945.5829,
000000.000,0.0,0.0,0.0,99.99,21.125,3.0,945.5867,
000000.000,0.0,0.0,0.0,99.99,21.0625,3.0,945.5995,
000000.000,0.0,0.0,0.0,99.99,21.0625,3.0,945.5876,
000000.000,0.0,0.0,0.0,99.99,21.0625,3.0,945.6218,
000000.000,0.0,0.0,0.0,99.99,21.0625,3.0,945.6447,
000000.000,0.0,0.0,0.0,99.99,21.125,3.0,945.6957,
000000.000,0.0,0.0,0.0,99.99,21.125,3.0,945.7017,
000000.000,0.0,0.0,0.0,99.99,21.125,3.0,945.7413,
000000.000,0.0,0.0,0.0,99.99,21.125,3.0,945.7307,
000000.000,0.0,0.0,0.0,99.99,21.125,3.0,945.765,
999999.000,99.0,99.0,99.0,99.0,21.125,3.0,945.7862,
999999.000,99.0,99.0,99.0,99.0,21.125,3.0,945.7791,
999999.000,99.0,99.0,99.0,99.0,21.125,3.0,945.7791,
999999.000,99.0,99.0,99.0,99.0,21.125,3.0,945.7963,
999999.000,99.0,99.0,99.0,99.0,21.125,3.0,945.8229,
999999.000,99.0,99.0,99.0,99.0,21.125,3.0,945.8279,
999999.000,99.0,99.0,99.0,99.0,21.125,3.0,945.8243,
999999.000,99.0,99.0,99.0,99.0,21.125,3.0,945.8627,
999999.000,99.0,99.0,99.0,99.0,21.125,3.0,945.8655,
999999.000,99.0,99.0,99.0,99.0,21.125,3.0,945.8616,
999999.000,99.0,99.0,99.0,99.0,21.125,3.0,945.8383,
999999.000,99.0,99.0,99.0,99.0,21.1875,3.0,945.8572,
999999.000,99.0,99.0,99.0,99.0,21.125,3.0,945.8845,
999999.000,99.0,99.0,99.0,99.0,21.125,3.0,945.8977,
999999.000,99.0,99.0,99.0,99.0,21.125,3.0,945.8675,
999999.000,99.0,99.0,99.0,99.0,21.125,3.0,945.8577,
999999.000,99.0,99.0,99.0,99.0,21.125,3.0,945.8492,
999999.000,99.0,99.0,99.0,99.0,21.125,3.0,945.8454,
999999.000,99.0,99.0,99.0,99.0,21.1875,3.0,945.8907,
999999.000,99.0,99.0,99.0,99.0,21.1875,3.0,945.8214,
999999.000,99.0,99.0,99.0,99.0,21.125,3.0,945.8383,
999999.000,99.0,99.0,99.0,99.0,21.125,3.0,945.8348,
999999.000,99.0,99.0,99.0,99.0,21.125,3.0,945.8627,
999999.000,99.0,99.0,99.0,99.0,21.125,3.0,945.8664,
999999.000,99.0,99.0,99.0,99.0,21.1875,3.0,945.8325,
999999.000,99.0,99.0,99.0,99.0,21.125,3.0,945.8435,
999999.000,99.0,99.0,99.0,99.0,21.1875,3.0,945.8495,
999999.000,99.0,99.0,99.0,99.0,21.1875,3.0,945.8469,
999999.000,99.0,99.0,99.0,99.0,21.1875,3.0,945.8729,
999999.000,99.0,99.0,99.0,99.0,21.1875,3.0,945.8982,
999999.000,99.0,99.0,99.0,99.0,21.1875,3.0,945.9105,
999999.000,99.0,99.0,99.0,99.0,21.1875,3.0,945.9327,
999999.000,99.0,99.0,99.0,99.0,21.1875,3.0,945.9565,
999999.000,99.0,99.0,99.0,99.0,21.1875,3.0,945.9597,
999999.000,99.0,99.0,99.0,99.0,21.1875,3.0,945.9863,
999999.000,99.0,99.0,99.0,99.0,21.1875,3.0,945.9785,
999999.000,99.0,99.0,99.0,99.0,21.1875,3.0,945.985,
999999.000,99.0,99.0,99.0,99.0,21.1875,3.0,946.0053,
999999.000,99.0,99.0,99.0,99.0,21.1875,3.0,946.02,
999999.000,99.0,99.0,99.0,99.0,21.25,3.0,946.0667,
999999.000,99.0,99.0,99.0,99.0,21.1875,3.0,946.0574,
999999.000,99.0,99.0,99.0,99.0,21.25,3.0,946.0602,
999999.000,99.0,99.0,99.0,99.0,21.1875,3.0,946.0962,
999999.000,99.0,99.0,99.0,99.0,21.1875,3.0,946.067,
999999.000,99.0,99.0,99.0,99.0,21.25,3.0,946.0784,
999999.000,99.0,99.0,99.0,99.0,21.25,3.0,946.1065,
999999.000,99.0,99.0,99.0,99.0,21.25,3.0,946.1621,
999999.000,99.0,99.0,99.0,99.0,21.25,3.0,946.1699,
999999.000,99.0,99.0,99.0,99.0,21.25,3.0,946.2078,
999999.000,99.0,99.0,99.0,99.0,21.25,3.0,946.2048,
999999.000,99.0,99.0,99.0,99.0,21.25,3.0,946.2432,
999999.000,99.0,99.0,99.0,99.0,21.25,3.0,946.199,
999999.000,99.0,99.0,99.0,99.0,21.25,3.0,946.2283,
999999.000,99.0,99.0,99.0,99.0,21.25,3.0,946.2297,
999999.000,99.0,99.0,99.0,99.0,21.25,3.0,946.2415,
999999.000,99.0,99.0,99.0,99.0,21.25,3.0,946.2275,
999999.000,99.0,99.0,99.0,99.0,21.25,3.0,946.2544,
999999.000,99.0,99.0,99.0,99.0,21.25,3.0,946.2667,
999999.000,99.0,99.0,99.0,99.0,21.3125,3.0,946.2681,
999999.000,99.0,99.0,99.0,99.0,21.25,3.0,946.238,
999999.000,99.0,99.0,99.0,99.0,21.3125,3.0,946.2264,
999999.000,99.0,99.0,99.0,99.0,21.3125,3.0,946.267,
999999.000,99.0,99.0,99.0,99.0,21.3125,3.0,946.2745,
999999.000,99.0,99.0,99.0,99.0,21.25,3.0,946.2828,
999999.000,99.0,99.0,99.0,99.0,21.25,3.0,946.2903,
999999.000,99.0,99.0,99.0,99.0,21.25,3.0,946.2675,
999999.000,99.0,99.0,99.0,99.0,21.25,3.0,946.298,
999999.000,99.0,99.0,99.0,99.0,21.25,3.0,946.3086,
999999.000,99.0,99.0,99.0,99.0,21.25,3.0,946.2766,
999999.000,99.0,99.0,99.0,99.0,21.25,3.0,946.2919,
999999.000,99.0,99.0,99.0,99.0,21.25,3.0,946.3145,
999999.000,99.0,99.0,99.0,99.0,21.25,3.0,946.3055,
999999.000,99.0,99.0,99.0,99.0,21.25,3.0,946.2866,
999999.000,99.0,99.0,99.0,99.0,21.25,3.0,946.1938,
999999.000,99.0,99.0,99.0,99.0,21.25,3.0,946.2004,
999999.000,99.0,99.0,99.0,99.0,21.1875,3.0,946.2354,
999999.000,99.0,99.0,99.0,99.0,21.25,3.0,946.241,
999999.000,99.0,99.0,99.0,99.0,21.1875,3.0,946.2144,
999999.000,99.0,99.0,99.0,99.0,21.1875,3.0,946.2405,
111111.000,11.0,11.0,11.0,11.0,21.1875,3.0,946.0883,
111111.000,11.0,11.0,11.0,11.0,21.125,3.0,946.0946,
000000.000,0.0,0.0,0.0,99.99,21.1875,3.0,946.0385,
000000.000,0.0,0.0,0.0,99.99,21.1875,3.0,946.0907,
000000.000,0.0,0.0,0.0,99.99,21.1875,3.0,946.1007,
000000.000,0.0,0.0,0.0,99.99,21.1875,3.0,946.1195,
000000.000,0.0,0.0,0.0,99.99,21.1875,3.0,946.1294,
000000.000,0.0,0.0,0.0,99.99,21.1875,3.0,946.0848,
000000.000,0.0,0.0,0.0,99.99,21.1875,3.0,946.0223,
000000.000,0.0,0.0,0.0,99.99,21.1875,3.0,946.0945,
000000.000,0.0,0.0,0.0,99.99,21.1875,3.0,946.1027,
000000.000,0.0,0.0,0.0,99.99,21.1875,3.0,946.1348,
000000.000,0.0,0.0,0.0,99.99,21.1875,3.0,946.0804,
000000.000,0.0,0.0,0.0,99.99,21.25,3.0,946.0817,
000000.000,0.0,0.0,0.0,99.99,21.25,3.0,946.0806,
000000.000,0.0,0.0,0.0,99.99,21.25,3.0,946.1265,
000000.000,0.0,0.0,0.0,99.99,21.25,3.0,946.1499,
000000.000,0.0,0.0,0.0,99.99,21.25,3.0,946.1082,
000000.000,0.0,0.0,0.0,99.99,21.25,3.0,946.0466,
000000.000,0.0,0.0,0.0,99.99,21.25,3.0,945.991,
000000.000,0.0,0.0,0.0,99.99,21.25,3.0,945.9777,
000000.000,0.0,0.0,0.0,99.99,21.25,3.0,945.9514,
000000.000,0.0,0.0,0.0,99.99,21.25,3.0,945.9732,
000000.000,0.0,0.0,0.0,99.99,21.25,3.0,946.029,
000000.000,0.0,0.0,0.0,99.99,21.25,3.0,946.0391,
000000.000,0.0,0.0,0.0,99.99,21.25,3.0,946.0181,
000000.000,0.0,0.0,0.0,99.99,21.25,3.0,946.0708,
000000.000,0.0,0.0,0.0,99.99,21.25,3.0,946.0678,
000000.000,0.0,0.0,0.0,99.99,21.1875,3.0,946.0889,
000000.000,0.0,0.0,0.0,99.99,21.1875,3.0,946.1144,
000000.000,0.0,0.0,0.0,99.99,21.25,3.0,946.0424,
000000.000,0.0,0.0,0.0,99.99,21.1875,3.0,946.0502,
000000.000,0.0,0.0,0.0,99.99,21.25,3.0,946.0828,
000000.000,0.0,0.0,0.0,99.99,21.25,3.0,946.0941,
000000.000,0.0,0.0,0.0,99.99,21.1875,3.0,946.0743,
000000.000,0.0,0.0,0.0,99.99,21.1875,3.0,946.0842,
000000.000,0.0,0.0,0.0,99.99,21.25,3.0,946.1191,
000000.000,0.0,0.0,0.0,99.99,21.25,3.0,946.1054,
000000.000,0.0,0.0,0.0,99.99,21.1875,3.0,946.139,
999999.000,99.0,99.0,99.0,99.0,21.25,3.0,946.1282,
999999.000,99.0,99.0,99.0,99.0,21.25,3.0,946.1573,
999999.000,99.0,99.0,99.0,99.0,21.25,3.0,946.1724,
999999.000,99.0,99.0,99.0,99.0,21.25,3.0,946.1624,
999999.000,99.0,99.0,99.0,99.0,21.25,3.0,946.1815,
999999.000,99.0,99.0,99.0,99.0,21.25,3.0,946.1769,
999999.000,99.0,99.0,99.0,99.0,21.25,3.0,946.1916,
999999.000,99.0,99.0,99.0,99.0,21.25,3.0,946.1598,
999999.000,99.0,99.0,99.0,99.0,21.25,3.0,946.1501,
999999.000,99.0,99.0,99.0,99.0,21.25,3.0,946.1376,
999999.000,99.0,99.0,99.0,99.0,21.25,3.0,946.096,
999999.000,99.0,99.0,99.0,99.0,21.25,3.0,946.0433,
999999.000,99.0,99.0,99.0,99.0,21.25,3.0,946.0271,
999999.000,99.0,99.0,99.0,99.0,21.25,3.0,946.0022,
999999.000,99.0,99.0,99.0,99.0,21.25,3.0,945.8935,
999999.000,99.0,99.0,99.0,99.0,21.25,3.0,945.7274,
999999.000,99.0,99.0,99.0,99.0,21.25,3.0,945.7135,
999999.000,99.0,99.0,99.0,99.0,21.25,3.0,945.7004,
999999.000,99.0,99.0,99.0,99.0,21.1875,3.0,945.6113,
999999.000,99.0,99.0,99.0,99.0,21.1875,3.0,945.5904,
999999.000,99.0,99.0,99.0,99.0,21.1875,3.0,945.6016,
999999.000,99.0,99.0,99.0,99.0,21.1875,3.0,945.7007,
999999.000,99.0,99.0,99.0,99.0,21.1875,3.0,945.5701,
999999.000,99.0,99.0,99.0,99.0,21.1875,3.0,945.5927,
999999.000,99.0,99.0,99.0,99.0,21.1875,3.0,945.5627,
999999.000,99.0,99.0,99.0,99.0,21.1875,3.0,945.6309,
999999.000,99.0,99.0,99.0,99.0,21.1875,3.0,945.692,
999999.000,99.0,99.0,99.0,99.0,21.1875,3.0,945.7078,
999999.000,99.0,99.0,99.0,99.0,21.1875,3.0,945.788,
999999.000,99.0,99.0,99.0,99.0,21.1875,3.0,945.8312,
999999.000,99.0,99.0,99.0,99.0,21.1875,3.0,945.8519,
999999.000,99.0,99.0,99.0,99.0,21.25,3.0,945.8776,
999999.000,99.0,99.0,99.0,99.0,21.25,3.0,945.8371,
999999.000,99.0,99.0,99.0,99.0,21.25,3.0,945.839,
999999.000,99.0,99.0,99.0,99.0,21.1875,3.0,945.7693,
999999.000,99.0,99.0,99.0,99.0,21.1875,3.0,945.7341,
999999.000,99.0,99.0,99.0,99.0,21.25,3.0,945.74,
999999.000,99.0,99.0,99.0,99.0,21.1875,3.0,945.713,
999999.000,99.0,99.0,99.0,99.0,21.1875,3.0,945.7104,
999999.000,99.0,99.0,99.0,99.0,21.1875,3.0,945.7383,
999999.000,99.0,99.0,99.0,99.0,21.1875,3.0,945.8303,
999999.000,99.0,99.0,99.0,99.0,21.1875,3.0,945.8566,
999999.000,99.0,99.0,99.0,99.0,21.1875,3.0,945.8621,
999999.000,99.0,99.0,99.0,99.0,21.25,3.0,945.9002,
999999.000,99.0,99.0,99.0,99.0,21.25,3.0,945.8934,
999999.000,99.0,99.0,99.0,99.0,21.1875,3.0,945.8636,
999999.000,99.0,99.0,99.0,99.0,21.25,3.0,945.8828,
999999.000,99.0,99.0,99.0,99.0,21.25,3.0,945.9359,
999999.000,99.0,99.0,99.0,99.0,21.25,3.0,945.941,
999999.000,99.0,99.0,99.0,99.0,21.25,3.0,945.9011,
999999.000,99.0,99.0,99.0,99.0,21.25,3.0,945.9666,
999999.000,99.0,99.0,99.0,99.0,21.25,3.0,945.979,
999999.000,99.0,99.0,99.0,99.0,21.25,3.0,945.9791,
999999.000,99.0,99.0,99.0,99.0,21.25,3.0,945.9303,
999999.000,99.0,99.0,99.0,99.0,21.25,3.0,945.9177,
999999.000,99.0,99.0,99.0,99.0,21.25,3.0,945.905,
999999.000,99.0,99.0,99.0,99.0,21.25,3.0,945.7887,
999999.000,99.0,99.0,99.0,99.0,21.25,3.0,945.6473,
999999.000,99.0,99.0,99.0,99.0,21.25,3.0,945.5336,
999999.000,99.0,99.0,99.0,99.0,21.25,3.0,945.4644,
999999.000,99.0,99.0,99.0,99.0,21.25,3.0,945.4598,
999999.000,99.0,99.0,99.0,99.0,21.25,3.0,945.517,
999999.000,99.0,99.0,99.0,99.0,21.1875,3.0,945.514,
999999.000,99.0,99.0,99.0,99.0,21.1875,3.0,945.5554,
999999.000,99.0,99.0,99.0,99.0,21.1875,3.0,945.5382,
999999.000,99.0,99.0,99.0,99.0,21.1875,3.0,945.5976,
999999.000,99.0,99.0,99.0,99.0,21.1875,3.0,945.5636,
999999.000,99.0,99.0,99.0,99.0,21.1875,3.0,945.5568,
999999.000,99.0,99.0,99.0,99.0,21.1875,3.0,945.5947,
999999.000,99.0,99.0,99.0,99.0,21.1875,3.0,945.6626,
999999.000,99.0,99.0,99.0,99.0,21.1875,3.0,945.664,
999999.000,99.0,99.0,99.0,99.0,21.25,3.0,945.7196,
999999.000,99.0,99.0,99.0,99.0,21.25,3.0,945.7124,
999999.000,99.0,99.0,99.0,99.0,21.25,3.0,945.7617,
999999.000,99.0,99.0,99.0,99.0,21.25,3.0,945.7566,
999999.000,99.0,99.0,99.0,99.0,21.25,3.0,945.8024,
999999.000,99.0,99.0,99.0,99.0,21.25,3.0,945.8304,
999999.000,99.0,99.0,99.0,99.0,21.25,3.0,945.8232,
999999.000,99.0,99.0,99.0,99.0,21.25,3.0,945.8313,
999999.000,99.0,99.0,99.0,99.0,21.25,3.0,945.8699,
999999.000,99.0,99.0,99.0,99.0,21.25,3.0,945.9191,
999999.000,99.0,99.0,99.0,99.0,21.25,3.0,945.9568,
999999.000,99.0,99.0,99.0,99.0,21.25,3.0,945.9916,
999999.000,99.0,99.0,99.0,99.0,21.25,3.0,946.0148,
999999.000,99.0,99.0,99.0,99.0,21.25,3.0,946.0198,
999999.000,99.0,99.0,99.0,99.0,21.25,3.0,946.0242,
999999.000,99.0,99.0,99.0,99.0,21.25,3.0,946.0493,
999999.000,99.0,99.0,99.0,99.0,21.25,3.0,946.0659,
999999.000,99.0,99.0,99.0,99.0,21.25,3.0,946.0272,
999999.000,99.0,99.0,99.0,99.0,21.1875,3.0,946.0389,
999999.000,99.0,99.0,99.0,99.0,21.1875,3.0,946.0004,
999999.000,99.0,99.0,99.0,99.0,21.1875,3.0,946.0151,
999999.000,99.0,99.0,99.0,99.0,21.1875,3.0,946.0015,
999999.000,99.0,99.0,99.0,99.0,21.1875,3.0,946.0021,
999999.000,99.0,99.0,99.0,99.0,21.1875,3.0,946.0151,
999999.000,99.0,99.0,99.0,99.0,21.1875,3.0,946.0168,
999999.000,99.0,99.0,99.0,99.0,21.1875,3.0,946.0122,
999999.000,99.0,99.0,99.0,99.0,21.25,3.0,946.0233,
999999.000,99.0,99.0,99.0,99.0,21.1875,3.0,946.0123,
999999.000,99.0,99.0,99.0,99.0,21.25,3.0,946.0245,
999999.000,99.0,99.0,99.0,99.0,21.1875,3.0,946.0345,
999999.000,99.0,99.0,99.0,99.0,21.25,3.0,946.0257,
999999.000,99.0,99.0,99.0,99.0,21.25,3.0,946.0435,
999999.000,99.0,99.0,99.0,99.0,21.25,3.0,946.0577,
999999.000,99.0,99.0,99.0,99.0,21.25,3.0,946.0433,
999999.000,99.0,99.0,99.0,99.0,21.25,3.0,946.0266,
999999.000,99.0,99.0,99.0,99.0,21.25,3.0,946.01,
999999.000,99.0,99.0,99.0,99.0,21.1875,3.0,945.9931,
999999.000,99.0,99.0,99.0,99.0,21.1875,3.0,945.9846,
999999.000,99.0,99.0,99.0,99.0,21.1875,3.0,945.9489,
999999.000,99.0,99.0,99.0,99.0,21.125,3.0,945.9363,
999999.000,99.0,99.0,99.0,99.0,21.1875,3.0,945.9364,
999999.000,99.0,99.0,99.0,99.0,21.125,3.0,945.9567,
999999.000,99.0,99.0,99.0,99.0,21.1875,3.0,945.961,
999999.000,99.0,99.0,99.0,99.0,21.1875,3.0,945.9422,
999999.000,99.0,99.0,99.0,99.0,21.1875,3.0,945.9453,
999999.000,99.0,99.0,99.0,99.0,21.1875,3.0,945.9746,
999999.000,99.0,99.0,99.0,99.0,21.1875,3.0,945.9705,
999999.000,99.0,99.0,99.0,99.0,21.1875,3.0,945.9749,
999999.000,99.0,99.0,99.0,99.0,21.1875,3.0,946.0073,
999999.000,99.0,99.0,99.0,99.0,21.1875,3.0,945.9897,
999999.000,99.0,99.0,99.0,99.0,21.1875,3.0,945.9885,
999999.000,99.0,99.0,99.0,99.0,21.1875,3.0,946.0087,
999999.000,99.0,99.0,99.0,99.0,21.25,3.0,946.0383,
999999.000,99.0,99.0,99.0,99.0,21.25,3.0,946.0845,
999999.000,99.0,99.0,99.0,99.0,21.25,3.0,946.0926,
999999.000,99.0,99.0,99.0,99.0,21.25,3.0,946.1107,
999999.000,99.0,99.0,99.0,99.0,21.25,3.0,946.1445,
999999.000,99.0,99.0,99.0,99.0,21.25,3.0,946.0641,
999999.000,99.0,99.0,99.0,99.0,21.25,3.0,946.0656,
999999.000,99.0,99.0,99.0,99.0,21.25,3.0,946.096,
999999.000,99.0,99.0,99.0,99.0,21.25,3.0,946.1247,
999999.000,99.0,99.0,99.0,99.0,21.25,3.0,946.1549,
999999.000,99.0,99.0,99.0,99.0,21.25,3.0,946.1448,
999999.000,99.0,99.0,99.0,99.0,21.25,3.0,946.1398,
999999.000,99.0,99.0,99.0,99.0,21.25,3.0,946.1214,
999999.000,99.0,99.0,99.0,99.0,21.25,3.0,946.1102,
999999.000,99.0,99.0,99.0,99.0,21.3125,3.0,946.1046,
999999.000,99.0,99.0,99.0,99.0,21.25,3.0,946.0934,
999999.000,99.0,99.0,99.0,99.0,21.25,3.0,946.1181,
999999.000,99.0,99.0,99.0,99.0,21.25,3.0,946.0829,
999999.000,99.0,99.0,99.0,99.0,21.25,3.0,946.104,
999999.000,99.0,99.0,99.0,99.0,21.25,3.0,946.0815,
999999.000,99.0,99.0,99.0,99.0,21.25,3.0,946.0569,
999999.000,99.0,99.0,99.0,99.0,21.25,3.0,946.0378,
999999.000,99.0,99.0,99.0,99.0,21.25,3.0,946.0131,
999999.000,99.0,99.0,99.0,99.0,21.25,3.0,946.0347,
999999.000,99.0,99.0,99.0,99.0,21.25,3.0,945.9796,
999999.000,99.0,99.0,99.0,99.0,21.1875,3.0,945.9695,
999999.000,99.0,99.0,99.0,99.0,21.1875,3.0,945.966,
999999.000,99.0,99.0,99.0,99.0,21.1875,3.0,945.8963,
999999.000,99.0,99.0,99.0,99.0,21.1875,3.0,945.8956,
999999.000,99.0,99.0,99.0,99.0,21.1875,3.0,945.9066,
999999.000,99.0,99.0,99.0,99.0,21.1875,3.0,945.8823,
999999.000,99.0,99.0,99.0,99.0,21.1875,3.0,945.8813,
999999.000,99.0,99.0,99.0,99.0,21.25,3.0,945.8918,
999999.000,99.0,99.0,99.0,99.0,21.25,3.0,945.861,
999999.000,99.0,99.0,99.0,99.0,21.1875,3.0,945.8378,
999999.000,99.0,99.0,99.0,99.0,21.1875,3.0,945.6786,
999999.000,99.0,99.0,99.0,99.0,21.1875,3.0,945.7151,
999999.000,99.0,99.0,99.0,99.0,21.125,3.0,945.7265,
999999.000,99.0,99.0,99.0,99.0,21.1875,3.0,945.7191,
999999.000,99.0,99.0,99.0,99.0,21.125,3.0,945.6981,
999999.000,99.0,99.0,99.0,99.0,21.125,3.0,945.6948,
999999.000,99.0,99.0,99.0,99.0,21.125,3.0,945.7307,
999999.000,99.0,99.0,99.0,99.0,21.125,3.0,945.6579,
999999.000,99.0,99.0,99.0,99.0,21.125,3.0,945.387,
999999.000,99.0,99.0,99.0,99.0,21.125,3.0,945.2405,
999999.000,99.0,99.0,99.0,99.0,21.0625,3.0,945.0147,
999999.000,99.0,99.0,99.0,99.0,21.0625,3.0,944.9752,
999999.000,99.0,99.0,99.0,99.0,21.0,3.0,944.7919,
999999.000,99.0,99.0,99.0,99.0,21.0625,3.0,943.0639,
999999.000,99.0,99.0,99.0,99.0,20.875,3.0,939.7828,
999999.000,99.0,99.0,99.0,99.0,20.5,3.0,937.39,
999999.000,99.0,99.0,99.0,99.0,20.0625,3.0,935.4813,
999999.000,99.0,99.0,99.0,99.0,19.8125,3.0,934.3879,
999999.000,99.0,99.0,99.0,99.0,19.5,3.0,933.0953,
999999.000,99.0,99.0,99.0,99.0,19.1875,3.0,932.2748,
999999.000,99.0,99.0,99.0,99.0,19.0625,3.0,931.3293,
999999.000,99.0,99.0,99.0,99.0,18.9375,3.0,929.5712,
999999.000,99.0,99.0,99.0,99.0,18.6875,3.0,927.5137,
999999.000,99.0,99.0,99.0,99.0,18.4375,3.0,927.3649,
999999.000,99.0,99.0,99.0,99.0,18.3125,3.0,927.44,
999999.000,99.0,99.0,99.0,99.0,18.3125,3.0,927.4058,
999999.000,99.0,99.0,99.0,99.0,18.3125,3.0,927.336,
999999.000,99.0,99.0,99.0,99.0,18.375,3.0,927.3981,
999999.000,99.0,99.0,99.0,99.0,18.4375,3.0,927.725,
999999.000,99.0,99.0,99.0,99.0,18.5625,3.0,928.0502,
999999.000,99.0,99.0,99.0,99.0,18.625,3.0,928.226,
999999.000,99.0,99.0,99.0,99.0,18.6875,3.0,928.438,
999999.000,99.0,99.0,99.0,99.0,18.75,3.0,928.5952,
999999.000,99.0,99.0,99.0,99.0,18.8125,3.0,928.7567,
165011.00,0.0,0.0,0.0,99.99,18.875,3.0,928.9657,
165011.00,0.0,0.0,0.0,99.99,18.875,3.0,929.1513,
165012.00,0.0,0.0,0.0,99.99,18.875,3.0,929.3624,
165012.00,0.0,0.0,0.0,99.99,18.9375,3.0,929.6362,
165012.00,0.0,0.0,0.0,99.99,19.0,3.0,929.8114,
165012.00,0.0,0.0,0.0,99.99,19.0,3.0,930.0389,
165012.00,0.0,0.0,0.0,99.99,19.0625,3.0,930.2164,
999999.000,99.0,99.0,99.0,99.0,19.0625,3.0,930.3929,
999999.000,99.0,99.0,99.0,99.0,19.125,3.0,930.5756,
999999.000,99.0,99.0,99.0,99.0,19.125,3.0,930.7393,
999999.000,99.0,99.0,99.0,99.0,19.125,3.0,930.8247,
999999.000,99.0,99.0,99.0,99.0,19.1875,3.0,930.8682,
165020.00,0.0,0.0,0.0,99.99,19.125,3.0,930.9066,
165020.00,0.0,0.0,0.0,99.99,19.1875,3.0,930.9281,
999999.000,99.0,99.0,99.0,99.0,19.125,3.0,931.0966,
999999.000,99.0,99.0,99.0,99.0,19.125,3.0,931.2842,
999999.000,99.0,99.0,99.0,99.0,19.125,3.0,931.3892,
999999.000,99.0,99.0,99.0,99.0,19.1875,3.0,931.466,
999999.000,99.0,99.0,99.0,99.0,19.125,3.0,931.5522,
165027.00,0.0,0.0,0.0,99.99,19.125,3.0,931.5739,
165027.00,0.0,0.0,0.0,99.99,19.1875,3.0,931.7684,
165027.00,0.0,0.0,0.0,99.99,19.1875,3.0,931.8923,
165027.00,0.0,0.0,0.0,99.99,19.1875,3.0,932.0562,
165027.00,0.0,0.0,0.0,99.99,19.1875,3.0,932.1898,
999999.000,99.0,99.0,99.0,99.0,19.1875,3.0,932.3655,
999999.000,99.0,99.0,99.0,99.0,19.1875,3.0,932.4714,
999999.000,99.0,99.0,99.0,99.0,19.1875,3.0,932.5142,
999999.000,99.0,99.0,99.0,99.0,19.1875,3.0,932.5438,
999999.000,99.0,99.0,99.0,99.0,19.1875,3.0,932.536,
165041.00,5318.828,614.0967,65.3,2.12,19.1875,3.0,932.4928,
165041.00,5318.828,614.0967,65.3,2.12,19.1875,3.0,932.5916,
165041.00,5318.828,614.0967,65.3,2.12,19.1875,3.0,932.5876,
165041.00,5318.828,614.0967,65.3,2.12,19.125,3.0,932.6911,
165041.00,5318.828,614.0967,65.3,2.12,19.125,3.0,932.8616,
165041.00,5318.828,614.0967,65.3,2.12,19.125,3.0,932.9385,
999999.000,99.0,99.0,99.0,99.0,19.125,3.0,932.8649,
999999.000,99.0,99.0,99.0,99.0,19.125,3.0,932.8995,
999999.000,99.0,99.0,99.0,99.0,19.125,3.0,932.9615,
999999.000,99.0,99.0,99.0,99.0,19.125,3.0,932.9485,
165050.00,5318.831,614.0929,70.9,2.12,19.125,3.0,933.0219,
165050.00,5318.831,614.0929,70.9,2.12,19.125,3.0,933.1881,
165050.00,5318.831,614.0929,70.9,2.12,19.125,3.0,933.2505,
165050.00,5318.831,614.0929,70.9,2.12,19.125,3.0,933.4073,
999999.000,99.0,99.0,99.0,99.0,19.125,3.0,933.3957,
999999.000,99.0,99.0,99.0,99.0,19.125,3.0,933.3696,
999999.000,99.0,99.0,99.0,99.0,19.125,3.0,933.4588,
999999.000,99.0,99.0,99.0,99.0,19.125,3.0,933.5504,
999999.000,99.0,99.0,99.0,99.0,19.0625,3.0,933.6226,
999999.000,99.0,99.0,99.0,99.0,19.125,3.0,933.7473,
999999.000,99.0,99.0,99.0,99.0,19.125,3.0,933.8325,
999999.000,99.0,99.0,99.0,99.0,19.125,3.0,933.7957,
999999.000,99.0,99.0,99.0,99.0,19.125,3.0,933.7131,
999999.000,99.0,99.0,99.0,99.0,19.0625,3.0,933.4827,
999999.000,99.0,99.0,99.0,99.0,19.0625,3.0,933.3692,
999999.000,99.0,99.0,99.0,99.0,19.0625,3.0,933.4331,
999999.000,99.0,99.0,99.0,99.0,19.0625,3.0,933.5136,
999999.000,99.0,99.0,99.0,99.0,19.0625,3.0,933.3718,
999999.000,99.0,99.0,99.0,99.0,19.0,3.0,933.3069,
999999.000,99.0,99.0,99.0,99.0,19.0,3.0,933.0987,
999999.000,99.0,99.0,99.0,99.0,18.9375,3.0,933.0355,
999999.000,99.0,99.0,99.0,99.0,18.9375,3.0,932.8672,
999999.000,99.0,99.0,99.0,99.0,18.9375,3.0,932.8248,
999999.000,99.0,99.0,99.0,99.0,18.9375,3.0,932.838,
999999.000,99.0,99.0,99.0,99.0,18.9375,3.0,932.7252,
999999.000,99.0,99.0,99.0,99.0,18.875,3.0,932.6265,
999999.000,99.0,99.0,99.0,99.0,18.875,3.0,932.6738,
999999.000,99.0,99.0,99.0,99.0,18.8125,3.0,932.733,
999999.000,99.0,99.0,99.0,99.0,18.8125,3.0,932.6375,
999999.000,99.0,99.0,99.0,99.0,18.8125,3.0,932.5761,
999999.000,99.0,99.0,99.0,99.0,18.8125,3.0,932.5181,
999999.000,99.0,99.0,99.0,99.0,18.8125,3.0,932.5876,
999999.000,99.0,99.0,99.0,99.0,18.8125,3.0,932.6819,
999999.000,99.0,99.0,99.0,99.0,18.75,3.0,932.7148,
999999.000,99.0,99.0,99.0,99.0,18.75,3.0,932.7074,
999999.000,99.0,99.0,99.0,99.0,18.75,3.0,932.6382,
999999.000,99.0,99.0,99.0,99.0,18.75,3.0,932.7468,
999999.000,99.0,99.0,99.0,99.0,18.75,3.0,932.8091,
999999.000,99.0,99.0,99.0,99.0,18.75,3.0,932.9359,
999999.000,99.0,99.0,99.0,99.0,18.75,3.0,932.9856,
999999.000,99.0,99.0,99.0,99.0,18.75,3.0,933.0061,
999999.000,99.0,99.0,99.0,99.0,18.75,3.0,932.9241,
999999.000,99.0,99.0,99.0,99.0,18.75,3.0,932.784,
999999.000,99.0,99.0,99.0,99.0,18.75,3.0,932.7162,
999999.000,99.0,99.0,99.0,99.0,18.75,3.0,932.9172,
999999.000,99.0,99.0,99.0,99.0,18.6875,3.0,933.0338,
999999.000,99.0,99.0,99.0,99.0,18.6875,3.0,933.0685,
999999.000,99.0,99.0,99.0,99.0,18.75,3.0,933.1678,
999999.000,99.0,99.0,99.0,99.0,18.75,3.0,933.229,
999999.000,99.0,99.0,99.0,99.0,18.75,3.0,933.2319,
999999.000,99.0,99.0,99.0,99.0,18.75,3.0,933.0457,
999999.000,99.0,99.0,99.0,99.0,18.75,3.0,932.9886,
999999.000,99.0,99.0,99.0,99.0,18.75,3.0,932.9122,
999999.000,99.0,99.0,99.0,99.0,18.6875,3.0,932.9414,
999999.000,99.0,99.0,99.0,99.0,18.6875,3.0,932.9521,
111111.000,11.0,11.0,11.0,11.0,18.6875,3.0,930.4495,
111111.000,11.0,11.0,11.0,11.0,17.875,3.0,930.4526,
111111.000,11.0,11.0,11.0,11.0,17.9375,3.0,930.459,
165342.00,5318.836,614.106,61.0,2.05,17.9375,3.0,930.5283,
165342.00,5318.836,614.106,61.0,2.05,17.9375,3.0,930.5931,
165342.00,5318.836,614.106,61.0,2.05,17.9375,3.0,930.6108,
165342.00,5318.836,614.106,61.0,2.05,17.9375,3.0,930.6072,
165342.00,5318.836,614.106,61.0,2.05,18.0,3.0,930.6125,
165342.00,5318.836,614.106,61.0,2.05,18.0,3.0,930.6161,
999999.000,99.0,99.0,99.0,99.0,18.0,3.0,930.6789,
999999.000,99.0,99.0,99.0,99.0,18.0,3.0,930.6672,
999999.000,99.0,99.0,99.0,99.0,18.0,3.0,930.6277,
999999.000,99.0,99.0,99.0,99.0,18.0,3.0,930.6355,
999999.000,99.0,99.0,99.0,99.0,18.0,3.0,930.723,
999999.000,99.0,99.0,99.0,99.0,18.0,3.0,930.7344,
999999.000,99.0,99.0,99.0,99.0,18.0,3.0,930.7294,
999999.000,99.0,99.0,99.0,99.0,18.0,3.0,930.6204,
999999.000,99.0,99.0,99.0,99.0,18.0,3.0,930.4933,
999999.000,99.0,99.0,99.0,99.0,18.0,3.0,930.4604,
999999.000,99.0,99.0,99.0,99.0,17.9375,3.0,930.4079,
999999.000,99.0,99.0,99.0,99.0,18.0,3.0,930.4444,
999999.000,99.0,99.0,99.0,99.0,18.0,3.0,930.4105,
999999.000,99.0,99.0,99.0,99.0,17.9375,3.0,930.4844,
999999.000,99.0,99.0,99.0,99.0,17.9375,3.0,930.4608,
999999.000,99.0,99.0,99.0,99.0,17.9375,3.0,930.5837,
999999.000,99.0,99.0,99.0,99.0,17.9375,3.0,930.6082,
999999.000,99.0,99.0,99.0,99.0,18.0,3.0,930.6736,
999999.000,99.0,99.0,99.0,99.0,18.0,3.0,930.5778,
999999.000,99.0,99.0,99.0,99.0,18.0,3.0,930.6144,
999999.000,99.0,99.0,99.0,99.0,18.0,3.0,930.7061,
999999.000,99.0,99.0,99.0,99.0,17.9375,3.0,930.685,
999999.000,99.0,99.0,99.0,99.0,18.0,3.0,930.7032,
999999.000,99.0,99.0,99.0,99.0,17.9375,3.0,930.7175,
999999.000,99.0,99.0,99.0,99.0,18.0,3.0,930.6563,
999999.000,99.0,99.0,99.0,99.0,18.0,3.0,930.5873,
999999.000,99.0,99.0,99.0,99.0,17.9375,3.0,930.7068,
999999.000,99.0,99.0,99.0,99.0,18.0,3.0,930.7711,
999999.000,99.0,99.0,99.0,99.0,18.0,3.0,930.7536,
999999.000,99.0,99.0,99.0,99.0,18.0,3.0,930.7815,
999999.000,99.0,99.0,99.0,99.0,18.0,3.0,930.7865,
999999.000,99.0,99.0,99.0,99.0,18.0,3.0,930.7617,
999999.000,99.0,99.0,99.0,99.0,18.0,3.0,930.7156,
999999.000,99.0,99.0,99.0,99.0,18.0,3.0,930.6972,
999999.000,99.0,99.0,99.0,99.0,18.0,3.0,930.5954,
999999.000,99.0,99.0,99.0,99.0,17.9375,3.0,930.6027,
999999.000,99.0,99.0,99.0,99.0,17.9375,3.0,930.6227,
999999.000,99.0,99.0,99.0,99.0,17.9375,3.0,930.5251,
999999.000,99.0,99.0,99.0,99.0,17.9375,3.0,930.3605,
999999.000,99.0,99.0,99.0,99.0,17.875,3.0,930.15,
999999.000,99.0,99.0,99.0,99.0,17.875,3.0,930.0611,
999999.000,99.0,99.0,99.0,99.0,17.875,3.0,929.9497,
999999.000,99.0,99.0,99.0,99.0,17.875,3.0,929.8547,
999999.000,99.0,99.0,99.0,99.0,17.8125,3.0,929.8713,
999999.000,99.0,99.0,99.0,99.0,17.8125,3.0,929.8791,
999999.000,99.0,99.0,99.0,99.0,17.8125,3.0,929.9474,
999999.000,99.0,99.0,99.0,99.0,17.8125,3.0,929.9771,
999999.000,99.0,99.0,99.0,99.0,17.8125,3.0,930.0583,
999999.000,99.0,99.0,99.0,99.0,17.8125,3.0,930.0826,
999999.000,99.0,99.0,99.0,99.0,17.8125,3.0,930.1169,
999999.000,99.0,99.0,99.0,99.0,17.875,3.0,930.1398,
999999.000,99.0,99.0,99.0,99.0,17.875,3.0,930.1478,
999999.000,99.0,99.0,99.0,99.0,17.875,3.0,930.2136,
999999.000,99.0,99.0,99.0,99.0,17.875,3.0,930.2544,
999999.000,99.0,99.0,99.0,99.0,17.875,3.0,930.2088,
999999.000,99.0,99.0,99.0,99.0,17.875,3.0,930.1964,
999999.000,99.0,99.0,99.0,99.0,17.875,3.0,930.1901,
999999.000,99.0,99.0,99.0,99.0,17.875,3.0,930.1941,
999999.000,99.0,99.0,99.0,99.0,17.875,3.0,930.1537,
999999.000,99.0,99.0,99.0,99.0,17.875,3.0,930.1727,
999999.000,99.0,99.0,99.0,99.0,17.875,3.0,930.1406,
999999.000,99.0,99.0,99.0,99.0,17.875,3.0,930.1262,
999999.000,99.0,99.0,99.0,99.0,17.875,3.0,930.1559,
999999.000,99.0,99.0,99.0,99.0,17.875,3.0,930.1395,
999999.000,99.0,99.0,99.0,99.0,17.875,3.0,930.129,
999999.000,99.0,99.0,99.0,99.0,17.875,3.0,929.8923,
999999.000,99.0,99.0,99.0,99.0,17.875,3.0,929.6826,
999999.000,99.0,99.0,99.0,99.0,17.8125,3.0,929.6802,
999999.000,99.0,99.0,99.0,99.0,17.8125,3.0,929.7592,
999999.000,99.0,99.0,99.0,99.0,17.8125,3.0,929.7961,
999999.000,99.0,99.0,99.0,99.0,17.8125,3.0,929.7888,
999999.000,99.0,99.0,99.0,99.0,17.8125,3.0,929.8574,
999999.000,99.0,99.0,99.0,99.0,17.8125,3.0,929.8816,
999999.000,99.0,99.0,99.0,99.0,17.8125,3.0,929.9487,
999999.000,99.0,99.0,99.0,99.0,17.8125,3.0,929.9724,
999999.000,99.0,99.0,99.0,99.0,17.8125,3.0,930.0415,
999999.000,99.0,99.0,99.0,99.0,17.8125,3.0,930.104,
999999.000,99.0,99.0,99.0,99.0,17.8125,3.0,930.0114,
999999.000,99.0,99.0,99.0,99.0,17.8125,3.0,929.9462,
999999.000,99.0,99.0,99.0,99.0,17.8125,3.0,929.863,
999999.000,99.0,99.0,99.0,99.0,17.8125,3.0,929.7431,
999999.000,99.0,99.0,99.0,99.0,17.8125,3.0,929.5146,
999999.000,99.0,99.0,99.0,99.0,17.75,3.0,929.5259,
999999.000,99.0,99.0,99.0,99.0,17.75,3.0,929.4539,
999999.000,99.0,99.0,99.0,99.0,17.75,3.0,929.4611,
999999.000,99.0,99.0,99.0,99.0,17.75,3.0,929.4835,
999999.000,99.0,99.0,99.0,99.0,17.75,3.0,929.5457,
999999.000,99.0,99.0,99.0,99.0,17.75,3.0,929.4659,
999999.000,99.0,99.0,99.0,99.0,17.75,3.0,929.4539,
999999.000,99.0,99.0,99.0,99.0,17.75,3.0,929.399,
999999.000,99.0,99.0,99.0,99.0,17.75,3.0,929.3442,
999999.000,99.0,99.0,99.0,99.0,17.75,3.0,929.2825,
999999.000,99.0,99.0,99.0,99.0,17.6875,3.0,929.1763,
999999.000,99.0,99.0,99.0,99.0,17.6875,3.0,929.051,
999999.000,99.0,99.0,99.0,99.0,17.6875,3.0,928.8925,
999999.000,99.0,99.0,99.0,99.0,17.6875,3.0,928.8494,
999999.000,99.0,99.0,99.0,99.0,17.625,3.0,928.8935,
999999.000,99.0,99.0,99.0,99.0,17.625,3.0,928.8508,
999999.000,99.0,99.0,99.0,99.0,17.625,3.0,928.8258,
999999.000,99.0,99.0,99.0,99.0,17.625,3.0,928.6488,
999999.000,99.0,99.0,99.0,99.0,17.625,3.0,928.5785,
999999.000,99.0,99.0,99.0,99.0,17.625,3.0,928.4688,
999999.000,99.0,99.0,99.0,99.0,17.625,3.0,928.454,
999999.000,99.0,99.0,99.0,99.0,17.5625,3.0,928.5591,
999999.000,99.0,99.0,99.0,99.0,17.5625,3.0,928.6248,
999999.000,99.0,99.0,99.0,99.0,17.5625,3.0,928.6918,
999999.000,99.0,99.0,99.0,99.0,17.5625,3.0,928.6917,
999999.000,99.0,99.0,99.0,99.0,17.625,3.0,928.5759,
999999.000,99.0,99.0,99.0,99.0,17.5625,3.0,928.4827,
999999.000,99.0,99.0,99.0,99.0,17.5625,3.0,928.6194,
999999.000,99.0,99.0,99.0,99.0,17.5625,3.0,928.6246,
999999.000,99.0,99.0,99.0,99.0,17.5625,3.0,928.6192,
999999.000,99.0,99.0,99.0,99.0,17.5625,3.0,928.6838,
999999.000,99.0,99.0,99.0,99.0,17.5625,3.0,928.7369,
165549.00,5318.828,614.1021,66.3,1.52,17.5625,3.0,928.7173,
165549.00,5318.828,614.1021,66.3,1.52,17.5625,3.0,928.6036,
165549.00,5318.828,614.1021,66.3,1.52,17.5625,3.0,928.6725,
165549.00,5318.828,614.1021,66.3,1.52,17.5625,3.0,928.7752,
165549.00,5318.828,614.1021,66.3,1.52,17.5625,3.0,928.7941,
165549.00,5318.828,614.1021,66.3,1.52,17.5625,3.0,928.7986,
999999.000,99.0,99.0,99.0,99.0,17.5625,3.0,928.8947,
999999.000,99.0,99.0,99.0,99.0,17.5625,3.0,928.8903,
999999.000,99.0,99.0,99.0,99.0,17.625,3.0,928.9247,
999999.000,99.0,99.0,99.0,99.0,17.5625,3.0,928.9426,
999999.000,99.0,99.0,99.0,99.0,17.5625,3.0,928.973,
999999.000,99.0,99.0,99.0,99.0,17.5625,3.0,929.0424,
999999.000,99.0,99.0,99.0,99.0,17.5625,3.0,929.0209,
999999.000,99.0,99.0,99.0,99.0,17.5625,3.0,929.0605,
999999.000,99.0,99.0,99.0,99.0,17.5625,3.0,929.0017,
999999.000,99.0,99.0,99.0,99.0,17.5625,3.0,929.099,
999999.000,99.0,99.0,99.0,99.0,17.5625,3.0,929.1835,
999999.000,99.0,99.0,99.0,99.0,17.5625,3.0,929.0703,
999999.000,99.0,99.0,99.0,99.0,17.5625,3.0,929.0923,
999999.000,99.0,99.0,99.0,99.0,17.5625,3.0,929.0826,
999999.000,99.0,99.0,99.0,99.0,17.5625,3.0,929.1257,
999999.000,99.0,99.0,99.0,99.0,17.5625,3.0,929.1727,
999999.000,99.0,99.0,99.0,99.0,17.5625,3.0,929.1975,
999999.000,99.0,99.0,99.0,99.0,17.5625,3.0,929.226,
999999.000,99.0,99.0,99.0,99.0,17.625,3.0,929.2675,
999999.000,99.0,99.0,99.0,99.0,17.5625,3.0,929.2165,
999999.000,99.0,99.0,99.0,99.0,17.5625,3.0,929.1035,
999999.000,99.0,99.0,99.0,99.0,17.5625,3.0,929.0581,
999999.000,99.0,99.0,99.0,99.0,17.5625,3.0,929.0862,
999999.000,99.0,99.0,99.0,99.0,17.5625,3.0,929.1165,
999999.000,99.0,99.0,99.0,99.0,17.5625,3.0,929.1688,
999999.000,99.0,99.0,99.0,99.0,17.5625,3.0,929.0692,
999999.000,99.0,99.0,99.0,99.0,17.5625,3.0,928.9749,
999999.000,99.0,99.0,99.0,99.0,17.5625,3.0,929.044,
999999.000,99.0,99.0,99.0,99.0,17.5625,3.0,929.0011,
999999.000,99.0,99.0,99.0,99.0,17.5625,3.0,928.9987,
999999.000,99.0,99.0,99.0,99.0,17.5625,3.0,929.002,
999999.000,99.0,99.0,99.0,99.0,17.5625,3.0,929.0371,
999999.000,99.0,99.0,99.0,99.0,17.5,3.0,928.8351,
999999.000,99.0,99.0,99.0,99.0,17.5625,3.0,928.717,
999999.000,99.0,99.0,99.0,99.0,17.5,3.0,928.6554,
999999.000,99.0,99.0,99.0,99.0,17.5,3.0,928.4762,
999999.000,99.0,99.0,99.0,99.0,17.5,3.0,928.4816,
999999.000,99.0,99.0,99.0,99.0,17.5,3.0,928.5363,
999999.000,99.0,99.0,99.0,99.0,17.4375,3.0,928.5808,
999999.000,99.0,99.0,99.0,99.0,17.5,3.0,928.6677,
999999.000,99.0,99.0,99.0,99.0,17.4375,3.0,928.6958,
999999.000,99.0,99.0,99.0,99.0,17.5,3.0,928.7361,
999999.000,99.0,99.0,99.0,99.0,17.4375,3.0,928.677,
999999.000,99.0,99.0,99.0,99.0,17.4375,3.0,928.4832,
999999.000,99.0,99.0,99.0,99.0,17.4375,3.0,928.5109,
999999.000,99.0,99.0,99.0,99.0,17.5,3.0,928.5753,
999999.000,99.0,99.0,99.0,99.0,17.4375,3.0,928.5359,
999999.000,99.0,99.0,99.0,99.0,17.4375,3.0,928.5304,
999999.000,99.0,99.0,99.0,99.0,17.4375,3.0,928.4771,
999999.000,99.0,99.0,99.0,99.0,17.4375,3.0,928.5438,
999999.000,99.0,99.0,99.0,99.0,17.4375,3.0,928.5149,
999999.000,99.0,99.0,99.0,99.0,17.4375,3.0,928.5128,
999999.000,99.0,99.0,99.0,99.0,17.4375,3.0,928.3956,
999999.000,99.0,99.0,99.0,99.0,17.4375,3.0,928.2776,
999999.000,99.0,99.0,99.0,99.0,17.375,3.0,928.1739,
999999.000,99.0,99.0,99.0,99.0,17.375,3.0,928.1068,
999999.000,99.0,99.0,99.0,99.0,17.375,3.0,928.2683,
999999.000,99.0,99.0,99.0,99.0,17.375,3.0,928.2146,
999999.000,99.0,99.0,99.0,99.0,17.375,3.0,928.3625,
999999.000,99.0,99.0,99.0,99.0,17.375,3.0,928.3661,
999999.000,99.0,99.0,99.0,99.0,17.375,3.0,928.2043,
999999.000,99.0,99.0,99.0,99.0,17.375,3.0,928.1036,
999999.000,99.0,99.0,99.0,99.0,17.3125,3.0,928.1295,
999999.000,99.0,99.0,99.0,99.0,17.3125,3.0,928.053,
999999.000,99.0,99.0,99.0,99.0,17.3125,3.0,927.9741,
999999.000,99.0,99.0,99.0,99.0,17.3125,3.0,927.9902,
999999.000,99.0,99.0,99.0,99.0,17.3125,3.0,928.0168,
999999.000,99.0,99.0,99.0,99.0,17.3125,3.0,928.0687,
999999.000,99.0,99.0,99.0,99.0,17.3125,3.0,927.9734,
999999.000,99.0,99.0,99.0,99.0,17.3125,3.0,927.9592,
999999.000,99.0,99.0,99.0,99.0,17.3125,3.0,927.9023,
999999.000,99.0,99.0,99.0,99.0,17.3125,3.0,927.9094,
999999.000,99.0,99.0,99.0,99.0,17.3125,3.0,927.8385,
999999.000,99.0,99.0,99.0,99.0,17.25,3.0,927.6454,
999999.000,99.0,99.0,99.0,99.0,17.25,3.0,927.514,
999999.000,99.0,99.0,99.0,99.0,17.25,3.0,927.5338,
111111.000,11.0,11.0,11.0,11.0,85.0,3.0,932.5643,
000000.000,0.0,0.0,0.0,99.99,18.5,3.0,932.6623,
000000.000,0.0,0.0,0.0,99.99,18.5,3.0,932.683,
000000.000,0.0,0.0,0.0,99.99,18.5,3.0,932.7816,
000000.000,0.0,0.0,0.0,99.99,18.5,3.0,932.8181,
000000.000,0.0,0.0,0.0,99.99,18.5625,3.0,932.8667,
000000.000,0.0,0.0,0.0,99.99,18.5625,3.0,932.918,
000000.000,0.0,0.0,0.0,99.99,18.5625,3.0,932.959,
000000.000,0.0,0.0,0.0,99.99,18.5625,3.0,932.9861,
000000.000,0.0,0.0,0.0,99.99,18.5625,3.0,933.425,
000000.000,0.0,0.0,0.0,99.99,18.625,3.0,933.5547,
000000.000,0.0,0.0,0.0,99.99,18.6875,3.0,933.5911,
000000.000,0.0,0.0,0.0,99.99,18.6875,3.0,933.5865,
000000.000,0.0,0.0,0.0,99.99,18.6875,3.0,933.5982,
000000.000,0.0,0.0,0.0,99.99,18.6875,3.0,933.584,
000000.000,0.0,0.0,0.0,99.99,18.6875,3.0,933.6295,
000000.000,0.0,0.0,0.0,99.99,18.6875,3.0,933.6083,
000000.000,0.0,0.0,0.0,99.99,18.6875,3.0,933.6286,
000000.000,0.0,0.0,0.0,99.99,18.75,3.0,933.6702,
000000.000,0.0,0.0,0.0,99.99,18.75,3.0,933.7257,
000000.000,0.0,0.0,0.0,99.99,18.75,3.0,933.7523,
000000.000,0.0,0.0,0.0,99.99,18.8125,3.0,933.7844,
000000.000,0.0,0.0,0.0,99.99,18.8125,3.0,933.8253,
000000.000,0.0,0.0,0.0,99.99,18.8125,3.0,933.8638,
000000.000,0.0,0.0,0.0,99.99,18.8125,3.0,933.8777,
000000.000,0.0,0.0,0.0,99.99,18.8125,3.0,933.908,
000000.000,0.0,0.0,0.0,99.99,18.8125,3.0,933.9449,
000000.000,0.0,0.0,0.0,99.99,18.8125,3.0,933.9688,
000000.000,0.0,0.0,0.0,99.99,18.8125,3.0,934.0343,
000000.000,0.0,0.0,0.0,99.99,18.8125,3.0,934.0482,
000000.000,0.0,0.0,0.0,99.99,18.875,3.0,934.0515,
000000.000,0.0,0.0,0.0,99.99,18.875,3.0,934.0712,
000000.000,0.0,0.0,0.0,99.99,18.8125,3.0,934.0828,
000000.000,0.0,0.0,0.0,99.99,18.875,3.0,934.074,
000000.000,0.0,0.0,0.0,99.99,18.875,3.0,934.1099,
000000.000,0.0,0.0,0.0,99.99,18.875,3.0,934.1398,
000000.000,0.0,0.0,0.0,99.99,18.8125,3.0,934.1843,
000000.000,0.0,0.0,0.0,99.99,18.875,3.0,934.2146,
000000.000,0.0,0.0,0.0,99.99,18.875,3.0,934.259,
000000.000,0.0,0.0,0.0,99.99,18.875,3.0,934.3482,
000000.000,0.0,0.0,0.0,99.99,18.9375,3.0,934.4702,
000000.000,0.0,0.0,0.0,99.99,18.875,3.0,934.48,
000000.000,0.0,0.0,0.0,99.99,18.9375,3.0,934.5009,
000000.000,0.0,0.0,0.0,99.99,18.9375,3.0,934.5115,
000000.000,0.0,0.0,0.0,99.99,18.9375,3.0,934.5609,
000000.000,0.0,0.0,0.0,99.99,19.0,3.0,934.5916,
000000.000,0.0,0.0,0.0,99.99,18.9375,3.0,934.5704,
000000.000,0.0,0.0,0.0,99.99,19.0,3.0,934.5391,
000000.000,0.0,0.0,0.0,99.99,18.9375,3.0,934.5298,
000000.000,0.0,0.0,0.0,99.99,19.0,3.0,934.4941,
000000.000,0.0,0.0,0.0,99.99,18.9375,3.0,934.4846,
000000.000,0.0,0.0,0.0,99.99,18.9375,3.0,934.5204,
000000.000,0.0,0.0,0.0,99.99,18.9375,3.0,934.5288,
000000.000,0.0,0.0,0.0,99.99,19.0,3.0,934.5411,
000000.000,0.0,0.0,0.0,99.99,18.9375,3.0,934.546,
000000.000,0.0,0.0,0.0,99.99,18.9375,3.0,934.5095,
000000.000,0.0,0.0,0.0,99.99,19.0,3.0,934.4988,
000000.000,0.0,0.0,0.0,99.99,19.0,3.0,934.5287,
000000.000,0.0,0.0,0.0,99.99,19.0,3.0,934.5009,
000000.000,0.0,0.0,0.0,99.99,19.0,3.0,934.4827,
000000.000,0.0,0.0,0.0,99.99,19.0,3.0,934.4783,
111111.000,11.0,11.0,11.0,11.0,19.0,3.0,934.6378,
111111.000,11.0,11.0,11.0,11.0,19.0,3.0,934.6605,
000000.000,0.0,0.0,0.0,99.99,19.0,3.0,934.7031,
000000.000,0.0,0.0,0.0,99.99,19.0625,3.0,934.7191,
000000.000,0.0,0.0,0.0,99.99,19.0625,3.0,934.7584,
000000.000,0.0,0.0,0.0,99.99,19.0625,3.0,934.7927,
000000.000,0.0,0.0,0.0,99.99,19.0625,3.0,934.8278,
000000.000,0.0,0.0,0.0,99.99,19.0625,3.0,935.1365,
000000.000,0.0,0.0,0.0,99.99,19.125,3.0,935.1652,
000000.000,0.0,0.0,0.0,99.99,19.125,3.0,935.1677,
000000.000,0.0,0.0,0.0,99.99,19.1875,3.0,935.2372,
000000.000,0.0,0.0,0.0,99.99,19.1875,3.0,935.2868,
000000.000,0.0,0.0,0.0,99.99,19.1875,3.0,935.2859,
000000.000,0.0,0.0,0.0,99.99,19.1875,3.0,935.3239,
000000.000,0.0,0.0,0.0,99.99,19.1875,3.0,935.3475,
000000.000,0.0,0.0,0.0,99.99,19.25,3.0,935.3754,
000000.000,0.0,0.0,0.0,99.99,19.25,3.0,935.3699,
000000.000,0.0,0.0,0.0,99.99,19.25,3.0,935.3528,
171223.13,0.0,0.0,0.0,99.99,19.25,3.0,926.2583,
171224.00,0.0,0.0,0.0,99.99,17.75,3.0,925.1307,
171226.00,0.0,0.0,0.0,99.99,17.5,3.0,923.0698,
171228.00,0.0,0.0,0.0,99.99,17.25,3.0,921.609,
171230.00,0.0,0.0,0.0,99.99,17.0,3.0,920.7796,
171232.00,0.0,0.0,0.0,99.99,16.875,3.0,919.6398,
171233.00,0.0,0.0,0.0,99.99,16.75,3.0,918.6509,
171234.00,0.0,0.0,0.0,99.99,16.625,3.0,917.8814,
171236.00,0.0,0.0,0.0,99.99,16.4375,3.0,917.1763,
171237.00,0.0,0.0,0.0,99.99,16.375,3.0,915.8258,
171239.00,0.0,0.0,0.0,99.99,16.1875,3.0,915.4103,
171240.00,0.0,0.0,0.0,99.99,16.125,3.0,914.9838,
171242.00,0.0,0.0,0.0,99.99,16.0,3.0,914.7819,
171243.00,0.0,0.0,0.0,99.99,15.9375,3.0,914.4366,
171245.00,0.0,0.0,0.0,99.99,15.875,3.0,913.6172,
171246.00,0.0,0.0,0.0,99.99,15.8125,3.0,912.3759,
171250.00,0.0,0.0,0.0,99.99,15.5625,3.0,911.5464,
171251.00,0.0,0.0,0.0,99.99,15.5,3.0,911.252,
171252.00,0.0,0.0,0.0,99.99,15.375,3.0,910.6578,
171254.00,0.0,0.0,14.0,91.0,15.1875,3.0,909.9804,
171256.00,0.0,0.0,0.0,99.99,15.125,3.0,909.4858,
171257.01,0.0,0.0,0.0,99.99,15.0625,3.0,908.8934,
171258.00,0.0,0.0,0.0,99.99,15.0,3.0,908.2271,
171300.00,0.0,0.0,0.0,99.99,14.875,3.0,907.9773,
171301.99,0.0,0.0,0.0,99.99,14.8125,3.0,907.7258,
171303.01,0.0,0.0,0.0,8.49,14.8125,3.0,907.415,
171305.00,0.0,0.0,0.0,8.51,14.75,3.0,907.3323,
171306.00,0.0,0.0,0.0,8.52,14.6875,3.0,906.8664,
171308.00,0.0,0.0,0.0,8.54,14.6875,3.0,906.2267,
171309.00,0.0,0.0,0.0,8.54,14.5625,3.0,905.7463,
171311.00,0.0,0.0,0.0,8.56,14.4375,3.0,905.1719,
171312.00,0.0,0.0,0.0,8.57,14.3125,3.0,904.7371,
171314.00,0.0,0.0,0.0,8.58,14.25,3.0,904.5245,
171315.00,0.0,0.0,0.0,8.59,14.1875,3.0,904.6826,
171317.00,0.0,0.0,0.0,8.61,14.25,3.0,904.3431,
171318.00,0.0,0.0,0.0,8.62,14.1875,3.0,903.6303,
171319.00,0.0,0.0,0.0,8.63,14.125,3.0,903.3049,
171322.00,5318.834,614.0979,65.2,3.13,14.0625,3.0,903.409,
171324.00,5318.834,614.0967,64.3,3.13,14.125,3.0,903.2506,
171326.00,5318.833,614.0962,65.0,3.12,14.125,3.0,902.8035,
171328.00,5318.834,614.0956,65.1,3.12,14.0625,3.0,902.6259,
171330.00,5318.834,614.0948,66.0,3.12,14.0,3.0,902.5023,
171332.00,5318.834,614.0938,67.2,3.11,13.875,3.0,902.1552,
171334.00,5318.835,614.093,68.2,3.11,13.8125,3.0,902.1842,
171336.00,5318.835,614.0923,69.1,3.1,13.75,3.0,902.0307,
171338.00,5318.836,614.0917,69.7,3.1,13.75,3.0,901.8839,
171340.00,5318.836,614.0911,70.4,3.1,13.625,3.0,901.4911,
171342.00,5318.836,614.0909,70.3,3.09,13.625,3.0,901.3162,
171344.00,5318.837,614.0908,70.5,3.09,13.5625,3.0,900.8857,
171346.00,5318.837,614.0902,71.1,3.09,13.5,3.0,900.4121,
171348.00,5318.837,614.0899,71.6,3.08,13.4375,3.0,900.0469,
171348.00,5318.837,614.0899,71.6,3.08,13.375,3.0,899.8591,
171350.00,5318.837,614.0894,72.1,3.08,13.3125,3.0,899.9283,
171352.00,5318.837,614.0891,72.6,3.07,13.3125,3.0,899.7563,
171354.00,5318.837,614.0888,73.1,3.07,13.25,3.0,899.3414,
171356.00,5318.837,614.0884,73.7,3.07,13.25,3.0,898.8816,
171358.00,5318.837,614.0878,74.5,1.58,13.125,3.0,898.6289,
171400.00,5318.837,614.0877,74.9,1.58,13.125,3.0,898.3415,
171402.00,5318.836,614.0876,75.3,1.58,13.0625,3.0,898.0242,
171404.00,5318.836,614.088,75.2,1.07,13.0625,3.0,897.4249,
171406.00,5318.836,614.0881,75.3,1.07,13.0,3.0,897.3176,
171408.00,5318.836,614.0883,75.3,1.07,13.0,3.0,897.3086,
171410.00,5318.836,614.0884,75.2,1.07,13.0,3.0,897.2587,
171412.00,5318.835,614.0886,75.1,1.07,13.0,3.0,897.0765,
171414.00,5318.835,614.0889,75.0,1.07,13.0,3.0,896.8066,
171416.00,5318.835,614.0892,74.8,1.07,12.9375,3.0,896.5757,
171418.00,5318.835,614.0893,74.6,1.07,12.875,3.0,896.4196,
171420.00,5318.835,614.0895,74.4,1.07,12.875,3.0,896.3885,
171422.00,5318.835,614.0896,74.5,1.07,12.8125,3.0,896.1411,
111111.000,11.0,11.0,11.0,11.0,20.625,3.0,939.7966,
000000.000,0.0,0.0,0.0,99.99,20.5,3.0,939.7927,
000000.000,0.0,0.0,0.0,99.99,20.5625,3.0,939.8242,
000000.000,0.0,0.0,0.0,99.99,20.5625,3.0,939.816,
000000.000,0.0,0.0,0.0,99.99,20.5625,3.0,939.8359,
000000.000,0.0,0.0,0.0,99.99,20.5625,3.0,939.8107,
000000.000,0.0,0.0,0.0,99.99,20.5625,3.0,939.8282,
000000.000,0.0,0.0,0.0,99.99,20.5625,3.0,939.8161,
000000.000,0.0,0.0,0.0,99.99,20.5625,3.0,939.8348,
000000.000,0.0,0.0,0.0,99.99,20.5625,3.0,939.8482,
000000.000,0.0,0.0,0.0,99.99,20.5625,3.0,939.8602,
000000.000,0.0,0.0,0.0,99.99,20.5625,3.0,939.8546,
000000.000,0.0,0.0,0.0,99.99,20.625,3.0,939.8042,
000000.000,0.0,0.0,0.0,99.99,20.5625,3.0,939.8141,
000000.000,0.0,0.0,0.0,99.99,20.5625,3.0,939.8109,
000000.000,0.0,0.0,0.0,99.99,20.625,3.0,939.8187,
000000.000,0.0,0.0,0.0,99.99,20.625,3.0,939.8183,
000000.000,0.0,0.0,0.0,99.99,20.625,3.0,939.8318,
000000.000,0.0,0.0,0.0,99.99,20.625,3.0,939.7958,
000000.000,0.0,0.0,0.0,99.99,20.5625,3.0,939.8063,
000000.000,0.0,0.0,0.0,99.99,20.5625,3.0,939.8164,
000000.000,0.0,0.0,0.0,99.99,20.625,3.0,939.8157,
000000.000,0.0,0.0,0.0,99.99,20.5625,3.0,939.7983,
000000.000,0.0,0.0,0.0,99.99,20.5625,3.0,939.8114,
000000.000,0.0,0.0,0.0,99.99,20.5625,3.0,939.8138,
000000.000,0.0,0.0,0.0,99.99,20.5625,3.0,939.8231,
000000.000,0.0,0.0,0.0,99.99,20.5625,3.0,939.8242,
000000.000,0.0,0.0,0.0,99.99,20.625,3.0,939.8295,
000000.000,0.0,0.0,0.0,99.99,20.625,3.0,939.8437,
000000.000,0.0,0.0,0.0,99.99,20.5625,3.0,939.8323,
000000.000,0.0,0.0,0.0,99.99,20.5625,3.0,939.847,
000000.000,0.0,0.0,0.0,99.99,20.625,20.625,939.8485,
000000.000,0.0,0.0,0.0,99.99,20.5625,20.5625,939.8875,
000000.000,0.0,0.0,0.0,99.99,20.5625,20.5625,939.875,
000000.000,0.0,0.0,0.0,99.99,20.625,20.625,939.9131,
000000.000,0.0,0.0,0.0,99.99,20.5625,20.5625,939.8696,
000000.000,0.0,0.0,0.0,99.99,20.625,20.625,939.914,
111111.000,11.0,11.0,11.0,11.0,20.625,20.625,940.0057,
000000.000,0.0,0.0,0.0,99.99,20.625,20.625,940.0176,
000000.000,0.0,0.0,0.0,99.99,20.625,20.625,940.0096,
000000.000,0.0,0.0,0.0,99.99,20.625,20.625,939.9943,
000000.000,0.0,0.0,0.0,99.99,20.625,20.625,940.009,
000000.000,0.0,0.0,0.0,99.99,20.625,20.625,940.0081,
000000.000,0.0,0.0,0.0,99.99,20.6875,20.6875,939.9896,
000000.000,0.0,0.0,0.0,99.99,20.6875,20.6875,940.0118,
000000.000,0.0,0.0,0.0,99.99,20.8125,20.8125,940.0492,
000000.000,0.0,0.0,0.0,99.99,21.5,21.5,940.0919,
000000.000,0.0,0.0,0.0,99.99,22.4375,22.4375,940.1866,
000000.000,0.0,0.0,0.0,99.99,23.125,23.125,940.2688,
000000.000,0.0,0.0,0.0,99.99,23.4375,23.4375,940.3563,
000000.000,0.0,0.0,0.0,99.99,23.5,23.5,940.4778,
000000.000,0.0,0.0,0.0,99.99,23.125,23.125,940.4954,
000000.000,0.0,0.0,0.0,99.99,23.0,23.0,940.524,
000000.000,0.0,0.0,0.0,99.99,22.75,22.75,940.553,
000000.000,0.0,0.0,0.0,99.99,22.5,22.5,940.5388,
000000.000,0.0,0.0,0.0,99.99,22.4375,22.4375,940.59,
000000.000,0.0,0.0,0.0,99.99,22.25,22.25,940.5544,
000000.000,0.0,0.0,0.0,99.99,22.0625,22.0625,940.5707,
000000.000,0.0,0.0,0.0,99.99,22.0,22.0,940.5594,
000000.000,0.0,0.0,0.0,99.99,21.875,21.875,940.562,
000000.000,0.0,0.0,0.0,99.99,21.75,21.75,940.5634,
000000.000,0.0,0.0,0.0,99.99,85.0,85.0,940.4219,
000000.000,0.0,0.0,0.0,99.99,20.6875,20.6875,940.4096,
000000.000,0.0,0.0,0.0,99.99,20.6875,20.6875,940.4261,
000000.000,0.0,0.0,0.0,99.99,20.75,20.75,940.4292,
112835.00,0.0,0.0,0.0,99.99,85.0,85.0,945.3925,
112836.00,0.0,0.0,0.0,99.99,21.25,21.25,945.4135,
112838.00,0.0,0.0,0.0,99.99,21.25,21.25,945.4261,
6767676,34343,34334,3434,3434,3434,3434,34343,
6767676,34343,34334,3434,3434,3434,3434,34343,
113336.00,0.0,0.0,0.0,99.99,21.3125,21.3125,946.6573,
114402.00,0.0,0.0,0.0,99.99,21.5,21.5,949.0217,
114403.00,0.0,0.0,0.0,99.99,21.875,21.875,949.0388,
114405.00,0.0,0.0,0.0,99.99,21.9375,21.9375,949.0765,
114407.00,0.0,0.0,0.0,99.99,21.9375,21.9375,949.0573,
114408.00,0.0,0.0,0.0,99.99,21.9375,21.9375,949.0857,
114410.00,0.0,0.0,0.0,99.99,21.9375,21.9375,949.0862,
114412.00,0.0,0.0,0.0,99.99,21.9375,21.9375,949.1817,
114413.00,0.0,0.0,0.0,99.99,22.25,22.25,949.2637,
114415.00,0.0,0.0,0.0,99.99,23.3125,23.3125,949.4193,
114417.00,0.0,0.0,0.0,99.99,24.125,24.125,949.5187,
114419.00,0.0,0.0,0.0,99.99,24.5,24.5,949.7301,
114420.00,0.0,0.0,0.0,99.99,25.0,25.0,949.9646,
114422.00,0.0,0.0,0.0,99.99,25.4375,25.4375,950.0856,
114424.00,0.0,0.0,0.0,99.99,25.625,25.625,950.2957,
114425.00,0.0,0.0,0.0,99.99,25.25,25.25,950.3817,
114427.00,0.0,0.0,0.0,99.99,24.875,24.875,950.4045,
114429.00,0.0,0.0,0.0,99.99,24.6875,24.6875,950.4387,
114430.00,0.0,0.0,0.0,99.99,24.4375,24.4375,950.5198,
114432.00,0.0,0.0,0.0,99.99,24.1875,24.1875,950.5303,
114434.00,0.0,0.0,0.0,99.99,24.0625,24.0625,950.5532,
114435.00,0.0,0.0,0.0,99.99,23.875,23.875,950.5142,
114438.00,0.0,0.0,0.0,99.99,23.6875,23.6875,950.5018,
114439.00,0.0,0.0,0.0,99.99,23.5625,23.5625,950.5045,
114441.00,0.0,0.0,0.0,99.99,23.375,23.375,950.4565,
114443.00,0.0,0.0,0.0,99.99,23.3125,23.3125,950.45,
114444.00,0.0,0.0,0.0,99.99,23.1875,23.1875,950.447,
114446.00,0.0,0.0,0.0,99.99,23.125,23.125,950.4595,
114448.00,0.0,0.0,0.0,99.99,23.0625,23.0625,950.4892,
114449.00,0.0,0.0,0.0,99.99,23.0,23.0,950.4971,
114451.00,0.0,0.0,0.0,99.99,22.9375,22.9375,950.4985,
114453.00,0.0,0.0,0.0,99.99,22.875,22.875,950.5082,
114455.00,0.0,0.0,0.0,99.99,22.875,22.875,950.5338,
114456.00,0.0,0.0,0.0,99.99,22.8125,22.8125,950.5305,
114458.00,0.0,0.0,0.0,99.99,22.8125,22.8125,950.5646,
114500.00,0.0,0.0,0.0,99.99,22.75,22.75,950.5369,
114501.00,0.0,0.0,0.0,99.99,22.75,22.75,950.6892,
114503.00,0.0,0.0,0.0,99.99,22.6875,22.6875,950.9749,
114505.00,0.0,0.0,0.0,99.99,22.75,22.75,951.1021,
114506.00,0.0,0.0,0.0,99.99,22.8125,22.8125,951.1783,
114508.00,0.0,0.0,0.0,99.99,22.8125,22.8125,951.2095,
114510.00,0.0,0.0,0.0,99.99,22.75,22.75,951.2399,
114511.00,0.0,0.0,0.0,99.99,22.75,22.75,951.5762,
114514.00,0.0,0.0,0.0,99.99,22.875,22.875,951.877,
114515.00,0.0,0.0,0.0,99.99,22.9375,22.9375,951.9356,
114517.00,0.0,0.0,0.0,99.99,22.9375,22.9375,952.0135,
114519.00,0.0,0.0,0.0,99.99,22.875,22.875,952.0612,
114520.00,0.0,0.0,0.0,99.99,22.875,22.875,952.1035,
114522.00,0.0,0.0,0.0,99.99,22.8125,22.8125,952.1072,
114524.00,0.0,0.0,0.0,99.99,22.8125,22.8125,952.1187,
114526.00,0.0,0.0,0.0,99.99,22.75,22.75,952.0915,
114527.00,0.0,0.0,0.0,99.99,22.75,22.75,952.0933,
114529.00,0.0,0.0,0.0,99.99,22.75,22.75,952.0923,
114531.00,0.0,0.0,0.0,99.99,22.75,22.75,952.0916,
114532.00,0.0,0.0,0.0,99.99,22.6875,22.6875,952.1068,
114534.00,0.0,0.0,0.0,99.99,22.6875,22.6875,952.0812,
114536.00,0.0,0.0,0.0,99.99,22.6875,22.6875,952.0416,
114538.00,0.0,0.0,0.0,99.99,22.625,22.625,952.0081,
114539.00,0.0,0.0,0.0,99.99,22.625,22.625,951.9835,
114541.00,0.0,0.0,0.0,99.99,22.5625,22.5625,951.9596,
114543.00,0.0,0.0,0.0,99.99,22.5625,22.5625,951.9419,
114544.00,0.0,0.0,0.0,99.99,22.5625,22.5625,951.9098,
114546.00,0.0,0.0,0.0,99.99,22.5625,22.5625,951.9327,
114548.00,0.0,0.0,0.0,99.99,22.5625,22.5625,951.9081,
114550.00,0.0,0.0,0.0,99.99,22.5625,22.5625,951.9192,
114551.00,0.0,0.0,0.0,99.99,22.5625,22.5625,951.9247,
114553.00,0.0,0.0,0.0,99.99,22.5625,22.5625,951.9126,
114555.00,0.0,0.0,0.0,99.99,22.5625,22.5625,951.9307,
114556.00,0.0,0.0,0.0,99.99,22.5625,22.5625,951.8616,
114558.00,0.0,0.0,0.0,99.99,22.5,22.5,951.8823,
114600.00,0.0,0.0,0.0,99.99,22.5,22.5,951.8487,
114602.00,0.0,0.0,0.0,99.99,22.5,22.5,951.837,
114603.00,0.0,0.0,0.0,99.99,22.5,22.5,951.798,
114605.00,0.0,0.0,0.0,99.99,22.5,22.5,951.8066,
114607.00,0.0,0.0,0.0,99.99,22.5,22.5,951.7872,
114608.00,0.0,0.0,0.0,99.99,22.4375,22.4375,951.7988,
114610.00,0.0,0.0,0.0,99.99,22.4375,22.4375,951.8055,
114612.00,0.0,0.0,0.0,99.99,22.5,22.5,951.7742,
114614.00,0.0,0.0,0.0,99.99,22.5,22.5,951.8209,
114615.00,0.0,0.0,0.0,99.99,22.5,22.5,951.8091,
114617.00,0.0,0.0,0.0,99.99,22.5,22.5,951.8152,
114619.00,0.0,0.0,0.0,99.99,22.5,22.5,951.785,
114620.00,0.0,0.0,0.0,99.99,22.5,22.5,951.7682,
114622.00,0.0,0.0,0.0,99.99,22.4375,22.4375,951.7672,
114624.00,0.0,0.0,0.0,99.99,22.4375,22.4375,951.7578,
114626.00,0.0,0.0,0.0,99.99,22.4375,22.4375,951.7165,
114627.00,0.0,0.0,0.0,99.99,22.4375,22.4375,951.7092,
114629.00,0.0,0.0,0.0,99.99,22.4375,22.4375,951.6813,
114631.00,0.0,0.0,0.0,99.99,22.4375,22.4375,951.6439,
114633.00,0.0,0.0,0.0,99.99,22.375,22.375,951.5876,
114634.00,0.0,0.0,0.0,99.99,22.375,22.375,951.5837,
114636.00,0.0,0.0,0.0,99.99,22.375,22.375,951.5497,
114638.00,0.0,0.0,0.0,99.99,22.4375,22.4375,951.526,
114639.00,0.0,0.0,0.0,99.99,22.375,22.375,951.5144,
114641.00,0.0,0.0,0.0,99.99,22.375,22.375,951.5149,
114643.00,0.0,0.0,0.0,99.99,22.375,22.375,951.4797,
114644.00,0.0,0.0,0.0,99.99,22.4375,22.4375,951.4779,
114646.00,0.0,0.0,0.0,99.99,22.375,22.375,951.4956,
114648.00,0.0,0.0,0.0,99.99,22.375,22.375,951.5287,
114649.00,0.0,0.0,0.0,99.99,22.4375,22.4375,951.5345,
114651.00,0.0,0.0,0.0,99.99,22.375,22.375,951.5782,
114653.00,0.0,0.0,0.0,99.99,22.4375,22.4375,951.6094,
114654.00,0.0,0.0,0.0,99.99,22.375,22.375,951.6543,
114656.00,0.0,0.0,0.0,99.99,22.4375,22.4375,951.6521,
114658.00,0.0,0.0,0.0,99.99,22.4375,22.4375,951.6163,
114659.00,0.0,0.0,0.0,99.99,22.375,22.375,951.6121,
114702.00,0.0,0.0,0.0,99.99,22.375,22.375,951.6026,
114703.00,0.0,0.0,0.0,99.99,22.375,22.375,951.5881,
114705.00,0.0,0.0,0.0,99.99,22.375,22.375,951.5994,
114707.00,0.0,0.0,0.0,99.99,22.375,22.375,951.5515,
114708.00,0.0,0.0,0.0,99.99,22.375,22.375,951.5679,
114710.00,0.0,0.0,0.0,99.99,22.375,22.375,951.5662,
114712.00,0.0,0.0,0.0,99.99,22.375,22.375,951.5399,
114713.00,0.0,0.0,0.0,99.99,22.375,22.375,951.5282,
114715.00,0.0,0.0,0.0,99.99,22.375,22.375,951.5106,
114717.00,0.0,0.0,0.0,99.99,22.375,22.375,951.4895,
114718.00,0.0,0.0,0.0,99.99,22.3125,22.3125,951.4849,
114720.00,0.0,0.0,0.0,99.99,22.3125,22.3125,951.5031,
114722.00,0.0,0.0,0.0,99.99,22.3125,22.3125,951.4836,
114723.00,0.0,0.0,0.0,99.99,22.3125,22.3125,951.4742,
114726.00,0.0,0.0,0.0,99.99,22.3125,22.3125,951.438,
114727.00,0.0,0.0,0.0,99.99,22.3125,22.3125,951.4152,
114729.00,0.0,0.0,0.0,99.99,22.3125,22.3125,951.4451,
114731.00,0.0,0.0,0.0,99.99,22.3125,22.3125,951.3931,
114732.00,0.0,0.0,0.0,99.99,22.3125,22.3125,951.4299,
114734.00,0.0,0.0,0.0,99.99,22.3125,22.3125,951.4143,
114736.00,0.0,0.0,0.0,99.99,22.25,22.25,951.3998,
114737.00,0.0,0.0,0.0,99.99,22.3125,22.3125,951.3859,
114739.00,0.0,0.0,0.0,99.99,22.3125,22.3125,951.3987,
114741.00,0.0,0.0,0.0,99.99,22.25,22.25,951.3699,
114742.00,0.0,0.0,0.0,99.99,22.3125,22.3125,951.4119,
114744.00,0.0,0.0,0.0,99.99,22.3125,22.3125,951.3862,
114746.00,0.0,0.0,0.0,99.99,22.3125,22.3125,951.3795,
114747.00,0.0,0.0,0.0,99.99,22.3125,22.3125,951.3948,
114750.00,0.0,0.0,0.0,99.99,22.3125,22.3125,951.3489,
114751.00,0.0,0.0,0.0,99.99,22.3125,22.3125,951.2721,
114753.00,0.0,0.0,0.0,99.99,22.3125,22.3125,951.2883,
114755.00,0.0,0.0,0.0,99.99,22.3125,22.3125,951.286,
114756.00,0.0,0.0,0.0,99.99,22.3125,22.3125,951.2071,
114758.00,0.0,0.0,0.0,99.99,22.25,22.25,951.1938,
114800.00,0.0,0.0,0.0,99.99,22.25,22.25,951.1431,
114801.00,0.0,0.0,0.0,99.99,22.25,22.25,951.1313,
114803.00,0.0,0.0,0.0,99.99,22.25,22.25,951.1373,
114805.00,0.0,0.0,0.0,99.99,22.25,22.25,951.0491,
114806.00,0.0,0.0,0.0,99.99,22.25,22.25,950.9926,
114808.00,0.0,0.0,0.0,99.99,22.25,22.25,950.9321,
114810.00,0.0,0.0,0.0,99.99,22.25,22.25,950.8834,
114811.00,0.0,0.0,0.0,99.99,22.1875,22.1875,950.8289,
114814.00,0.0,0.0,0.0,99.99,22.1875,22.1875,950.7954,
114815.00,0.0,0.0,0.0,99.99,22.1875,22.1875,950.7622,
114817.00,0.0,0.0,0.0,99.99,22.1875,22.1875,950.722,
114819.00,0.0,0.0,0.0,99.99,22.1875,22.1875,950.6699,
114820.00,0.0,0.0,0.0,99.99,22.1875,22.1875,950.6401,
114822.00,0.0,0.0,0.0,99.99,22.1875,22.1875,950.6393,
114824.00,0.0,0.0,0.0,99.99,22.1875,22.1875,950.5721,
114825.00,0.0,0.0,0.0,99.99,22.1875,22.1875,950.548,
114827.00,0.0,0.0,0.0,99.99,22.125,22.125,950.5413,
114829.00,0.0,0.0,0.0,99.99,22.1875,22.1875,950.528,
114830.00,0.0,0.0,0.0,99.99,22.125,22.125,950.4957,
114832.00,0.0,0.0,0.0,99.99,22.125,22.125,950.4829,
114834.00,0.0,0.0,0.0,99.99,22.125,22.125,950.4709,
114835.00,0.0,0.0,0.0,99.99,22.125,22.125,950.4626,
114838.00,0.0,0.0,0.0,99.99,22.125,22.125,950.4377,
114839.00,0.0,0.0,0.0,99.99,22.125,22.125,950.4077,
114841.00,0.0,0.0,0.0,99.99,22.125,22.125,950.4124,
114843.00,0.0,0.0,0.0,99.99,22.125,22.125,950.397,
114844.00,0.0,0.0,0.0,99.99,22.125,22.125,950.5279,
114846.00,0.0,0.0,0.0,99.99,22.75,22.75,950.6144,
114848.00,0.0,0.0,0.0,99.99,23.0625,23.0625,950.7474,
114849.00,0.0,0.0,0.0,99.99,23.75,23.75,950.8741,
114851.00,0.0,0.0,0.0,99.99,24.1875,24.1875,950.9724,
114853.00,0.0,0.0,0.0,99.99,24.125,24.125,951.0114,
114855.00,0.0,0.0,0.0,99.99,24.0,24.0,951.1164,
114856.00,0.0,0.0,0.0,99.99,23.8125,23.8125,951.1223,
114858.00,0.0,0.0,0.0,99.99,23.625,23.625,951.1663,
114900.00,0.0,0.0,0.0,99.99,23.5,23.5,951.1315,
114902.00,0.0,0.0,0.0,99.99,23.375,23.375,951.1015,
114903.00,0.0,0.0,0.0,99.99,23.25,23.25,951.097,
114905.00,0.0,0.0,0.0,99.99,23.125,23.125,951.0538,
114907.00,0.0,0.0,0.0,99.99,23.0625,23.0625,951.0351,
114908.00,0.0,0.0,0.0,99.99,23.0,23.0,951.0318,
114910.00,0.0,0.0,0.0,99.99,22.875,22.875,951.0027,
114912.00,0.0,0.0,0.0,99.99,22.8125,22.8125,950.9343,
114913.00,0.0,0.0,0.0,99.99,22.75,22.75,950.9242,
114915.00,0.0,0.0,0.0,99.99,22.6875,22.6875,950.8976,
114917.00,0.0,0.0,0.0,99.99,22.6875,22.6875,950.9012,
114918.00,0.0,0.0,0.0,99.99,22.6875,22.6875,950.8949,
114920.00,0.0,0.0,0.0,99.99,22.625,22.625,950.873,
114922.00,0.0,0.0,0.0,99.99,22.625,22.625,950.8948,
114923.00,0.0,0.0,0.0,99.99,22.625,22.625,950.9385,
114926.00,0.0,0.0,0.0,99.99,22.5625,22.5625,950.8896,
114928.00,0.0,0.0,0.0,99.99,22.5625,22.5625,950.882,
114929.00,0.0,0.0,0.0,99.99,22.5,22.5,950.9061,
114931.00,0.0,0.0,0.0,99.99,22.5,22.5,951.0223,
114933.00,0.0,0.0,0.0,99.99,22.5,22.5,951.032,
114935.00,0.0,0.0,0.0,99.99,22.5,22.5,951.0854,
114936.00,0.0,0.0,0.0,99.99,22.5625,22.5625,951.1174,
114938.00,0.0,0.0,0.0,99.99,22.5,22.5,951.1604,
114940.00,0.0,0.0,0.0,99.99,22.5,22.5,951.198,
114941.00,0.0,0.0,0.0,99.99,22.5,22.5,951.2184,
114943.00,0.0,0.0,0.0,99.99,22.5,22.5,951.2609,
114945.00,0.0,0.0,0.0,99.99,22.5,22.5,951.2634,
999999.000,99.0,99.0,99.0,99.0,22.5,22.5,951.2676,
114949.00,0.0,0.0,0.0,99.99,22.5,22.5,951.2385,
114950.00,0.0,0.0,0.0,99.99,22.5,22.5,951.2461,
114952.00,0.0,0.0,0.0,99.99,22.5,22.5,951.2512,
114954.00,0.0,0.0,0.0,99.99,22.4375,22.4375,951.2538,
114956.00,0.0,0.0,0.0,99.99,22.4375,22.4375,951.2718,
114957.00,0.0,0.0,0.0,99.99,22.4375,22.4375,951.1845,
114959.00,0.0,0.0,0.0,99.99,22.4375,22.4375,951.2146,
115001.00,0.0,0.0,0.0,99.99,22.4375,22.4375,951.1942,
115054.00,0.0,0.0,0.0,99.99,22.5,22.5,951.7888,
115055.00,0.0,0.0,0.0,99.99,22.4375,22.4375,951.8347,
115057.00,0.0,0.0,0.0,99.99,22.4375,22.4375,951.8468,
115059.00,0.0,0.0,0.0,99.99,22.5,22.5,951.8507,
115100.00,0.0,0.0,0.0,99.99,22.4375,22.4375,951.8421,
115102.00,0.0,0.0,0.0,99.99,22.5,22.5,951.8475,
115104.00,0.0,0.0,0.0,99.99,22.5,22.5,951.907,
115105.00,0.0,0.0,0.0,99.99,22.5,22.5,951.8986,
115724.00,0.0,0.0,0.0,99.99,22.75,22.75,952.6216,
115725.00,0.0,0.0,0.0,99.99,22.75,22.75,952.5998,
115727.00,0.0,0.0,0.0,99.99,22.75,22.75,952.5644,
115729.00,0.0,0.0,0.0,99.99,22.75,22.75,952.5972,
115730.00,0.0,0.0,0.0,99.99,22.75,22.75,952.609,
115732.00,0.0,0.0,0.0,99.99,22.75,22.75,952.6234,
115734.00,0.0,0.0,0.0,99.99,22.75,22.75,952.6649,
115735.00,0.0,0.0,0.0,99.99,22.75,22.75,952.7296,
115738.00,0.0,0.0,0.0,99.99,22.75,22.75,952.7679,
115739.00,0.0,0.0,0.0,99.99,22.75,22.75,952.7936,
115741.00,0.0,0.0,0.0,99.99,22.75,22.75,952.7816,
115743.00,0.0,0.0,0.0,99.99,22.75,22.75,952.7533,
115744.00,0.0,0.0,0.0,99.99,22.75,22.75,952.7701,
115746.00,0.0,0.0,0.0,99.99,22.75,22.75,952.7936,
115748.00,0.0,0.0,0.0,99.99,22.75,22.75,952.853,
115750.00,0.0,0.0,0.0,99.99,22.75,22.75,952.9113,
115751.00,0.0,0.0,0.0,99.99,22.75,22.75,952.8996,
115753.00,0.0,0.0,0.0,99.99,22.75,22.75,952.9179,
115755.00,0.0,0.0,0.0,99.99,22.75,22.75,952.9579,
115756.00,0.0,0.0,0.0,99.99,22.75,22.75,952.9517,
115758.00,0.0,0.0,0.0,99.99,22.75,22.75,952.9484,
115800.00,0.0,0.0,0.0,99.99,22.75,22.75,952.9059,
115802.00,0.0,0.0,0.0,99.99,22.75,22.75,952.8815,
115803.00,0.0,0.0,0.0,99.99,22.75,22.75,952.8749,
115805.00,0.0,0.0,0.0,99.99,22.75,22.75,952.8898,
115807.00,0.0,0.0,0.0,99.99,22.75,22.75,952.8958,
115808.00,0.0,0.0,0.0,99.99,22.75,22.75,952.9043,
115810.00,0.0,0.0,0.0,99.99,22.75,22.75,952.8388,
115812.00,0.0,0.0,0.0,99.99,22.75,22.75,952.8378,
115814.00,0.0,0.0,0.0,99.99,22.75,22.75,952.7988,
115816.00,0.0,0.0,0.0,99.99,22.75,22.75,952.7647,
115817.00,0.0,0.0,0.0,99.99,22.75,22.75,952.7239,
115819.00,0.0,0.0,0.0,99.99,22.75,22.75,952.7489,
115821.00,0.0,0.0,0.0,99.99,22.75,22.75,952.7352,
115823.00,0.0,0.0,0.0,99.99,22.8125,22.8125,952.7519,
115824.00,0.0,0.0,0.0,99.99,22.75,22.75,952.7497,
115826.00,0.0,0.0,0.0,99.99,22.75,22.75,952.6915,
115828.00,0.0,0.0,0.0,99.99,22.75,22.75,952.7076,
115829.00,0.0,0.0,0.0,99.99,22.75,22.75,952.6708,
115832.00,0.0,0.0,0.0,99.99,22.75,22.75,952.6164,
115833.00,0.0,0.0,0.0,99.99,22.75,22.75,952.5853,
115835.00,0.0,0.0,0.0,99.99,22.75,22.75,952.6016,
115837.01,0.0,0.0,0.0,99.99,22.75,22.75,952.5938,
115837.01,0.0,0.0,0.0,99.99,22.75,22.75,952.6202,
115839.00,0.0,0.0,0.0,99.99,22.75,22.75,952.6424,
115842.00,0.0,0.0,0.0,99.99,22.6875,22.6875,952.6313,
115844.00,0.0,0.0,0.0,99.99,22.75,22.75,952.6646,
115845.00,0.0,0.0,32.0,992.0,22.75,22.75,952.6259,
115846.00,0.0,0.0,0.0,99.99,22.75,22.75,952.6683,
115848.00,0.0,0.0,0.0,99.99,22.6875,22.6875,952.6375,
115849.00,0.0,0.0,0.0,99.99,22.6875,22.6875,952.6485,
115852.00,0.0,0.0,0.0,99.99,22.6875,22.6875,952.6273,
115853.00,0.0,0.0,32.0,9912.0,22.6875,22.6875,952.6436,
115854.00,0.0,0.0,0.0,99.99,22.6875,22.6875,952.6131,
115856.00,0.0,0.0,0.0,99.99,22.6875,22.6875,952.5835,
115859.00,0.0,0.0,0.0,99.99,22.6875,22.6875,952.5477,
115902.00,0.0,0.0,0.0,4.4,22.6875,22.6875,952.5379,
115902.00,0.0,0.0,0.0,4.4,22.6875,22.6875,952.5673,
115905.00,5318.819,614.1071,66.5,4.4,22.6875,22.6875,952.5891,
115907.00,5318.82,614.1069,65.4,4.4,22.6875,22.6875,952.569,
115909.00,5318.819,614.1079,64.2,4.4,22.6875,22.6875,952.6105,
115909.00,5318.819,614.1079,64.2,4.4,22.6875,22.6875,952.5696,
115911.00,5318.82,614.1089,65.4,4.39,22.6875,22.6875,952.6135,
115914.00,5318.82,614.1098,64.7,4.39,22.6875,22.6875,952.6263,
115916.00,5318.819,614.11,64.7,4.39,22.6875,22.6875,952.6399,
115916.00,5318.819,614.11,64.7,4.39,22.6875,22.6875,952.663,
115918.00,5318.819,614.11,64.9,4.39,22.6875,22.6875,952.6984,
115921.00,5318.818,614.1102,63.1,4.39,22.6875,22.6875,952.6917,
115923.00,5318.819,614.1104,64.4,4.39,22.6875,22.6875,952.6511,
115923.00,5318.819,614.1104,64.4,4.39,22.6875,22.6875,952.662,
115925.00,5318.818,614.11,61.0,4.39,22.6875,22.6875,952.6626,
115928.00,5318.818,614.1106,61.3,4.39,22.6875,22.6875,952.6111,
115930.00,5318.817,614.1113,61.3,4.39,22.625,22.625,952.5588,
000000.000,0.0,0.0,0.0,99.99,85.0,85.0,952.2456,
000000.000,0.0,0.0,0.0,99.99,22.5,22.5,952.2535,
122046.35,0.0,0.0,0.0,99.99,22.5,22.5,952.2447,
122048.00,0.0,0.0,0.0,99.99,22.5,22.5,952.2534,
122049.00,0.0,0.0,0.0,99.99,22.5,22.5,952.2684,
122051.00,0.0,0.0,0.0,99.99,22.5,22.5,952.2737,
122053.00,0.0,0.0,0.0,99.99,22.5,22.5,952.2696,
122055.00,0.0,0.0,0.0,99.99,22.5625,22.5625,952.2491,
122056.00,0.0,0.0,0.0,99.99,22.5625,22.5625,952.2253,
122058.00,0.0,0.0,0.0,99.99,22.5625,22.5625,952.2315,
122100.00,0.0,0.0,0.0,99.99,22.5625,22.5625,952.2559,
122102.00,0.0,0.0,0.0,99.99,22.5625,22.5625,952.2701,
122103.00,0.0,0.0,0.0,99.99,22.5625,22.5625,952.2251,
122105.00,0.0,0.0,0.0,99.99,22.5625,22.5625,952.2242,
122107.00,0.0,0.0,0.0,99.99,22.5625,22.5625,952.2103,
122108.00,0.0,0.0,0.0,99.99,22.5625,22.5625,952.1995,
122111.00,0.0,0.0,0.0,99.99,22.5625,22.5625,952.2042,
122112.00,0.0,0.0,0.0,99.99,22.5625,22.5625,952.1556,
122114.00,0.0,0.0,0.0,99.99,22.5625,22.5625,952.1533,
122116.00,0.0,0.0,0.0,99.99,22.5625,22.5625,952.1286,
122117.00,0.0,0.0,0.0,99.99,22.5625,22.5625,952.1404,
122119.00,0.0,0.0,0.0,99.99,22.5625,22.5625,952.1052,
122121.00,0.0,0.0,0.0,99.99,22.5625,22.5625,952.0745,
122122.00,0.0,0.0,0.0,99.99,22.5625,22.5625,952.1169,
122124.00,0.0,0.0,0.0,99.99,22.5625,22.5625,952.1113,
122126.00,0.0,0.0,0.0,99.99,22.5625,22.5625,952.139,
122127.00,0.0,0.0,0.0,99.99,22.5625,22.5625,952.1604,
122129.00,0.0,0.0,0.0,99.99,22.5625,22.5625,952.1648,
122131.00,0.0,0.0,0.0,99.99,22.5625,22.5625,952.1652,
122132.00,0.0,0.0,0.0,99.99,22.5625,22.5625,952.2059,
122135.00,0.0,0.0,0.0,99.99,22.625,22.625,952.2353,
122136.00,0.0,0.0,0.0,99.99,22.625,22.625,952.2942,
122138.00,0.0,0.0,0.0,99.99,22.625,22.625,952.2966,
122140.00,0.0,0.0,0.0,99.99,22.625,22.625,952.3188,
122141.00,0.0,0.0,0.0,99.99,22.625,22.625,952.2961,
122143.00,0.0,0.0,0.0,99.99,22.625,22.625,952.2562,
122145.00,0.0,0.0,0.0,99.99,22.625,22.625,952.1899,
122146.00,0.0,0.0,0.0,99.99,22.625,22.625,952.1668,
122148.00,0.0,0.0,0.0,99.99,22.625,22.625,952.1559,
122150.00,0.0,0.0,0.0,99.99,22.625,22.625,952.2071,
122151.00,0.0,0.0,0.0,99.99,22.6875,22.6875,952.2631,
122153.00,0.0,0.0,0.0,99.99,22.6875,22.6875,952.285,
122155.00,0.0,0.0,0.0,99.99,22.6875,22.6875,952.3167,
122156.00,0.0,0.0,0.0,99.99,22.6875,22.6875,952.3438,
122159.00,0.0,0.0,0.0,99.99,22.6875,22.6875,952.438,
122200.00,0.0,0.0,0.0,99.99,22.6875,22.6875,952.4654,
122202.00,0.0,0.0,0.0,99.99,22.6875,22.6875,952.4948,
122204.00,0.0,0.0,0.0,99.99,22.6875,22.6875,952.5162,
122205.00,0.0,0.0,0.0,99.99,22.6875,22.6875,952.5598,
122207.00,0.0,0.0,0.0,99.99,22.75,22.75,952.5765,
122209.00,0.0,0.0,0.0,99.99,22.75,22.75,952.6041,
122210.00,0.0,0.0,0.0,99.99,22.75,22.75,952.5806,
122212.00,0.0,0.0,0.0,99.99,22.6875,22.6875,952.6191,
122214.00,0.0,0.0,0.0,99.99,22.75,22.75,952.6119,
122215.00,0.0,0.0,0.0,99.99,22.75,22.75,952.6902,
122217.00,0.0,0.0,0.0,99.99,22.75,22.75,952.7467,
122219.00,0.0,0.0,0.0,99.99,22.75,22.75,952.7528,
122221.00,0.0,0.0,0.0,99.99,22.75,22.75,952.8166,
122222.00,0.0,0.0,0.0,99.99,22.75,22.75,952.851,
122224.00,0.0,0.0,0.0,99.99,22.8125,22.8125,952.8582,
122226.00,0.0,0.0,0.0,99.99,22.8125,22.8125,952.8669,
122228.00,0.0,0.0,0.0,99.99,22.8125,22.8125,952.8638,
122229.00,0.0,0.0,0.0,99.99,22.75,22.75,952.8441,
122233.00,0.0,0.0,0.0,99.99,22.75,22.75,952.8994,
122234.00,0.0,0.0,0.0,99.99,22.75,22.75,952.9319,
122236.00,0.0,0.0,0.0,99.99,22.75,22.75,952.9635,
122238.00,0.0,0.0,0.0,99.99,22.8125,22.8125,952.9626,
122239.00,0.0,0.0,0.0,99.99,22.75,22.75,952.9687,
122241.00,0.0,0.0,0.0,99.99,22.8125,22.8125,952.9717,
122243.00,0.0,0.0,0.0,99.99,22.8125,22.8125,953.0126,
122244.00,0.0,0.0,0.0,99.99,22.8125,22.8125,953.0422,
122247.00,0.0,0.0,0.0,99.99,22.8125,22.8125,953.0422,
122248.00,0.0,0.0,0.0,99.99,22.8125,22.8125,953.024,
122250.00,0.0,0.0,0.0,99.99,22.8125,22.8125,953.0621,
122252.00,0.0,0.0,0.0,99.99,22.8125,22.8125,953.0539,
122253.00,0.0,0.0,0.0,99.99,22.8125,22.8125,953.0446,
122255.00,0.0,0.0,0.0,99.99,22.75,22.75,953.049,
122257.00,0.0,0.0,0.0,99.99,22.8125,22.8125,953.012,
122259.00,0.0,0.0,0.0,99.99,22.8125,22.8125,953.0072,
122300.00,0.0,0.0,0.0,99.99,22.8125,22.8125,952.9949,
122302.00,0.0,0.0,0.0,99.99,22.8125,22.8125,952.9852,
122304.00,0.0,0.0,0.0,99.99,22.75,22.75,952.9982,
122305.00,0.0,0.0,0.0,99.99,22.8125,22.8125,952.9595,
122307.00,0.0,0.0,0.0,99.99,22.75,22.75,952.9858,
122309.00,0.0,0.0,0.0,99.99,22.8125,22.8125,952.9531,
122310.00,0.0,0.0,0.0,99.99,22.8125,22.8125,952.9492,
122312.00,0.0,0.0,0.0,99.99,22.75,22.75,952.9521,
122314.00,0.0,0.0,0.0,99.99,22.8125,22.8125,952.9427,
122315.00,0.0,0.0,0.0,99.99,22.8125,22.8125,952.9991,
122317.00,0.0,0.0,0.0,99.99,22.8125,22.8125,953.017,
122319.00,0.0,0.0,0.0,99.99,22.8125,22.8125,953.012,
122320.00,0.0,0.0,0.0,99.99,22.8125,22.8125,952.991,
122323.00,0.0,0.0,0.0,99.99,22.75,22.75,953.0148,
122324.00,0.0,0.0,0.0,99.99,22.8125,22.8125,952.9749,
122326.00,0.0,0.0,0.0,99.99,22.75,22.75,952.9698,
122328.00,0.0,0.0,0.0,99.99,22.8125,22.8125,952.9239,
122329.00,0.0,0.0,0.0,99.99,22.75,22.75,952.8579,
122331.00,0.0,0.0,0.0,99.99,22.75,22.75,952.8843,
122333.00,0.0,0.0,0.0,99.99,22.8125,22.8125,952.8921,
122334.00,0.0,0.0,0.0,99.99,22.75,22.75,952.9406,
122336.00,0.0,0.0,0.0,99.99,22.75,22.75,952.9377,
122338.00,0.0,0.0,0.0,99.99,22.8125,22.8125,952.95,
122339.00,0.0,0.0,0.0,99.99,22.75,22.75,952.9521,
122341.00,0.0,0.0,0.0,99.99,22.75,22.75,952.9451,
122343.00,0.0,0.0,0.0,99.99,22.75,22.75,952.9308,
122344.00,0.0,0.0,0.0,99.99,22.75,22.75,952.967,
122347.00,0.0,0.0,0.0,99.99,22.75,22.75,952.9519,
122348.00,0.0,0.0,0.0,99.99,22.8125,22.8125,952.9584,
122350.00,0.0,0.0,0.0,99.99,22.8125,22.8125,952.9393,
122352.00,0.0,0.0,0.0,99.99,22.8125,22.8125,952.9772,
122353.00,0.0,0.0,0.0,99.99,22.75,22.75,952.993,
122355.00,0.0,0.0,0.0,99.99,22.8125,22.8125,953.0149,
122357.00,0.0,0.0,0.0,99.99,22.8125,22.8125,953.0678,
122358.00,0.0,0.0,0.0,99.99,22.8125,22.8125,953.0973,
122400.00,0.0,0.0,0.0,99.99,22.8125,22.8125,953.1403,
122402.00,0.0,0.0,0.0,99.99,22.8125,22.8125,953.187,
122403.00,0.0,0.0,0.0,99.99,22.8125,22.8125,953.2026,
122405.00,0.0,0.0,0.0,99.99,23.5,23.5,953.2405,
122407.00,0.0,0.0,0.0,99.99,24.5625,24.5625,953.2797,
122409.00,0.0,0.0,0.0,99.99,25.0,25.0,953.3293,
122410.00,0.0,0.0,0.0,99.99,25.5,25.5,953.3321,
122412.00,0.0,0.0,0.0,99.99,25.1875,25.1875,953.3134,
122414.00,0.0,0.0,0.0,99.99,25.0,25.0,953.334,
122415.00,0.0,0.0,0.0,99.99,24.75,24.75,953.3537,
122417.00,0.0,0.0,0.0,99.99,24.5,24.5,953.343,
122419.00,0.0,0.0,0.0,99.99,24.375,24.375,953.3649,
122421.00,0.0,0.0,0.0,99.99,24.25,24.25,953.3948,
122422.00,0.0,0.0,0.0,99.99,24.0625,24.0625,953.4291,
122424.00,0.0,0.0,0.0,99.99,23.9375,23.9375,953.4719,
122426.00,0.0,0.0,0.0,99.99,23.875,23.875,953.4787,
122427.00,0.0,0.0,0.0,99.99,23.8125,23.8125,953.5547,
122429.00,0.0,0.0,0.0,99.99,23.6875,23.6875,953.5756,
122431.00,0.0,0.0,0.0,99.99,23.6875,23.6875,953.5885,
122432.00,0.0,0.0,0.0,99.99,23.625,23.625,953.6677,
122435.00,0.0,0.0,0.0,99.99,23.5625,23.5625,953.6524,
122436.00,0.0,0.0,0.0,99.99,23.5,23.5,953.6613,
122438.00,0.0,0.0,0.0,99.99,23.375,23.375,953.6896,
122440.00,0.0,0.0,0.0,99.99,23.4375,23.4375,953.6882,
122441.00,0.0,0.0,0.0,99.99,23.375,23.375,953.7024,
122443.00,0.0,0.0,0.0,99.99,23.3125,23.3125,953.7422,
122445.00,0.0,0.0,0.0,99.99,23.375,23.375,953.7924,
122446.00,0.0,0.0,0.0,99.99,23.6875,23.6875,953.8505,
122448.00,0.0,0.0,0.0,99.99,23.8125,23.8125,953.9221,
122450.00,0.0,0.0,0.0,99.99,23.9375,23.9375,953.9939,
122451.00,0.0,0.0,0.0,99.99,24.125,24.125,954.0572,
122453.00,0.0,0.0,0.0,99.99,24.25,24.25,954.1046,
122455.00,0.0,0.0,0.0,99.99,24.3125,24.3125,954.1062,
122456.00,0.0,0.0,0.0,99.99,24.125,24.125,954.1886,
122459.00,0.0,0.0,0.0,99.99,24.0,24.0,954.2219,
122500.00,0.0,0.0,0.0,99.99,23.875,23.875,954.2479,
122502.00,0.0,0.0,0.0,99.99,23.8125,23.8125,954.2922,
122504.00,0.0,0.0,0.0,99.99,23.75,23.75,954.2963,
122505.00,0.0,0.0,0.0,99.99,23.6875,23.6875,954.3494,
122507.00,0.0,0.0,0.0,99.99,23.625,23.625,954.3755,
122509.00,0.0,0.0,0.0,99.99,23.5625,23.5625,954.3466,
122510.00,0.0,0.0,0.0,99.99,23.5625,23.5625,954.351,
122512.00,0.0,0.0,0.0,99.99,23.5,23.5,954.3869,
122514.00,0.0,0.0,0.0,99.99,23.4375,23.4375,954.3572,
122515.00,0.0,0.0,0.0,99.99,23.375,23.375,954.3621,
122517.00,0.0,0.0,0.0,99.99,23.375,23.375,954.3826,
122519.00,0.0,0.0,0.0,99.99,23.375,23.375,954.3981,
122520.00,0.0,0.0,0.0,99.99,23.375,23.375,954.4283,
122523.00,0.0,0.0,0.0,99.99,23.3125,23.3125,954.463,
122524.00,0.0,0.0,0.0,99.99,23.3125,23.3125,954.4932,
122526.00,0.0,0.0,0.0,99.99,23.3125,23.3125,954.536,
122528.00,0.0,0.0,0.0,99.99,23.3125,23.3125,954.5472,
122529.00,0.0,0.0,0.0,99.99,23.3125,23.3125,954.5201,
122531.00,0.0,0.0,0.0,99.99,23.25,23.25,954.5583,
122533.00,0.0,0.0,0.0,99.99,23.25,23.25,954.5181,
122534.00,0.0,0.0,0.0,99.99,23.25,23.25,954.5309,
122536.00,0.0,0.0,0.0,99.99,23.25,23.25,954.5105,
122538.00,0.0,0.0,0.0,99.99,23.25,23.25,954.5535,
122539.00,0.0,0.0,0.0,99.99,23.25,23.25,954.5413,
122541.00,0.0,0.0,0.0,99.99,23.1875,23.1875,954.543,
122543.00,0.0,0.0,0.0,99.99,23.1875,23.1875,954.5715,
122544.00,0.0,0.0,0.0,99.99,23.1875,23.1875,954.5926,
122547.00,0.0,0.0,0.0,99.99,23.1875,23.1875,954.6241,
122548.00,0.0,0.0,0.0,99.99,23.1875,23.1875,954.6213,
122550.00,0.0,0.0,0.0,99.99,23.1875,23.1875,954.6177,
122552.00,0.0,0.0,0.0,99.99,23.1875,23.1875,954.6465,
122553.00,0.0,0.0,0.0,99.99,23.1875,23.1875,954.6519,
122555.00,0.0,0.0,0.0,99.99,23.1875,23.1875,954.6811,
122557.00,0.0,0.0,0.0,99.99,23.1875,23.1875,954.674,
122558.00,0.0,0.0,0.0,99.99,23.125,23.125,954.6755,
122600.00,0.0,0.0,0.0,99.99,23.125,23.125,954.7096,
122602.00,0.0,0.0,0.0,99.99,23.125,23.125,954.7489,
122603.00,0.0,0.0,0.0,99.99,23.1875,23.1875,954.723,
122605.00,0.0,0.0,0.0,99.99,23.125,23.125,954.7134,
122607.00,0.0,0.0,0.0,99.99,23.125,23.125,954.757,
122608.00,0.0,0.0,0.0,99.99,23.125,23.125,954.79,
122611.00,0.0,0.0,0.0,99.99,23.125,23.125,954.7832,
122612.00,0.0,0.0,0.0,99.99,23.125,23.125,954.7935,
122614.00,0.0,0.0,0.0,99.99,23.125,23.125,954.8102,
122616.00,0.0,0.0,0.0,99.99,23.125,23.125,954.8386,
122617.00,0.0,0.0,0.0,99.99,23.125,23.125,954.8242,
122619.00,0.0,0.0,0.0,99.99,23.125,23.125,954.8628,
122621.00,0.0,0.0,0.0,99.99,23.1875,23.1875,954.8803,
122622.00,0.0,0.0,0.0,99.99,23.1875,23.1875,954.92,
122624.00,0.0,0.0,0.0,99.99,23.1875,23.1875,954.9144,
122626.00,0.0,0.0,0.0,99.99,23.1875,23.1875,954.9172,
122627.00,0.0,0.0,0.0,99.99,23.1875,23.1875,954.9146,
122629.00,0.0,0.0,0.0,99.99,23.1875,23.1875,954.9384,
122631.00,0.0,0.0,0.0,99.99,23.1875,23.1875,954.9494,
122632.00,0.0,0.0,0.0,99.99,23.125,23.125,954.9455,
122635.00,0.0,0.0,0.0,99.99,23.1875,23.1875,954.9688,
122636.00,0.0,0.0,0.0,99.99,23.125,23.125,954.9697,
122638.00,0.0,0.0,0.0,99.99,23.125,23.125,954.9532,
122640.00,0.0,0.0,0.0,99.99,23.1875,23.1875,954.9645,
122641.00,0.0,0.0,0.0,99.99,23.1875,23.1875,954.9462,
122643.00,0.0,0.0,0.0,99.99,23.1875,23.1875,954.9606,
122645.00,0.0,0.0,0.0,99.99,23.1875,23.1875,954.9899,
122646.00,0.0,0.0,0.0,99.99,23.125,23.125,955.0178,
122648.00,0.0,0.0,0.0,99.99,23.125,23.125,955.0033,
122650.00,0.0,0.0,0.0,99.99,23.125,23.125,954.9919,
122651.00,0.0,0.0,0.0,99.99,23.125,23.125,955.0219,
122653.00,0.0,0.0,0.0,99.99,23.125,23.125,955.0248,
122655.00,0.0,0.0,0.0,99.99,23.125,23.125,954.967,
122656.00,0.0,0.0,0.0,99.99,23.125,23.125,954.9855,
122659.00,0.0,0.0,0.0,99.99,23.125,23.125,955.0014,
122700.00,0.0,0.0,0.0,99.99,23.125,23.125,955.0543,
122702.00,0.0,0.0,0.0,99.99,23.125,23.125,955.0751,
122704.00,0.0,0.0,0.0,99.99,23.125,23.125,955.0951,
122705.00,0.0,0.0,0.0,99.99,23.1875,23.1875,955.0745,
122707.00,0.0,0.0,0.0,99.99,23.125,23.125,955.0697,
122709.00,0.0,0.0,0.0,99.99,23.125,23.125,955.079,
000000.000,0.0,0.0,0.0,99.99,85.0,3.0,959.8397,
000000.000,0.0,0.0,0.0,99.99,23.375,3.0,959.7626,
000000.000,0.0,0.0,0.0,99.99,23.4375,3.0,959.7809,
000000.000,0.0,0.0,0.0,99.99,23.4375,3.0,959.8356,
000000.000,0.0,0.0,0.0,99.99,23.4375,3.0,959.7886,
000000.000,0.0,0.0,0.0,99.99,23.4375,3.0,959.7822,
000000.000,0.0,0.0,0.0,99.99,23.4375,3.0,959.8689,
000000.000,0.0,0.0,0.0,99.99,23.4375,3.0,959.8407,
000000.000,0.0,0.0,0.0,99.99,23.4375,3.0,959.9607,
000000.000,0.0,0.0,0.0,99.99,23.4375,3.0,960.1167,
000000.000,0.0,0.0,0.0,99.99,23.5,3.0,960.1736,
000000.000,0.0,0.0,0.0,99.99,23.5,3.0,960.2721,
000000.000,0.0,0.0,0.0,99.99,23.5,3.0,960.3571,
000000.000,0.0,0.0,0.0,99.99,23.5,3.0,960.5011,
000000.000,0.0,0.0,0.0,99.99,23.5,3.0,960.5541,
000000.000,0.0,0.0,0.0,99.99,23.5625,3.0,960.6283,
000000.000,0.0,0.0,0.0,99.99,23.5625,3.0,960.7813,
000000.000,0.0,0.0,0.0,99.99,23.5625,3.0,960.8045,
000000.000,0.0,0.0,0.0,99.99,23.5625,3.0,960.932,
000000.000,0.0,0.0,0.0,99.99,23.625,3.0,961.0639,
000000.000,0.0,0.0,0.0,99.99,23.625,3.0,961.1072,
000000.000,0.0,0.0,0.0,99.99,23.625,3.0,961.1398,
000000.000,0.0,0.0,0.0,99.99,23.625,3.0,961.2015,
000000.000,0.0,0.0,0.0,99.99,23.625,3.0,961.2009,
000000.000,0.0,0.0,0.0,99.99,23.625,3.0,961.2472,
000000.000,0.0,0.0,0.0,99.99,23.625,3.0,961.3373,
000000.000,0.0,0.0,0.0,99.99,23.625,3.0,961.4093,
000000.000,0.0,0.0,0.0,99.99,23.625,3.0,961.5016,
000000.000,0.0,0.0,0.0,99.99,23.6875,3.0,961.5662,
000000.000,0.0,0.0,0.0,99.99,23.6875,3.0,961.6096,
000000.000,0.0,0.0,0.0,99.99,23.75,3.0,961.693,
000000.000,0.0,0.0,0.0,99.99,23.6875,3.0,961.6382,
000000.000,0.0,0.0,0.0,99.99,23.75,3.0,961.7491,
000000.000,0.0,0.0,0.0,99.99,23.75,3.0,961.8809,
000000.000,0.0,0.0,0.0,99.99,23.75,3.0,961.8063,
000000.000,0.0,0.0,0.0,99.99,23.75,3.0,961.5974,
000000.000,0.0,0.0,0.0,99.99,23.625,3.0,961.2227,
000000.000,0.0,0.0,0.0,99.99,23.625,3.0,960.851,
145130.69,0.0,0.0,0.0,99.99,23.5625,3.0,960.0267,
145132.00,0.0,0.0,0.0,99.99,23.4375,3.0,959.4045,
145133.00,0.0,0.0,0.0,99.99,23.3125,3.0,958.8181,
145135.00,0.0,0.0,0.0,99.99,23.25,3.0,958.1299,
145136.00,0.0,0.0,0.0,99.99,23.1875,3.0,957.4938,
145138.00,0.0,0.0,0.0,99.99,23.0625,3.0,957.0709,
145139.00,0.0,0.0,0.0,99.99,23.0,3.0,956.465,
145141.00,0.0,0.0,0.0,99.99,22.9375,3.0,956.084,
145143.00,0.0,0.0,0.0,99.99,22.875,3.0,955.3904,
145144.00,0.0,0.0,0.0,99.99,22.8125,3.0,955.0426,
145146.00,0.0,0.0,0.0,99.99,22.75,3.0,954.4707,
145147.00,0.0,0.0,0.0,99.99,22.6875,3.0,954.1259,
145149.00,0.0,0.0,0.0,99.99,22.625,3.0,953.6859,
145150.00,0.0,0.0,0.0,99.99,22.5625,3.0,953.5544,
145152.00,0.0,0.0,0.0,99.99,22.5625,3.0,953.2631,
145153.00,0.0,0.0,0.0,99.99,22.5625,3.0,953.0432,
145155.00,0.0,0.0,0.0,99.99,22.5625,3.0,952.7011,
145155.00,0.0,0.0,0.0,99.99,22.5,3.0,952.5242,
145157.00,5318.829,614.104,64.0,4.92,22.5,3.0,952.3324,
145158.00,0.0,0.0,0.0,4.92,22.5,3.0,952.269,
