000000.000,0.0,0.0,0.0,99.99,20.6875,20.1875,843.0775,
000000.000,0.0,0.0,0.0,99.99,20.6875,20.125,842.9854,
000000.000,0.0,0.0,0.0,99.99,20.6875,20.125,842.8489,
000000.000,0.0,0.0,0.0,99.99,20.75,20.125,842.7125,
000000.000,0.0,0.0,0.0,99.99,20.6875,20.125,842.5362,
000000.000,0.0,0.0,0.0,99.99,20.5,20.125,842.3424,
000000.000,0.0,0.0,0.0,99.99,20.5,20.125,842.0566,
000000.000,0.0,0.0,0.0,99.99,20.5,20.125,841.8377,
000000.000,0.0,0.0,0.0,99.99,20.5625,20.125,841.4911,
000000.000,0.0,0.0,0.0,99.99,20.5,20.125,841.3751,
000000.000,0.0,0.0,0.0,99.99,20.5,20.125,841.2912,
000000.000,0.0,0.0,0.0,99.99,20.625,20.0625,841.0402,
000000.000,0.0,0.0,0.0,99.99,20.6875,20.125,840.8312,
000000.000,0.0,0.0,0.0,99.99,20.8125,20.0625,840.6674,
000000.000,0.0,0.0,0.0,99.99,20.75,20.125,840.4674,
000000.000,0.0,0.0,0.0,99.99,20.8125,20.0625,840.3109,
000000.000,0.0,0.0,0.0,99.99,20.75,20.0625,840.0975,
000000.000,0.0,0.0,0.0,99.99,20.75,20.0625,839.9001,
000000.000,0.0,0.0,0.0,99.99,20.8125,20.0625,839.7573,
000000.000,0.0,0.0,0.0,99.99,20.75,20.0625,839.5251,
000000.000,0.0,0.0,0.0,99.99,20.75,20.0625,839.3328,
000000.000,0.0,0.0,0.0,99.99,20.75,20.0625,838.5912,
000000.000,0.0,0.0,0.0,99.99,20.5,20.0,838.5873,
000000.000,0.0,0.0,0.0,99.99,20.4375,20.0,838.6739,
000000.000,0.0,0.0,0.0,99.99,20.4375,20.0,838.7318,
111111.000,11.0,11.0,11.0,11.0,20.5,20.0,838.2972,
111111.000,11.0,11.0,11.0,11.0,20.5,19.875,838.3488,
000000.000,0.0,0.0,0.0,99.99,20.5,19.875,838.3633,
000000.000,0.0,0.0,0.0,99.99,20.5,19.875,838.3653,
000000.000,0.0,0.0,0.0,99.99,20.5625,19.875,838.3984,
000000.000,0.0,0.0,0.0,99.99,20.5625,19.875,838.4174,
000000.000,0.0,0.0,0.0,99.99,20.5,19.875,838.4192,
000000.000,0.0,0.0,0.0,99.99,20.5,19.875,838.4006,
111111.000,11.0,11.0,11.0,11.0,20.5625,19.875,834.9301,
000000.000,0.0,0.0,0.0,99.99,20.1875,19.5,834.9877,
000000.000,0.0,0.0,0.0,99.99,24.625,23.11,893.8283,
000000.000,0.0,0.0,0.0,99.99,24.625,23.11,894.7722,
000000.000,0.0,0.0,0.0,99.99,24.5625,23.11,895.9165,
000000.000,0.0,0.0,0.0,99.99,24.5625,23.11,896.2838,
000000.000,0.0,0.0,0.0,99.99,24.5,23.11,896.9888,
000000.000,0.0,0.0,0.0,99.99,24.5625,23.11,897.7216,
000000.000,0.0,0.0,0.0,99.99,24.5,23.11,898.0898,
000000.000,0.0,0.0,0.0,99.99,24.5625,23.11,898.6453,
000000.000,0.0,0.0,0.0,99.99,24.5625,23.11,898.8988,
000000.000,0.0,0.0,0.0,99.99,24.5,23.11,899.585,
000000.000,0.0,0.0,0.0,99.99,24.5625,23.11,903.9635,
000000.000,0.0,0.0,0.0,99.99,24.625,23.11,903.2258,
000000.000,0.0,0.0,0.0,99.99,85.0,23.11,900.0,
000000.000,0.0,0.0,0.0,99.99,25.4375,23.11,900.0,
000000.000,0.0,0.0,0.0,99.99,25.4375,23.11,900.0,
000000.000,0.0,0.0,0.0,99.99,25.4375,23.11,900.0,
000000.000,0.0,0.0,0.0,99.99,25.4375,23.11,900.0,
000000.000,0.0,0.0,0.0,99.99,25.4375,23.11,900.0,
000000.000,0.0,0.0,0.0,99.99,25.4375,23.11,900.0,
000000.000,0.0,0.0,0.0,99.99,25.4375,23.11,900.0,
000000.000,0.0,0.0,0.0,99.99,25.375,23.11,900.0,
000000.000,0.0,0.0,0.0,99.99,25.4375,23.11,900.0,
000000.000,0.0,0.0,0.0,99.99,25.4375,23.11,900.0,
000000.000,0.0,0.0,0.0,99.99,25.4375,23.11,900.0,
000000.000,0.0,0.0,0.0,99.99,25.4375,23.11,900.0,
000000.000,0.0,0.0,0.0,99.99,25.4375,23.11,900.0,
000000.000,0.0,0.0,0.0,99.99,25.4375,23.11,900.0,
000000.000,0.0,0.0,0.0,99.99,25.4375,23.11,900.0,
000000.000,0.0,0.0,0.0,99.99,25.4375,23.11,900.0,
000000.000,0.0,0.0,0.0,99.99,25.5,23.11,900.0,
000000.000,0.0,0.0,0.0,99.99,25.5,23.11,900.0,
000000.000,0.0,0.0,0.0,99.99,25.5,23.11,900.0,
000000.000,0.0,0.0,0.0,99.99,25.5,23.11,900.0,
000000.000,0.0,0.0,0.0,99.99,25.5,23.11,900.0,
000000.000,0.0,0.0,0.0,99.99,25.5,23.11,900.0,
000000.000,0.0,0.0,0.0,99.99,25.5,23.11,900.0,
000000.000,0.0,0.0,0.0,99.99,25.5,23.11,900.0,
000000.000,0.0,0.0,0.0,99.99,25.5,23.11,900.0,
000000.000,0.0,0.0,0.0,99.99,25.5,23.11,900.0,
000000.000,0.0,0.0,0.0,99.99,25.5,23.11,900.0,
000000.000,0.0,0.0,0.0,99.99,25.5,23.11,900.0,
000000.000,0.0,0.0,0.0,99.99,25.5,23.11,900.0,
000000.000,0.0,0.0,0.0,99.99,25.5,23.11,900.0,
000000.000,0.0,0.0,0.0,99.99,25.5,23.11,900.0,
000000.000,0.0,0.0,0.0,99.99,25.5,23.11,900.0,
000000.000,0.0,0.0,0.0,99.99,25.5,23.11,900.0,
000000.000,0.0,0.0,0.0,99.99,25.5,23.11,900.0,
000000.000,0.0,0.0,0.0,99.99,25.5,23.11,900.0,
000000.000,0.0,0.0,0.0,99.99,25.5625,23.11,900.0,
000000.000,0.0,0.0,0.0,99.99,25.5,23.11,900.0,
000000.000,0.0,0.0,0.0,99.99,25.5,23.11,900.0,
000000.000,0.0,0.0,0.0,99.99,25.5,23.11,900.0,
000000.000,0.0,0.0,0.0,99.99,25.5,23.11,900.0,
000000.000,0.0,0.0,0.0,99.99,25.5625,23.11,900.0,
000000.000,0.0,0.0,0.0,99.99,25.5625,23.11,900.0,
000000.000,0.0,0.0,0.0,99.99,25.5625,23.11,900.0,
000000.000,0.0,0.0,0.0,99.99,25.5625,23.11,900.0,
000000.000,0.0,0.0,0.0,99.99,25.5625,23.11,900.0,
000000.000,0.0,0.0,0.0,99.99,25.5625,23.11,900.0,
000000.000,0.0,0.0,0.0,99.99,25.5625,23.11,900.0,
000000.000,0.0,0.0,0.0,99.99,25.5625,23.11,900.0,
000000.000,0.0,0.0,0.0,99.99,25.625,23.11,900.0,
000000.000,0.0,0.0,0.0,99.99,25.625,23.11,900.0,
000000.000,0.0,0.0,0.0,99.99,25.625,23.11,900.0,
000000.000,0.0,0.0,0.0,99.99,25.5625,23.11,900.0,
000000.000,0.0,0.0,0.0,99.99,25.5625,23.11,900.0,
000000.000,0.0,0.0,0.0,99.99,25.5625,23.11,900.0,
000000.000,0.0,0.0,0.0,99.99,25.5,23.11,900.0,
000000.000,0.0,0.0,0.0,99.99,25.5625,23.11,900.0,
000000.000,0.0,0.0,0.0,99.99,25.5625,23.11,900.0,
000000.000,0.0,0.0,0.0,99.99,25.5625,23.11,900.0,
000000.000,0.0,0.0,0.0,99.99,25.5625,23.11,900.0,
000000.000,0.0,0.0,0.0,99.99,25.5625,23.11,900.0,
000000.000,0.0,0.0,0.0,99.99,25.5625,23.11,900.0,
000000.000,0.0,0.0,0.0,99.99,25.5625,23.11,900.0,
000000.000,0.0,0.0,0.0,99.99,25.625,23.11,900.0,
000000.000,0.0,0.0,0.0,99.99,25.625,23.11,900.0,
000000.000,0.0,0.0,0.0,99.99,25.625,23.11,900.0,
000000.000,0.0,0.0,0.0,99.99,25.625,23.11,900.0,
000000.000,0.0,0.0,0.0,99.99,25.5625,23.11,900.0,
000000.000,0.0,0.0,0.0,99.99,25.625,23.11,900.0,
000000.000,0.0,0.0,0.0,99.99,25.625,23.11,900.0,
000000.000,0.0,0.0,0.0,99.99,25.5625,23.11,900.0,
000000.000,0.0,0.0,0.0,99.99,25.5625,23.11,900.0,
000000.000,0.0,0.0,0.0,99.99,25.625,23.11,900.0,
000000.000,0.0,0.0,0.0,99.99,25.625,23.11,900.0,
000000.000,0.0,0.0,0.0,99.99,25.625,23.11,900.0,
000000.000,0.0,0.0,0.0,99.99,25.625,23.11,900.0,
000000.000,0.0,0.0,0.0,99.99,25.6875,23.11,900.0,
000000.000,0.0,0.0,0.0,99.99,25.625,23.11,900.0,
000000.000,0.0,0.0,0.0,99.99,25.625,23.11,900.0,
000000.000,0.0,0.0,0.0,99.99,25.625,23.11,900.0,
000000.000,0.0,0.0,0.0,99.99,25.625,23.11,900.0,
000000.000,0.0,0.0,0.0,99.99,25.625,23.11,900.0,
000000.000,0.0,0.0,0.0,99.99,25.625,23.11,900.0,
000000.000,0.0,0.0,0.0,99.99,25.625,23.11,900.0,
000000.000,0.0,0.0,0.0,99.99,25.625,23.11,900.0,
112211.1,0.0,0.0,0.0,99.99,25.625,23.11,900.0,
112211.1,0.0,0.0,0.0,99.99,25.5,23.11,900.0,
112211.1,0.0,0.0,0.0,99.99,25.5,23.11,900.0,
112211.1,0.0,0.0,0.0,99.99,25.5625,23.11,900.0,
112211.1,0.0,0.0,0.0,99.99,25.5,23.11,900.0,
112211.1,0.0,0.0,0.0,99.99,25.5625,23.11,900.0,
112211.1,0.0,0.0,0.0,99.99,25.5625,23.11,900.0,
112211.1,0.0,0.0,0.0,99.99,25.625,23.11,900.0,
112211.1,0.0,0.0,0.0,99.99,25.625,23.11,900.0,
112211.1,0.0,0.0,0.0,99.99,25.625,23.11,900.0,
112211.1,0.0,0.0,0.0,99.99,25.625,23.11,900.0,
112211.1,0.0,0.0,0.0,99.99,25.6875,23.11,900.0,
112211.1,0.0,0.0,0.0,99.99,25.6875,23.11,900.0,
112211.1,0.0,0.0,0.0,99.99,25.6875,23.11,900.0,
112211.1,0.0,0.0,0.0,99.99,25.75,23.11,900.0,
112211.1,0.0,0.0,0.0,99.99,25.75,23.11,900.0,
112211.1,0.0,0.0,0.0,99.99,25.75,23.11,900.0,
112211.1,0.0,0.0,0.0,99.99,25.75,23.11,900.0,
112211.1,0.0,0.0,0.0,99.99,25.75,23.11,900.0,
112211.1,0.0,0.0,0.0,99.99,25.75,23.11,900.0,
112211.1,0.0,0.0,0.0,99.99,25.75,23.11,900.0,
112211.1,0.0,0.0,0.0,99.99,25.75,23.11,900.0,
112211.1,0.0,0.0,0.0,99.99,25.6875,23.11,900.0,
112211.1,0.0,0.0,0.0,99.99,25.6875,23.11,900.0,
112211.1,0.0,0.0,0.0,99.99,25.625,23.11,900.0,
112211.1,0.0,0.0,0.0,99.99,25.5625,23.11,900.0,
112211.1,0.0,0.0,0.0,99.99,25.5625,23.11,900.0,
112211.1,0.0,0.0,0.0,99.99,25.5,23.11,900.0,
112211.1,0.0,0.0,0.0,99.99,25.5,23.11,900.0,
112211.1,0.0,0.0,0.0,99.99,25.5,23.11,900.0,
112211.1,0.0,0.0,0.0,99.99,25.5,23.11,900.0,
112211.1,0.0,0.0,0.0,99.99,25.5,23.11,900.0,
112211.1,0.0,0.0,0.0,99.99,25.5,23.11,900.0,
112211.1,0.0,0.0,0.0,99.99,25.5,23.11,900.0,
112211.1,0.0,0.0,0.0,99.99,25.5625,23.11,900.0,
112211.1,0.0,0.0,0.0,99.99,25.5625,23.11,900.0,
112211.1,0.0,0.0,0.0,99.99,25.5625,23.11,900.0,
112211.1,0.0,0.0,0.0,99.99,25.5625,23.11,900.0,
112211.1,0.0,0.0,0.0,99.99,25.5625,23.11,900.0,
000000.000,0.0,0.0,0.0,99.99,25.625,23.11,900.0,
000000.000,0.0,0.0,0.0,99.99,25.5625,23.11,900.0,
000000.000,0.0,0.0,0.0,99.99,25.625,23.11,900.0,
000000.000,0.0,0.0,0.0,99.99,25.5625,23.11,900.0,
000000.000,0.0,0.0,0.0,99.99,25.625,23.11,900.0,
000000.000,0.0,0.0,0.0,99.99,25.625,23.11,900.0,
000000.000,0.0,0.0,0.0,99.99,25.6875,23.11,900.0,
000000.000,0.0,0.0,0.0,99.99,25.6875,23.11,900.0,
000000.000,0.0,0.0,0.0,99.99,25.6875,23.11,900.0,
000000.000,0.0,0.0,0.0,99.99,25.6875,23.11,900.0,
000000.000,0.0,0.0,0.0,99.99,25.6875,23.11,900.0,
000000.000,0.0,0.0,0.0,99.99,25.6875,23.11,900.0,
000000.000,0.0,0.0,0.0,99.99,25.6875,23.11,900.0,
000000.000,0.0,0.0,0.0,99.99,25.6875,23.11,900.0,
000000.000,0.0,0.0,0.0,99.99,25.6875,23.11,900.0,
000000.000,0.0,0.0,0.0,99.99,25.75,23.11,900.0,
000000.000,0.0,0.0,0.0,99.99,25.6875,23.11,900.0,
000000.000,0.0,0.0,0.0,99.99,25.6875,23.11,900.0,
000000.000,0.0,0.0,0.0,99.99,25.6875,23.11,900.0,
000000.000,0.0,0.0,0.0,99.99,25.6875,23.11,900.0,
000000.000,0.0,0.0,0.0,99.99,25.6875,23.11,900.0,
000000.000,0.0,0.0,0.0,99.99,25.6875,23.11,900.0,
000000.000,0.0,0.0,0.0,99.99,25.6875,23.11,900.0,
000000.000,0.0,0.0,0.0,99.99,25.6875,23.11,900.0,
000000.000,0.0,0.0,0.0,99.99,25.6875,23.11,900.0,
000000.000,0.0,0.0,0.0,99.99,25.75,23.11,900.0,
000000.000,0.0,0.0,0.0,99.99,25.75,23.11,900.0,
000000.000,0.0,0.0,0.0,99.99,25.75,23.11,900.0,
000000.000,0.0,0.0,0.0,99.99,25.75,23.11,900.0,
000000.000,0.0,0.0,0.0,99.99,25.75,23.11,900.0,
000000.000,0.0,0.0,0.0,99.99,25.75,23.11,900.0,
000000.000,0.0,0.0,0.0,99.99,25.8125,23.11,900.0,
000000.000,0.0,0.0,0.0,99.99,25.8125,23.11,900.0,
000000.000,0.0,0.0,0.0,99.99,25.8125,23.11,900.0,
000000.000,0.0,0.0,0.0,99.99,25.8125,23.11,900.0,
000000.000,0.0,0.0,0.0,99.99,25.875,23.11,900.0,
000000.000,0.0,0.0,0.0,99.99,25.875,23.11,900.0,
000000.000,0.0,0.0,0.0,99.99,25.875,23.11,900.0,
000000.000,0.0,0.0,0.0,99.99,25.875,23.11,900.0,
000000.000,0.0,0.0,0.0,99.99,25.875,23.11,900.0,
000000.000,0.0,0.0,0.0,99.99,25.9375,23.11,900.0,
000000.000,0.0,0.0,0.0,99.99,25.875,23.11,900.0,
000000.000,0.0,0.0,0.0,99.99,25.875,23.11,900.0,
000000.000,0.0,0.0,0.0,99.99,25.875,23.11,900.0,
000000.000,0.0,0.0,0.0,99.99,25.875,23.11,900.0,
000000.000,0.0,0.0,0.0,99.99,25.875,23.11,900.0,
000000.000,0.0,0.0,0.0,99.99,25.875,23.11,900.0,
000000.000,0.0,0.0,0.0,99.99,25.8125,23.11,900.0,
000000.000,0.0,0.0,0.0,99.99,25.8125,23.11,900.0,
000000.000,0.0,0.0,0.0,99.99,25.8125,23.11,900.0,
000000.000,0.0,0.0,0.0,99.99,25.8125,23.11,900.0,
000000.000,0.0,0.0,0.0,99.99,25.8125,23.11,900.0,
000000.000,0.0,0.0,0.0,99.99,25.8125,23.11,900.0,
000000.000,0.0,0.0,0.0,99.99,25.6875,23.11,900.0,
000000.000,0.0,0.0,0.0,99.99,25.6875,23.11,900.0,
000000.000,0.0,0.0,0.0,99.99,25.6875,23.11,900.0,
000000.000,0.0,0.0,0.0,99.99,25.6875,23.11,900.0,
000000.000,0.0,0.0,0.0,99.99,25.6875,23.11,900.0,
000000.000,0.0,0.0,0.0,99.99,25.75,23.11,900.0,
000000.000,0.0,0.0,0.0,99.99,25.6875,23.11,900.0,
000000.000,0.0,0.0,0.0,99.99,25.6875,23.11,900.0,
000000.000,0.0,0.0,0.0,99.99,25.75,23.11,900.0,
000000.000,0.0,0.0,0.0,99.99,25.75,23.11,900.0,
000000.000,0.0,0.0,0.0,99.99,25.75,23.11,900.0,
000000.000,0.0,0.0,0.0,99.99,25.75,23.11,900.0,
000000.000,0.0,0.0,0.0,99.99,25.8125,23.11,900.0,
000000.000,0.0,0.0,0.0,99.99,25.75,23.11,900.0,
000000.000,0.0,0.0,0.0,99.99,25.75,23.11,900.0,
000000.000,0.0,0.0,0.0,99.99,25.75,23.11,900.0,
000000.000,0.0,0.0,0.0,99.99,25.75,23.11,900.0,
000000.000,0.0,0.0,0.0,99.99,25.75,23.11,900.0,
000000.000,0.0,0.0,0.0,99.99,25.8125,23.11,900.0,
000000.000,0.0,0.0,0.0,99.99,25.75,23.11,900.0,
000000.000,0.0,0.0,0.0,99.99,25.75,23.11,900.0,
000000.000,0.0,0.0,0.0,99.99,25.75,23.11,900.0,
000000.000,0.0,0.0,0.0,99.99,25.75,23.11,900.0,
000000.000,0.0,0.0,0.0,99.99,25.75,23.11,900.0,
000000.000,0.0,0.0,0.0,99.99,25.6875,23.11,900.0,
000000.000,0.0,0.0,0.0,99.99,25.6875,23.11,900.0,
000000.000,0.0,0.0,0.0,99.99,25.625,23.11,900.0,
000000.000,0.0,0.0,0.0,99.99,25.625,23.11,900.0,
000000.000,0.0,0.0,0.0,99.99,25.6875,23.11,900.0,
000000.000,0.0,0.0,0.0,99.99,25.6875,23.11,900.0,
000000.000,0.0,0.0,0.0,99.99,25.6875,23.11,900.0,
000000.000,0.0,0.0,0.0,99.99,25.6875,23.11,900.0,
000000.000,0.0,0.0,0.0,99.99,25.6875,23.11,900.0,
000000.000,0.0,0.0,0.0,99.99,25.6875,23.11,900.0,
000000.000,0.0,0.0,0.0,99.99,25.6875,23.11,900.0,
000000.000,0.0,0.0,0.0,99.99,25.6875,23.11,900.0,
000000.000,0.0,0.0,0.0,99.99,25.625,23.11,900.0,
000000.000,0.0,0.0,0.0,99.99,25.625,23.11,900.0,
000000.000,0.0,0.0,0.0,99.99,25.6875,23.11,900.0,
000000.000,0.0,0.0,0.0,99.99,25.6875,23.11,900.0,
000000.000,0.0,0.0,0.0,99.99,25.6875,23.11,900.0,
000000.000,0.0,0.0,0.0,99.99,25.75,23.11,900.0,
000000.000,0.0,0.0,0.0,99.99,25.8125,23.11,900.0,
000000.000,0.0,0.0,0.0,99.99,25.8125,23.11,900.0,
000000.000,0.0,0.0,0.0,99.99,25.8125,23.11,900.0,
000000.000,0.0,0.0,0.0,99.99,25.8125,23.11,900.0,
000000.000,0.0,0.0,0.0,99.99,25.8125,23.11,900.0,
000000.000,0.0,0.0,0.0,99.99,25.875,23.11,900.0,
000000.000,0.0,0.0,0.0,99.99,25.875,23.11,900.0,
000000.000,0.0,0.0,0.0,99.99,25.875,23.11,900.0,
000000.000,0.0,0.0,0.0,99.99,25.875,23.11,900.0,
000000.000,0.0,0.0,0.0,99.99,25.875,23.11,900.0,
000000.000,0.0,0.0,0.0,99.99,25.875,23.11,900.0,
000000.000,0.0,0.0,0.0,99.99,25.9375,23.11,900.0,
000000.000,0.0,0.0,0.0,99.99,25.875,23.11,900.0,
000000.000,0.0,0.0,0.0,99.99,25.9375,23.11,900.0,
000000.000,0.0,0.0,0.0,99.99,25.9375,23.11,900.0,
000000.000,0.0,0.0,0.0,99.99,26.0,23.11,900.0,
000000.000,0.0,0.0,0.0,99.99,26.0,23.11,900.0,
000000.000,0.0,0.0,0.0,99.99,26.0,23.11,900.0,
000000.000,0.0,0.0,0.0,99.99,26.0625,23.11,900.0,
000000.000,0.0,0.0,0.0,99.99,26.0625,23.11,900.0,
000000.000,0.0,0.0,0.0,99.99,26.0625,23.11,900.0,
000000.000,0.0,0.0,0.0,99.99,26.0625,23.11,900.0,
000000.000,0.0,0.0,0.0,99.99,26.0625,23.11,900.0,
000000.000,0.0,0.0,0.0,99.99,26.0,23.11,900.0,
000000.000,0.0,0.0,0.0,99.99,26.0,23.11,900.0,
000000.000,0.0,0.0,0.0,99.99,26.0,23.11,900.0,
000000.000,0.0,0.0,0.0,99.99,26.0,23.11,900.0,
000000.000,0.0,0.0,0.0,99.99,25.9375,23.11,900.0,
000000.000,0.0,0.0,0.0,99.99,25.75,23.11,900.0,
000000.000,0.0,0.0,0.0,99.99,25.75,23.11,900.0,
000000.000,0.0,0.0,0.0,99.99,25.6875,23.11,900.0,
000000.000,0.0,0.0,0.0,99.99,25.5625,23.11,900.0,
000000.000,0.0,0.0,0.0,99.99,25.5625,23.11,900.0,
000000.000,0.0,0.0,0.0,99.99,25.5,23.11,900.0,
000000.000,0.0,0.0,0.0,99.99,25.4375,23.11,900.0,
000000.000,0.0,0.0,0.0,99.99,25.4375,23.11,900.0,
000000.000,0.0,0.0,0.0,99.99,25.4375,23.11,900.0,
000000.000,0.0,0.0,0.0,99.99,25.4375,23.11,900.0,
000000.000,0.0,0.0,0.0,99.99,25.4375,23.11,900.0,
000000.000,0.0,0.0,0.0,99.99,25.4375,23.11,900.0,
000000.000,0.0,0.0,0.0,99.99,25.375,23.11,900.0,
000000.000,0.0,0.0,0.0,99.99,25.375,23.11,900.0,
000000.000,0.0,0.0,0.0,99.99,25.375,23.11,900.0,
000000.000,0.0,0.0,0.0,99.99,25.3125,23.11,900.0,
000000.000,0.0,0.0,0.0,99.99,25.25,23.11,900.0,
000000.000,0.0,0.0,0.0,99.99,25.25,23.11,900.0,
000000.000,0.0,0.0,0.0,99.99,25.25,23.11,900.0,
000000.000,0.0,0.0,0.0,99.99,25.1875,23.11,900.0,
000000.000,0.0,0.0,0.0,99.99,25.125,23.11,900.0,
000000.000,0.0,0.0,0.0,99.99,25.125,23.11,900.0,
000000.000,0.0,0.0,0.0,99.99,25.0625,23.11,900.0,
000000.000,0.0,0.0,0.0,99.99,25.0,23.11,900.0,
000000.000,0.0,0.0,0.0,99.99,25.0,23.11,900.0,
000000.000,0.0,0.0,0.0,99.99,25.0,23.11,900.0,
000000.000,0.0,0.0,0.0,99.99,24.9375,23.11,900.0,
000000.000,0.0,0.0,0.0,99.99,24.875,23.11,900.0,
000000.000,0.0,0.0,0.0,99.99,24.875,23.11,900.0,
000000.000,0.0,0.0,0.0,99.99,24.75,23.11,900.0,
000000.000,0.0,0.0,0.0,99.99,24.5625,23.11,900.0,
000000.000,0.0,0.0,0.0,99.99,24.5625,23.11,900.0,
000000.000,0.0,0.0,0.0,99.99,24.5,23.11,900.0,
000000.000,0.0,0.0,0.0,99.99,24.4375,23.11,900.0,
000000.000,0.0,0.0,0.0,99.99,24.3125,23.11,900.0,
000000.000,0.0,0.0,0.0,99.99,23.8125,23.11,900.0,
000000.000,0.0,0.0,0.0,99.99,23.375,23.11,900.0,
000000.000,0.0,0.0,0.0,99.99,23.125,23.11,900.0,
000000.000,0.0,0.0,0.0,99.99,22.75,23.11,900.0,
000000.000,0.0,0.0,0.0,99.99,22.4375,23.11,900.0,
000000.000,0.0,0.0,0.0,99.99,22.25,23.11,900.0,
000000.000,0.0,0.0,0.0,99.99,22.3125,23.11,900.0,
000000.000,0.0,0.0,0.0,99.99,22.25,23.11,900.0,
000000.000,0.0,0.0,0.0,99.99,22.1875,23.11,900.0,
000000.000,0.0,0.0,0.0,99.99,21.8125,23.11,900.0,
000000.000,0.0,0.0,0.0,99.99,21.4375,23.11,900.0,
000000.000,0.0,0.0,0.0,99.99,21.3125,23.11,900.0,
000000.000,0.0,0.0,0.0,99.99,21.0,23.11,900.0,
000000.000,0.0,0.0,0.0,99.99,20.8125,23.11,900.0,
000000.000,0.0,0.0,0.0,99.99,20.6875,23.11,900.0,
000000.000,0.0,0.0,0.0,99.99,20.5,23.11,900.0,
000000.000,0.0,0.0,0.0,99.99,20.375,23.11,900.0,
000000.000,0.0,0.0,0.0,99.99,20.0,23.11,900.0,
000000.000,0.0,0.0,0.0,99.99,19.8125,23.11,900.0,
000000.000,0.0,0.0,0.0,99.99,19.5,23.11,900.0,
121600.26,0.0,0.0,0.0,99.99,19.375,23.11,900.0,
121601.00,0.0,0.0,0.0,99.99,19.0625,23.11,900.0,
121603.00,0.0,0.0,0.0,99.99,19.0,23.11,900.0,
121605.00,0.0,0.0,0.0,99.99,18.9375,23.11,900.0,
121606.00,0.0,0.0,0.0,99.99,18.9375,23.11,900.0,
121608.00,0.0,0.0,0.0,99.99,18.8125,23.11,900.0,
121609.00,0.0,0.0,0.0,99.99,18.6875,23.11,900.0,
121611.00,0.0,0.0,0.0,99.99,18.125,23.11,900.0,
121612.00,0.0,0.0,0.0,99.99,17.75,23.11,900.0,
121614.00,0.0,0.0,0.0,99.99,17.4375,23.11,900.0,
121615.00,0.0,0.0,0.0,99.99,17.0,23.11,900.0,
121616.00,0.0,0.0,0.0,99.99,16.625,23.11,900.0,
121618.00,0.0,0.0,0.0,99.99,16.375,23.11,900.0,
121619.00,0.0,0.0,0.0,99.99,16.5,23.11,900.0,
121621.00,0.0,0.0,0.0,99.99,16.4375,23.11,900.0,
121622.00,0.0,0.0,0.0,99.99,16.375,23.11,900.0,
121624.00,0.0,0.0,0.0,99.99,16.3125,23.11,900.0,
121625.00,0.0,0.0,0.0,99.99,16.1875,23.11,900.0,
121626.00,0.0,0.0,0.0,99.99,16.1875,23.11,900.0,
121628.00,0.0,0.0,0.0,99.99,16.1875,23.11,900.0,
121629.00,0.0,0.0,0.0,99.99,16.125,23.11,900.0,
121631.00,0.0,0.0,0.0,99.99,15.75,23.11,900.0,
121632.00,0.0,0.0,0.0,99.99,15.5625,23.11,900.0,
121634.00,0.0,0.0,0.0,99.99,15.4375,23.11,900.0,
121635.00,0.0,0.0,0.0,99.99,15.125,23.11,900.0,
121636.00,0.0,0.0,0.0,99.99,15.0,23.11,900.0,
121638.00,0.0,0.0,0.0,99.99,14.6875,23.11,900.0,
121639.00,0.0,0.0,0.0,99.99,14.5,23.11,900.0,
121641.00,0.0,0.0,0.0,99.99,14.125,23.11,900.0,
121642.00,0.0,0.0,0.0,99.99,13.9375,23.11,900.0,
121644.00,0.0,0.0,0.0,99.99,13.75,23.11,900.0,
121645.00,0.0,0.0,0.0,99.99,13.4375,23.11,900.0,
121646.00,0.0,0.0,0.0,99.99,13.3125,23.11,900.0,
121648.00,0.0,0.0,0.0,99.99,13.3125,23.11,900.0,
121649.00,0.0,0.0,0.0,99.99,13.25,23.11,900.0,
121651.00,0.0,0.0,0.0,99.99,13.125,23.11,900.0,
121652.00,0.0,0.0,0.0,99.99,13.0625,23.11,900.0,
121654.00,0.0,0.0,0.0,99.99,13.0,23.11,900.0,
121655.00,0.0,0.0,0.0,99.99,12.9375,23.11,900.0,
121656.00,0.0,0.0,0.0,99.99,12.875,23.11,900.0,
121658.00,0.0,0.0,0.0,99.99,12.75,23.11,900.0,
121659.00,0.0,0.0,0.0,99.99,12.625,23.11,900.0,
121701.00,0.0,0.0,0.0,99.99,12.5625,23.11,900.0,
121702.00,0.0,0.0,0.0,99.99,12.4375,23.11,900.0,
121704.00,0.0,0.0,0.0,99.99,12.375,23.11,900.0,
121705.00,0.0,0.0,0.0,99.99,12.25,23.11,900.0,
121706.00,0.0,0.0,0.0,99.99,12.1875,23.11,900.0,
121708.00,0.0,0.0,0.0,99.99,12.125,23.11,900.0,
121709.00,0.0,0.0,0.0,99.99,12.0625,23.11,900.0,
121711.00,0.0,0.0,0.0,99.99,12.0625,23.11,900.0,
121712.00,0.0,0.0,0.0,99.99,12.0,23.11,900.0,
121714.00,0.0,0.0,0.0,99.99,12.0,23.11,900.0,
121715.00,0.0,0.0,0.0,99.99,11.875,23.11,900.0,
121716.00,0.0,0.0,0.0,99.99,11.8125,23.11,900.0,
121718.00,0.0,0.0,0.0,99.99,11.6875,23.11,900.0,
121719.00,0.0,0.0,0.0,99.99,11.625,23.11,900.0,
121721.00,0.0,0.0,0.0,99.99,11.5625,23.11,900.0,
121722.00,0.0,0.0,0.0,99.99,11.5,23.11,900.0,
121724.00,0.0,0.0,0.0,99.99,11.5,23.11,900.0,
121725.00,0.0,0.0,0.0,99.99,11.4375,23.11,900.0,
121726.00,0.0,0.0,0.0,99.99,11.4375,23.11,900.0,
121728.00,0.0,0.0,0.0,99.99,11.375,23.11,900.0,
121729.00,0.0,0.0,0.0,99.99,11.3125,23.11,900.0,
121731.00,0.0,0.0,0.0,99.99,11.25,23.11,900.0,
121732.00,0.0,0.0,0.0,99.99,11.25,23.11,900.0,
121734.00,0.0,0.0,0.0,99.99,11.25,23.11,900.0,
121734.50,5318.795,614.0637,28.0,3.59,11.1875,23.11,900.0,
121806.00,5318.785,614.0765,31.5,3.05,11.125,23.11,900.0,
121807.00,5318.785,614.0764,31.7,1.61,11.875,23.11,900.0,
121809.00,5318.785,614.0762,31.0,1.61,11.8125,23.11,900.0,
121810.00,5318.784,614.0764,31.3,1.61,11.875,23.11,900.0,
121812.00,5318.783,614.0769,30.3,1.61,11.875,23.11,900.0,
121813.00,5318.783,614.0772,29.5,1.61,11.8125,23.11,900.0,
121815.00,5318.781,614.0775,31.6,1.61,11.8125,23.11,900.0,
121816.00,5318.78,614.0765,31.9,1.61,11.75,23.11,900.0,
121817.00,5318.779,614.0757,32.3,1.61,11.75,23.11,900.0,
121819.00,5318.778,614.0757,33.6,3.66,11.6875,23.11,900.0,
121820.00,5318.777,614.0765,34.2,3.67,11.75,23.11,900.0,
121822.00,5318.777,614.0792,32.1,3.67,11.75,23.11,900.0,
121823.00,5318.777,614.0793,32.8,3.67,11.8125,23.11,900.0,
121825.00,5318.776,614.0776,32.2,1.9,11.8125,23.11,900.0,
121826.00,5318.774,614.0768,32.9,1.61,11.8125,23.11,900.0,
121827.00,5318.774,614.0769,33.1,1.61,11.75,23.11,900.0,
121829.00,5318.774,614.0798,31.9,1.61,11.6875,23.11,900.0,
121830.00,5318.773,614.0801,31.7,1.61,11.625,23.11,900.0,
121832.00,5318.772,614.0814,31.1,1.61,11.5625,23.11,900.0,
121833.00,5318.771,614.0817,31.4,1.61,11.5625,23.11,900.0,
121835.00,5318.771,614.0836,31.8,1.61,11.5625,23.11,900.0,
121836.00,5318.771,614.0831,32.7,1.61,11.6875,23.11,900.0,
121837.00,5318.769,614.0823,32.8,1.61,11.6875,23.11,900.0,
121839.00,5318.769,614.0812,35.1,1.61,11.6875,23.11,900.0,
121840.00,5318.769,614.0812,34.7,1.61,11.75,23.11,900.0,
121842.00,5318.769,614.0792,33.3,1.61,11.75,23.11,900.0,
121843.00,5318.769,614.0789,32.0,1.61,11.75,23.11,900.0,
121845.00,5318.769,614.0775,31.4,1.61,11.625,23.11,900.0,
121846.00,5318.768,614.0765,32.2,1.61,11.5,23.11,900.0,
121847.00,5318.768,614.0761,32.5,1.61,11.4375,23.11,900.0,
121849.00,5318.766,614.0761,31.8,1.61,11.375,23.11,900.0,
121850.00,5318.765,614.0764,32.1,1.61,11.375,23.11,900.0,
121852.00,5318.764,614.0773,31.4,1.61,11.4375,23.11,900.0,
121853.00,5318.764,614.0777,31.2,1.61,11.4375,23.11,900.0,
121855.00,5318.762,614.0784,31.5,1.61,11.4375,23.11,900.0,
121856.00,5318.762,614.0789,31.6,1.61,11.5,23.11,900.0,
121857.00,5318.761,614.0795,31.5,1.61,11.5625,23.11,900.0,
121859.00,5318.76,614.0804,31.0,1.61,11.6875,23.11,900.0,
121900.00,5318.76,614.0807,30.4,1.61,11.75,23.11,900.0,
121902.00,5318.758,614.0811,30.1,1.61,11.875,23.11,900.0,
121903.00,5318.758,614.0814,29.7,1.61,11.9375,23.11,900.0,
121905.00,5318.757,614.0824,29.5,1.61,12.0,23.11,900.0,
121906.00,5318.756,614.0828,28.9,1.61,12.125,23.11,900.0,
121907.00,5318.755,614.0831,29.2,1.61,12.1875,23.11,900.0,
121908.00,5318.755,614.0836,28.8,1.61,12.25,23.11,900.0,
121910.00,5318.753,614.0842,29.0,1.61,12.3125,23.11,900.0,
121911.00,5318.752,614.0847,28.7,1.61,12.375,23.11,900.0,
121912.00,5318.752,614.0849,28.9,1.61,12.5,23.11,900.0,
121913.00,5318.751,614.085,28.9,1.61,12.5625,23.11,900.0,
121915.00,5318.75,614.0855,29.3,1.61,12.625,23.11,900.0,
121916.00,5318.75,614.0861,28.1,1.61,12.6875,23.11,900.0,
121917.00,5318.75,614.0864,28.3,1.61,12.75,23.11,900.0,
121918.00,5318.749,614.0867,27.8,1.61,12.8125,23.11,900.0,
121920.00,5318.749,614.0876,26.6,1.61,12.875,23.11,900.0,
121921.00,5318.749,614.0876,26.0,1.61,12.875,23.11,900.0,
121922.00,5318.748,614.0876,26.7,1.62,12.9375,23.11,900.0,
121923.00,5318.747,614.0886,26.6,1.62,12.9375,23.11,900.0,
121925.00,5318.746,614.0893,27.5,1.62,12.875,23.11,900.0,
121926.00,5318.745,614.0894,27.4,1.62,12.875,23.11,900.0,
121927.00,5318.744,614.0895,27.9,1.62,12.875,23.11,900.0,
121928.00,5318.744,614.0894,27.1,1.62,12.875,23.11,900.0,
121930.00,5318.744,614.0894,27.1,1.62,12.8125,23.11,900.0,
121931.00,5318.743,614.0886,27.3,1.62,12.6875,23.11,900.0,
121932.00,5318.742,614.0883,26.9,1.62,12.5625,23.11,900.0,
121933.00,5318.741,614.0877,26.8,1.62,12.4375,23.11,900.0,
121935.00,5318.74,614.0869,26.1,1.62,12.3125,23.11,900.0,
121936.00,5318.739,614.0866,26.2,1.62,12.1875,23.11,900.0,
121937.00,5318.739,614.0862,26.1,1.62,12.125,23.11,900.0,
121938.00,5318.736,614.0869,24.0,1.62,12.0625,23.11,900.0,
121940.00,5318.735,614.0854,21.2,1.62,11.875,23.11,900.0,
121941.00,5318.733,614.0847,19.4,1.62,11.8125,23.11,900.0,
121943.00,5318.732,614.0829,18.2,1.62,11.75,23.11,900.0,
121944.00,5318.732,614.0821,18.3,11.5,11.6875,23.11,900.0,
121945.00,5318.732,614.0811,18.6,11.54,11.625,23.11,900.0,
121947.00,5318.732,614.0793,22.2,1.62,11.5625,23.11,900.0,
121948.00,5318.732,614.078,23.0,1.62,11.5625,23.11,900.0,
121950.00,5318.733,614.0753,26.7,11.69,11.5,23.11,900.0,
121951.00,5318.733,614.0735,29.1,11.73,11.5,23.11,900.0,
121953.00,5318.736,614.07,35.3,1.62,11.5625,23.11,900.0,
121954.00,5318.737,614.0684,38.9,1.62,11.6875,23.11,900.0,
121955.00,5318.739,614.0664,43.5,1.62,11.75,23.11,900.0,
121957.00,5318.739,614.0641,44.8,1.62,11.8125,23.11,900.0,
121958.00,5318.739,614.0626,47.4,1.62,11.875,23.11,900.0,
122000.00,5318.74,614.0599,50.1,1.62,11.9375,23.11,900.0,
122001.00,5318.74,614.0588,50.9,1.62,11.9375,23.11,900.0,
122003.00,5318.74,614.0566,51.9,1.62,11.9375,23.11,900.0,
122004.00,5318.74,614.0551,52.1,1.62,11.9375,23.11,900.0,
122005.00,5318.741,614.0536,54.5,1.62,12.0,23.11,900.0,
122007.00,5318.742,614.0525,55.8,1.62,12.0,23.11,900.0,
122008.00,5318.742,614.052,55.9,1.62,12.0625,23.11,900.0,
122010.00,5318.741,614.0517,54.9,1.62,12.0625,23.11,900.0,
122011.00,5318.741,614.0516,55.2,12.41,12.125,23.11,900.0,
122013.00,5318.74,614.0516,53.8,12.48,12.1875,23.11,900.0,
122014.00,5318.739,614.0516,52.4,12.52,12.1875,23.11,900.0,
122016.00,5318.738,614.0519,49.4,12.59,12.1875,23.11,900.0,
122017.00,5318.738,614.0521,48.4,12.63,12.125,23.11,900.0,
122018.00,5318.737,614.0525,47.3,12.67,12.1875,23.11,900.0,
122020.00,5318.736,614.0529,45.4,12.74,12.25,23.11,900.0,
122021.00,5318.736,614.053,44.4,12.78,12.3125,23.11,900.0,
122023.00,5318.737,614.0525,44.1,1.62,12.3125,23.11,900.0,
122024.00,5318.738,614.0518,45.5,1.62,12.3125,23.11,900.0,
122026.00,5318.74,614.0497,49.9,1.62,12.3125,23.11,900.0,
122027.00,5318.74,614.0491,49.9,1.62,12.4375,23.11,900.0,
122028.00,5318.741,614.049,51.5,1.62,12.4375,23.11,900.0,
122030.00,5318.742,614.0483,56.0,1.62,12.5,23.11,900.0,
122031.00,5318.743,614.0483,57.7,1.62,12.5625,23.11,900.0,
122033.00,5318.744,614.0465,60.2,1.62,12.5625,23.11,900.0,
122034.00,5318.744,614.0453,61.4,1.62,12.625,23.11,900.0,
122036.00,5318.745,614.044,65.4,1.62,12.6875,23.11,900.0,
122037.00,5318.745,614.0436,67.4,1.62,12.6875,23.11,900.0,
122038.00,5318.745,614.0432,68.1,1.63,12.75,23.11,900.0,
122040.00,5318.746,614.0419,68.7,1.63,12.5625,23.11,900.0,
122041.00,5318.746,614.0414,68.4,1.63,12.5,23.11,900.0,
122043.00,5318.746,614.0408,67.3,1.63,12.4375,23.11,900.0,
122044.00,5318.746,614.0409,66.2,1.63,12.4375,23.11,900.0,
122046.00,5318.746,614.0406,64.7,1.63,12.5,23.11,900.0,
122047.00,5318.745,614.0409,63.7,1.63,12.5,23.11,900.0,
122048.00,5318.745,614.0411,63.2,1.63,12.5,23.11,900.0,
122050.00,5318.744,614.0417,61.5,1.63,12.5,23.11,900.0,
122051.00,5318.745,614.0413,61.1,1.63,12.5625,23.11,900.0,
122053.00,5318.745,614.0408,61.9,1.63,12.5625,23.11,900.0,
122054.00,5318.746,614.0408,61.7,1.63,12.5625,23.11,900.0,
122056.00,5318.747,614.0403,61.1,1.63,12.5625,23.11,900.0,
122057.00,5318.748,614.0394,59.7,1.63,12.5625,23.11,900.0,
122059.00,5318.748,614.0391,59.0,1.63,12.5625,23.11,900.0,
122100.00,5318.749,614.0389,58.0,1.63,12.5625,23.11,900.0,
122101.00,5318.749,614.0386,56.2,1.63,12.625,23.11,900.0,
122103.00,5318.748,614.0393,53.1,1.63,12.5625,23.11,900.0,
122104.00,0.0,0.0,0.0,14.66,12.625,23.11,900.0,
122106.00,0.0,0.0,0.0,14.77,12.625,23.11,900.0,
122107.00,0.0,0.0,0.0,14.82,12.625,23.11,900.0,
122109.00,0.0,0.0,0.0,14.92,12.625,23.11,900.0,
122107.00,0.0,0.0,0.0,14.97,12.6875,23.11,900.0,
122108.00,0.0,0.0,0.0,15.02,12.625,23.11,900.0,
122110.00,0.0,0.0,0.0,15.13,12.6875,23.11,900.0,
122111.00,0.0,0.0,0.0,15.18,12.6875,23.11,900.0,
122113.00,0.0,0.0,0.0,15.29,12.6875,23.11,900.0,
122114.00,0.0,0.0,0.0,15.35,12.6875,23.11,900.0,
122116.00,5318.74,614.0436,17.4,1.63,12.6875,23.11,900.0,
122117.00,5318.744,614.0407,27.4,1.63,12.75,23.11,900.0,
122118.00,5318.746,614.0393,32.3,1.63,12.75,23.11,900.0,
122120.00,5318.749,614.0375,38.7,1.63,12.75,23.11,900.0,
122121.00,5318.75,614.0367,41.5,1.63,12.75,23.11,900.0,
122123.00,5318.75,614.0365,42.6,1.63,12.8125,23.11,900.0,
122124.00,5318.75,614.0363,43.0,1.63,12.75,23.11,900.0,
122126.00,5318.746,614.0385,52.9,1.5,12.75,23.11,900.0,
122127.00,5318.745,614.0389,57.0,1.5,12.6875,23.11,900.0,
122128.00,5318.744,614.0394,59.1,1.5,12.75,23.11,900.0,
122130.00,5318.743,614.0404,62.8,1.5,12.75,23.11,900.0,
122131.00,5318.743,614.0405,63.9,1.5,12.8125,23.11,900.0,
122133.00,5318.742,614.0408,65.1,1.5,12.8125,23.11,900.0,
122134.00,5318.742,614.0408,65.3,1.5,12.8125,23.11,900.0,
122136.00,5318.742,614.0406,65.5,1.5,12.875,23.11,900.0,
122137.00,5318.742,614.0408,65.1,1.5,12.875,23.11,900.0,
122138.00,5318.742,614.0408,65.8,1.5,12.875,23.11,900.0,
122140.00,5318.743,614.0403,68.4,1.5,12.875,23.11,900.0,
122141.00,5318.743,614.0404,68.1,1.5,12.9375,23.11,900.0,
122143.00,5318.743,614.0402,68.7,1.5,12.875,23.11,900.0,
122144.00,5318.743,614.0402,68.8,1.5,12.9375,23.11,900.0,
122146.00,5318.743,614.0405,67.2,1.5,12.9375,23.11,900.0,
122147.00,5318.743,614.0405,67.4,1.5,12.9375,23.11,900.0,
122148.00,5318.742,614.0409,65.8,1.5,12.9375,23.11,900.0,
122150.00,5318.742,614.0413,64.4,1.5,12.9375,23.11,900.0,
122151.00,5318.742,614.0415,63.4,1.5,12.9375,23.11,900.0,
122153.00,5318.742,614.0413,64.6,1.5,12.9375,23.11,900.0,
122154.00,5318.742,614.0412,64.2,1.5,12.9375,23.11,900.0,
122156.00,5318.742,614.0413,64.7,1.5,12.9375,23.11,900.0,
122157.00,5318.742,614.0412,64.5,1.5,12.9375,23.11,900.0,
122158.00,5318.742,614.0411,65.0,1.5,13.0,23.11,900.0,
122200.00,5318.743,614.0409,65.1,1.5,13.0625,23.11,900.0,
122201.00,5318.744,614.0406,64.9,1.5,13.0625,23.11,900.0,
122203.00,5318.744,614.0406,65.4,1.5,13.0,23.11,900.0,
122204.00,5318.744,614.0405,66.1,1.5,13.0,23.11,900.0,
122206.00,5318.744,614.0404,65.7,1.5,12.9375,23.11,900.0,
122207.00,5318.744,614.0403,66.0,1.5,13.0,23.11,900.0,
122208.00,5318.744,614.0402,66.1,1.5,13.0,23.11,900.0,
122210.00,5318.744,614.0397,66.2,1.5,13.0,23.11,900.0,
122211.00,5318.744,614.0396,65.7,1.64,13.0,23.11,900.0,
122213.00,5318.745,614.0392,64.6,1.64,13.0625,23.11,900.0,
122214.00,5318.745,614.0392,65.3,1.5,13.0625,23.11,900.0,
122216.00,5318.745,614.0388,66.6,1.5,13.0625,23.11,900.0,
122217.00,5318.745,614.0388,67.1,1.5,13.0625,23.11,900.0,
122219.00,5318.745,614.0386,67.1,1.5,13.0625,23.11,900.0,
122220.00,5318.745,614.0384,66.8,1.5,13.0,23.11,900.0,
122221.00,5318.745,614.0379,67.3,1.5,13.0,23.11,900.0,
122223.00,5318.746,614.0377,66.1,1.5,13.0625,23.11,900.0,
122224.00,5318.746,614.0376,65.9,1.5,13.0625,23.11,900.0,
122226.00,5318.746,614.0374,67.2,1.5,13.0625,23.11,900.0,
122227.00,5318.746,614.0374,67.8,1.5,13.125,23.11,900.0,
122229.00,5318.746,614.0376,67.5,1.5,13.0625,23.11,900.0,
122230.00,5318.746,614.0376,67.7,1.5,13.0625,23.11,900.0,
122231.00,5318.746,614.0374,68.7,1.5,13.0625,23.11,900.0,
122233.00,5318.747,614.037,71.3,1.5,13.0625,23.11,900.0,
122234.00,5318.747,614.0368,72.6,1.5,13.125,23.11,900.0,
122236.00,5318.747,614.0368,75.3,1.5,13.125,23.11,900.0,
122237.00,5318.747,614.0369,76.4,1.5,13.125,23.11,900.0,
122239.00,5318.746,614.0373,78.0,1.5,13.125,23.11,900.0,
122240.00,5318.747,614.0374,79.3,1.5,13.125,23.11,900.0,
122241.00,5318.746,614.0377,79.9,1.5,13.0625,23.11,900.0,
122243.00,5318.746,614.038,80.7,1.5,13.0,23.11,900.0,
122244.00,5318.746,614.0381,81.8,1.5,13.0,23.11,900.0,
122246.00,5318.746,614.038,82.4,1.5,12.9375,23.11,900.0,
122247.00,5318.746,614.0381,82.9,1.5,12.9375,23.11,900.0,
122249.00,5318.747,614.0383,83.8,1.5,12.875,23.11,900.0,
122250.00,5318.747,614.0381,84.2,1.5,12.8125,23.11,900.0,
122251.00,5318.747,614.0383,84.0,1.5,12.8125,23.11,900.0,
122253.00,5318.747,614.0385,85.4,1.5,12.75,23.11,900.0,
122254.00,5318.747,614.0386,85.9,1.5,12.75,23.11,900.0,
122256.00,5318.748,614.0387,87.4,1.5,12.75,23.11,900.0,
122257.00,5318.747,614.0389,87.7,1.5,12.6875,23.11,900.0,
122259.00,5318.747,614.0391,88.4,1.5,12.75,23.11,900.0,
122300.00,5318.747,614.0391,87.9,1.5,12.75,23.11,900.0,
122302.00,5318.746,614.0393,88.6,1.5,12.75,23.11,900.0,
122303.00,5318.747,614.0394,88.5,1.5,12.8125,23.11,900.0,
122305.00,5318.747,614.0395,88.4,1.5,12.8125,23.11,900.0,
122306.00,5318.748,614.0394,88.2,1.5,12.75,23.11,900.0,
122307.00,5318.749,614.0392,88.5,1.65,12.8125,23.11,900.0,
122309.00,5318.75,614.0388,88.9,1.65,12.8125,23.11,900.0,
122310.00,5318.75,614.0388,89.1,1.65,12.8125,23.11,900.0,
122312.00,5318.75,614.0389,88.0,1.65,12.875,23.11,900.0,
122313.00,5318.75,614.0391,88.1,1.65,12.875,23.11,900.0,
122315.00,5318.75,614.0396,87.2,1.5,12.875,23.11,900.0,
122316.00,5318.75,614.0396,87.1,1.5,12.875,23.11,900.0,
122317.00,5318.75,614.0397,86.8,1.5,12.9375,23.11,900.0,
122319.00,5318.75,614.0401,87.5,1.5,12.9375,23.11,900.0,
122320.00,5318.75,614.0401,88.0,1.5,12.9375,23.11,900.0,
122322.00,5318.749,614.0404,89.5,1.5,12.9375,23.11,900.0,
122323.00,5318.749,614.0408,89.9,1.5,12.9375,23.11,900.0,
122325.00,5318.748,614.0413,90.6,1.5,13.0,23.11,900.0,
122326.00,5318.749,614.0411,90.6,1.65,13.0,23.11,900.0,
122327.00,5318.749,614.0408,90.1,1.65,13.0,23.11,900.0,
122329.00,5318.75,614.0408,88.4,1.65,12.9375,23.11,900.0,
122330.00,5318.75,614.0408,87.4,1.65,12.9375,23.11,900.0,
122332.00,5318.749,614.0412,88.0,1.6,13.0,23.11,900.0,
122333.00,5318.749,614.0415,89.7,1.6,13.0,23.11,900.0,
122335.00,5318.75,614.0413,88.8,3.16,13.0,23.11,900.0,
122336.00,5318.75,614.0412,87.4,3.16,13.0,23.11,900.0,
122337.00,5318.75,614.0414,85.8,3.16,13.0,23.11,900.0,
122339.00,5318.751,614.041,85.4,1.65,13.0,23.11,900.0,
122340.00,5318.752,614.0409,84.4,1.65,13.0625,23.11,900.0,
122342.00,5318.751,614.041,81.0,1.65,13.0625,23.11,900.0,
122343.00,5318.751,614.0411,80.6,1.5,13.0625,23.11,900.0,
122344.00,5318.751,614.0412,80.3,1.5,13.125,23.11,900.0,
122346.00,5318.752,614.0411,81.5,1.5,13.0625,23.11,900.0,
122347.00,5318.751,614.0414,81.1,1.5,13.125,23.11,900.0,
122348.00,5318.75,614.0419,80.1,1.5,13.125,23.11,900.0,
122349.00,5318.75,614.0422,79.9,1.5,13.125,23.11,900.0,
122351.00,5318.75,614.0424,79.9,1.5,13.0625,23.11,900.0,
122352.00,5318.749,614.0428,79.3,1.5,13.125,23.11,900.0,
122353.00,5318.749,614.0429,79.5,1.5,13.125,23.11,900.0,
122354.00,5318.749,614.0432,79.4,1.5,13.125,23.11,900.0,
122356.00,5318.748,614.0436,79.4,1.5,13.1875,23.11,900.0,
122357.00,5318.748,614.0436,79.4,1.5,13.1875,23.11,900.0,
122358.00,5318.746,614.0444,77.0,1.5,13.1875,23.11,900.0,
122359.00,5318.746,614.0446,77.0,1.5,13.125,23.11,900.0,
122401.00,5318.745,614.045,75.9,1.5,13.125,23.11,900.0,
122402.00,0.0,0.0,0.0,20.57,13.125,23.11,900.0,
122403.00,0.0,0.0,0.0,20.59,13.125,23.11,900.0,
122404.00,0.0,0.0,0.0,20.61,13.1875,23.11,900.0,
122406.00,0.0,0.0,0.0,20.64,13.125,23.11,900.0,
122407.00,0.0,0.0,0.0,20.65,13.125,23.11,900.0,
122408.00,0.0,0.0,0.0,20.67,13.0625,23.11,900.0,
122409.00,0.0,0.0,0.0,20.68,13.0,23.11,900.0,
122411.00,0.0,0.0,0.0,20.71,13.0,23.11,900.0,
122412.00,0.0,0.0,0.0,20.72,13.0625,23.11,900.0,
122413.00,0.0,0.0,0.0,20.73,13.0625,23.11,900.0,
122414.00,0.0,0.0,0.0,20.74,13.0625,23.11,900.0,
122416.00,5318.733,614.0525,52.8,1.6,13.125,23.11,900.0,
122417.00,5318.732,614.0535,49.6,1.6,13.1875,23.11,900.0,
122418.00,5318.731,614.0538,49.6,1.6,13.1875,23.11,900.0,
122419.00,5318.73,614.0544,47.3,1.6,13.25,23.11,900.0,
122421.00,5318.731,614.0544,50.2,1.6,13.25,23.11,900.0,
122422.00,5318.73,614.0549,48.0,1.61,13.25,23.11,900.0,
122423.00,5318.73,614.0551,48.3,1.61,13.1875,23.11,900.0,
122424.00,5318.729,614.0554,47.7,1.61,13.1875,23.11,900.0,
122426.00,5318.729,614.0559,47.8,1.61,13.25,23.11,900.0,
122427.00,5318.73,614.0557,50.4,1.61,13.25,23.11,900.0,
122428.00,5318.729,614.056,49.5,1.61,13.25,23.11,900.0,
122430.00,5318.73,614.0559,51.3,1.61,13.25,23.11,900.0,
122431.00,5318.73,614.056,51.7,1.61,13.25,23.11,900.0,
122432.00,5318.73,614.0561,51.4,1.61,13.25,23.11,900.0,
122433.00,5318.73,614.0562,51.0,1.61,13.25,23.11,900.0,
122435.00,5318.729,614.0564,50.6,1.61,13.1875,23.11,900.0,
122436.00,5318.729,614.0564,51.0,1.5,13.25,23.11,900.0,
122437.00,5318.73,614.0562,52.8,1.5,13.1875,23.11,900.0,
122438.00,5318.731,614.0561,53.9,1.5,13.125,23.11,900.0,
122440.00,5318.731,614.0562,55.1,1.5,13.0625,23.11,900.0,
122441.00,5318.732,614.0561,55.8,1.5,13.0625,23.11,900.0,
122442.00,5318.733,614.0558,58.4,1.5,13.125,23.11,900.0,
122443.00,5318.733,614.0557,59.0,1.5,13.125,23.11,900.0,
122445.00,5318.733,614.0553,60.0,1.5,13.125,23.11,900.0,
122446.00,5318.734,614.0549,61.1,1.5,13.125,23.11,900.0,
122447.00,5318.734,614.0545,61.8,1.5,13.125,23.11,900.0,
122448.00,5318.735,614.0543,62.4,1.5,13.125,23.11,900.0,
122450.00,5318.736,614.0535,65.5,1.5,13.1875,23.11,900.0,
122451.00,5318.736,614.0533,65.4,1.5,13.25,23.11,900.0,
122452.00,5318.736,614.0533,65.1,1.5,13.25,23.11,900.0,
122453.00,5318.736,614.0532,65.0,1.5,13.25,23.11,900.0,
122455.00,5318.737,614.0528,65.2,1.5,13.25,23.11,900.0,
122456.00,5318.737,614.0524,66.3,1.5,13.25,23.11,900.0,
122457.00,5318.738,614.0521,67.1,1.5,13.25,23.11,900.0,
122458.00,5318.738,614.0519,67.7,1.5,13.25,23.11,900.0,
122500.00,5318.739,614.0513,69.6,1.5,13.25,23.11,900.0,
122501.00,5318.739,614.0511,69.7,1.5,13.25,23.11,900.0,
122502.00,5318.74,614.0508,70.3,1.5,13.25,23.11,900.0,
122503.00,5318.74,614.0507,69.7,1.5,13.25,23.11,900.0,
122505.00,5318.741,614.0499,72.2,1.5,13.25,23.11,900.0,
122506.00,5318.741,614.0497,72.1,1.5,13.25,23.11,900.0,
122507.00,5318.741,614.0499,72.3,1.5,13.25,23.11,900.0,
122508.00,5318.741,614.0497,72.4,1.5,13.3125,23.11,900.0,
122510.00,5318.742,614.0493,74.4,1.5,13.25,23.11,900.0,
122511.00,5318.742,614.0491,75.5,1.5,13.3125,23.11,900.0,
122512.00,5318.742,614.0488,76.6,1.5,13.25,23.11,900.0,
122513.00,5318.743,614.0485,77.4,1.5,13.25,23.11,900.0,
122515.00,5318.744,614.0481,78.6,1.5,13.25,23.11,900.0,
122516.00,5318.744,614.048,79.1,1.5,13.25,23.11,900.0,
122517.00,5318.744,614.0476,80.0,1.5,13.25,23.11,900.0,
122518.00,5318.744,614.0476,79.8,1.5,13.1875,23.11,900.0,
122520.00,5318.745,614.0472,82.5,1.5,13.1875,23.11,900.0,
122521.00,5318.745,614.0469,84.1,1.5,13.1875,23.11,900.0,
122522.00,5318.745,614.0471,84.0,1.5,13.1875,23.11,900.0,
122523.00,5318.746,614.0466,86.7,1.5,13.1875,23.11,900.0,
122525.00,5318.746,614.0468,86.6,1.5,13.125,23.11,900.0,
122526.00,5318.745,614.0469,86.3,1.5,13.125,23.11,900.0,
122527.00,5318.746,614.0468,87.0,1.5,13.0625,23.11,900.0,
122528.00,5318.746,614.0467,86.7,1.5,13.0625,23.11,900.0,
122530.00,5318.746,614.0467,85.5,1.5,13.0625,23.11,900.0,
122531.00,5318.745,614.0469,84.0,1.5,13.125,23.11,900.0,
122532.00,5318.745,614.0471,82.8,1.5,13.0625,23.11,900.0,
122533.00,5318.744,614.0471,82.3,1.5,13.0625,23.11,900.0,
122535.00,5318.744,614.0474,81.2,1.5,13.125,23.11,900.0,
122536.00,5318.744,614.0473,81.8,1.5,13.125,23.11,900.0,
122537.00,5318.744,614.0471,82.9,1.5,13.125,23.11,900.0,
122538.00,5318.744,614.0469,83.5,1.5,13.125,23.11,900.0,
122540.00,5318.744,614.0473,82.4,1.5,13.1875,23.11,900.0,
122541.00,5318.744,614.0475,81.5,1.5,13.1875,23.11,900.0,
122542.00,5318.744,614.0477,80.8,1.5,13.125,23.11,900.0,
122543.00,5318.744,614.0477,80.7,1.5,13.125,23.11,900.0,
122545.00,5318.744,614.0477,81.6,1.5,13.125,23.11,900.0,
122546.00,5318.743,614.0479,81.3,1.5,13.125,23.11,900.0,
122547.00,5318.743,614.0479,80.6,1.5,13.125,23.11,900.0,
122548.00,5318.743,614.0477,80.7,1.5,13.125,23.11,900.0,
122550.00,5318.744,614.0472,83.2,1.5,13.0625,23.11,900.0,
122551.00,5318.744,614.0472,84.2,1.5,13.0625,23.11,900.0,
122552.00,5318.744,614.0473,84.2,1.5,13.0,23.11,900.0,
122553.00,5318.743,614.0475,84.2,1.5,12.875,23.11,900.0,
122555.00,5318.743,614.0477,85.2,1.61,12.8125,23.11,900.0,
122556.00,5318.742,614.0481,84.4,1.61,12.8125,23.11,900.0,
122557.00,5318.742,614.0482,84.6,1.61,12.8125,23.11,900.0,
122558.00,5318.743,614.0479,85.4,1.61,12.75,23.11,900.0,
122600.00,5318.742,614.0477,83.6,1.61,12.75,23.11,900.0,
122601.00,5318.743,614.0477,84.2,1.61,12.6875,23.11,900.0,
122602.00,5318.742,614.048,82.6,1.61,12.6875,23.11,900.0,
122604.00,5318.742,614.048,81.3,1.61,12.625,23.11,900.0,
122605.00,5318.742,614.0479,81.7,1.61,12.625,23.11,900.0,
122606.00,5318.742,614.0481,80.4,1.61,12.5625,23.11,900.0,
122607.00,5318.742,614.048,79.9,1.61,12.5625,23.11,900.0,
122609.00,5318.742,614.0477,80.6,1.62,12.625,23.11,900.0,
122610.00,5318.742,614.0478,79.4,1.62,12.625,23.11,900.0,
122611.00,5318.742,614.048,77.6,1.62,12.625,23.11,900.0,
122612.00,5318.741,614.048,76.3,1.62,12.625,23.11,900.0,
122614.00,5318.741,614.0479,76.1,1.62,12.5625,23.11,900.0,
122615.00,5318.741,614.0481,74.9,1.62,12.5625,23.11,900.0,
122616.00,5318.742,614.0477,75.4,1.62,12.5625,23.11,900.0,
122617.00,5318.741,614.0477,75.7,1.51,12.5625,23.11,900.0,
122619.00,5318.741,614.048,75.0,1.51,12.625,23.11,900.0,
122620.00,5318.741,614.048,74.9,1.51,12.625,23.11,900.0,
122621.00,5318.741,614.0483,73.5,1.51,12.6875,23.11,900.0,
122622.00,5318.741,614.0483,73.4,1.51,12.6875,23.11,900.0,
122624.00,5318.741,614.048,74.2,1.51,12.6875,23.11,900.0,
122625.00,5318.741,614.048,74.1,1.51,12.75,23.11,900.0,
122626.00,5318.741,614.0477,73.9,1.51,12.75,23.11,900.0,
122627.00,5318.741,614.0477,72.9,1.51,12.75,23.11,900.0,
122629.00,5318.741,614.0476,72.4,1.51,12.8125,23.11,900.0,
122630.00,5318.741,614.0475,72.4,1.51,12.8125,23.11,900.0,
122631.00,5318.741,614.0474,71.9,1.51,12.8125,23.11,900.0,
122632.00,5318.741,614.0474,71.8,1.51,12.875,23.11,900.0,
122634.00,5318.741,614.0474,71.5,1.51,12.8125,23.11,900.0,
122635.00,5318.741,614.0474,71.3,1.51,12.875,23.11,900.0,
122636.00,5318.741,614.0472,71.5,1.51,12.9375,23.11,900.0,
122637.00,5318.741,614.0471,71.1,1.51,12.875,23.11,900.0,
122639.00,5318.741,614.0472,69.0,1.51,12.9375,23.11,900.0,
122640.00,5318.741,614.0472,69.0,1.62,12.9375,23.11,900.0,
122641.00,5318.741,614.0472,68.1,1.51,12.9375,23.11,900.0,
122642.00,5318.741,614.0473,67.4,1.51,12.9375,23.11,900.0,
122644.00,5318.74,614.0473,66.6,1.51,12.9375,23.11,900.0,
122645.00,5318.74,614.0473,66.0,1.51,12.9375,23.11,900.0,
122646.00,5318.741,614.0469,66.7,1.51,12.9375,23.11,900.0,
122647.00,5318.741,614.0466,66.7,1.51,12.9375,23.11,900.0,
122649.00,5318.741,614.0457,67.6,1.62,12.875,23.11,900.0,
122650.00,5318.741,614.0456,67.5,1.62,12.875,23.11,900.0,
122651.00,5318.741,614.0452,68.2,1.51,12.875,23.11,900.0,
122652.00,5318.742,614.045,68.2,1.62,12.875,23.11,900.0,
122654.00,5318.742,614.0445,68.1,1.62,12.875,23.11,900.0,
122655.00,5318.742,614.0444,68.4,1.62,12.875,23.11,900.0,
122656.00,5318.742,614.0444,67.9,1.62,12.875,23.11,900.0,
122657.00,5318.742,614.0442,68.0,1.62,12.875,23.11,900.0,
122659.00,5318.742,614.0438,68.8,1.62,12.875,23.11,900.0,
122700.00,5318.742,614.0436,68.9,1.51,12.8125,23.11,900.0,
122701.00,5318.743,614.0432,68.8,1.51,12.8125,23.11,900.0,
122702.00,5318.743,614.043,68.9,1.51,12.75,23.11,900.0,
122704.00,5318.743,614.0428,70.9,1.51,12.75,23.11,900.0,
122705.00,5318.744,614.0427,71.1,1.51,12.75,23.11,900.0,
122706.00,5318.744,614.0422,72.1,1.51,12.75,23.11,900.0,
122707.00,5318.744,614.0419,73.4,1.51,12.75,23.11,900.0,
122709.00,5318.745,614.0415,75.1,1.51,12.6875,23.11,900.0,
122710.00,5318.745,614.0413,76.0,1.51,12.6875,23.11,900.0,
122711.00,5318.745,614.0413,75.7,1.51,12.6875,23.11,900.0,
122712.00,5318.745,614.0411,75.3,1.51,12.625,23.11,900.0,
122714.00,5318.745,614.0411,75.5,1.51,12.5625,23.11,900.0,
122715.00,5318.745,614.0411,76.1,1.51,12.5625,23.11,900.0,
122716.00,5318.745,614.0412,76.4,1.51,12.5,23.11,900.0,
122717.00,5318.745,614.0411,77.0,1.51,12.5,23.11,900.0,
122719.00,5318.746,614.0413,79.2,1.51,12.5,23.11,900.0,
122720.00,5318.746,614.0414,80.1,1.51,12.5,23.11,900.0,
122721.00,5318.746,614.0415,80.7,1.51,12.5,23.11,900.0,
122722.00,5318.746,614.0416,81.4,1.51,12.5,23.11,900.0,
122724.00,5318.746,614.0417,82.7,1.51,12.4375,23.11,900.0,
122725.00,5318.746,614.0419,83.8,1.51,12.4375,23.11,900.0,
122726.00,5318.746,614.0421,85.0,1.51,12.4375,23.11,900.0,
122727.00,5318.746,614.0422,85.3,1.51,12.4375,23.11,900.0,
122729.00,5318.746,614.0424,86.5,1.51,12.4375,23.11,900.0,
122730.00,5318.746,614.0425,87.2,1.51,12.4375,23.11,900.0,
122731.00,5318.746,614.0428,88.0,1.51,12.4375,23.11,900.0,
122732.00,5318.746,614.0428,88.9,1.51,12.5,23.11,900.0,
122734.00,5318.746,614.0429,89.9,1.51,12.4375,23.11,900.0,
122735.00,5318.747,614.0427,89.6,1.62,12.4375,23.11,900.0,
122736.00,5318.746,614.0423,89.3,1.51,12.5,23.11,900.0,
122737.00,5318.746,614.0424,89.5,1.51,12.5,23.11,900.0,
122739.00,5318.746,614.0423,90.1,1.51,12.5625,23.11,900.0,
122740.00,5318.746,614.042,89.7,1.51,12.5625,23.11,900.0,
122741.00,5318.747,614.0411,87.3,1.51,12.5625,23.11,900.0,
122742.00,5318.748,614.0404,85.5,1.51,12.5625,23.11,900.0,
122744.00,5318.748,614.0396,83.0,1.51,12.625,23.11,900.0,
122745.00,5318.749,614.0391,81.8,1.51,12.625,23.11,900.0,
122746.00,5318.749,614.0385,80.5,1.51,12.625,23.11,900.0,
122747.00,5318.749,614.0378,79.2,1.51,12.6875,23.11,900.0,
122749.00,5318.749,614.0373,77.4,1.51,12.625,23.11,900.0,
122750.00,5318.75,614.0367,76.5,1.51,12.625,23.11,900.0,
122751.00,5318.75,614.0365,76.0,1.51,12.5625,23.11,900.0,
122752.00,5318.749,614.0369,77.1,1.63,12.5625,23.11,900.0,
122754.00,5318.749,614.0376,78.5,1.63,12.5625,23.11,900.0,
122755.00,5318.749,614.0378,79.1,1.63,12.5625,23.11,900.0,
122756.00,5318.749,614.0381,79.9,1.63,12.5625,23.11,900.0,
122757.00,5318.749,614.0384,80.6,1.63,12.5625,23.11,900.0,
122759.00,5318.748,614.0391,81.9,1.63,12.625,23.11,900.0,
122800.00,5318.748,614.0394,82.3,1.51,12.625,23.11,900.0,
122801.00,5318.748,614.0397,82.9,1.51,12.625,23.11,900.0,
122802.00,5318.748,614.0401,83.5,1.51,12.6875,23.11,900.0,
122804.00,5318.748,614.0407,85.0,1.51,12.6875,23.11,900.0,
122805.00,5318.748,614.0409,85.4,1.51,12.6875,23.11,900.0,
122806.00,5318.748,614.0411,85.5,1.51,12.6875,23.11,900.0,
122807.00,5318.748,614.0413,85.5,1.51,12.75,23.11,900.0,
122809.00,5318.748,614.0414,86.1,1.51,12.75,23.11,900.0,
122810.00,5318.747,614.0417,86.3,1.51,12.6875,23.11,900.0,
122811.00,5318.747,614.0419,86.3,1.51,12.6875,23.11,900.0,
122812.00,5318.747,614.0421,86.3,1.51,12.625,23.11,900.0,
122814.00,5318.747,614.0423,86.3,1.51,12.5,23.11,900.0,
122815.00,5318.747,614.0424,86.6,1.51,12.4375,23.11,900.0,
122816.00,5318.747,614.0425,87.0,1.51,12.375,23.11,900.0,
122817.00,5318.747,614.0425,87.4,1.51,12.3125,23.11,900.0,
122819.00,5318.747,614.0425,88.2,1.51,12.375,23.11,900.0,
122820.00,5318.747,614.0425,88.3,1.51,12.375,23.11,900.0,
122821.00,5318.747,614.0424,88.3,1.51,12.375,23.11,900.0,
122822.00,5318.747,614.0424,88.3,1.51,12.375,23.11,900.0,
122824.00,5318.747,614.0424,89.0,1.51,12.375,23.11,900.0,
122825.00,5318.747,614.0424,89.0,1.51,12.4375,23.11,900.0,
122826.00,5318.747,614.0425,89.4,1.51,12.375,23.11,900.0,
122827.00,5318.746,614.0433,86.8,1.51,12.375,23.11,900.0,
122829.00,5318.746,614.0433,87.3,1.51,12.4375,23.11,900.0,
122830.00,5318.746,614.0435,87.2,1.51,12.4375,23.11,900.0,
122831.00,5318.746,614.0436,87.2,1.51,12.4375,23.11,900.0,
122832.00,5318.746,614.0436,86.4,1.51,12.5,23.11,900.0,
122834.00,5318.746,614.0434,85.9,1.51,12.5,23.11,900.0,
122835.00,5318.746,614.0433,86.1,1.51,12.5,23.11,900.0,
122836.00,5318.746,614.0433,86.3,1.51,12.5625,23.11,900.0,
122837.00,5318.746,614.0435,86.4,1.51,12.625,23.11,900.0,
122839.00,5318.746,614.0433,86.0,1.51,12.625,23.11,900.0,
122840.00,5318.746,614.0432,86.4,1.51,12.625,23.11,900.0,
122841.00,5318.746,614.0432,86.5,1.51,12.6875,23.11,900.0,
122842.00,5318.746,614.0433,86.5,1.51,12.6875,23.11,900.0,
122844.00,5318.745,614.0433,85.9,1.51,12.6875,23.11,900.0,
122845.00,5318.745,614.0433,85.4,1.51,12.75,23.11,900.0,
122846.00,5318.745,614.0432,84.8,1.51,12.6875,23.11,900.0,
122847.00,5318.745,614.0433,84.5,1.51,12.6875,23.11,900.0,
122849.00,5318.745,614.0433,84.0,1.51,12.6875,23.11,900.0,
122850.00,5318.745,614.0432,84.0,1.51,12.6875,23.11,900.0,
122851.00,5318.745,614.0432,84.2,1.51,12.6875,23.11,900.0,
122852.00,5318.745,614.043,83.5,1.71,12.6875,23.11,900.0,
122854.00,5318.745,614.0427,82.8,1.51,12.75,23.11,900.0,
122855.00,5318.745,614.0428,83.2,1.51,12.75,23.11,900.0,
122856.00,5318.745,614.0428,82.7,1.71,12.75,23.11,900.0,
122857.00,5318.745,614.0427,82.4,1.71,12.75,23.11,900.0,
122859.00,5318.745,614.0425,81.9,1.71,12.75,23.11,900.0,
122900.00,5318.744,614.0427,79.8,1.71,12.6875,23.11,900.0,
122901.00,5318.744,614.0425,79.4,1.71,12.6875,23.11,900.0,
122902.00,5318.744,614.0427,80.3,1.71,12.6875,23.11,900.0,
122904.00,5318.744,614.0432,83.2,1.51,12.625,23.11,900.0,
122905.00,5318.744,614.0432,83.4,1.51,12.625,23.11,900.0,
122906.00,5318.744,614.0431,84.2,1.51,12.625,23.11,900.0,
122907.00,5318.744,614.043,84.7,1.51,12.625,23.11,900.0,
122909.00,5318.744,614.0431,86.4,1.51,12.6875,23.11,900.0,
122910.00,5318.744,614.0429,86.6,1.51,12.6875,23.11,900.0,
122911.00,5318.744,614.0429,87.5,1.51,12.6875,23.11,900.0,
122912.00,5318.744,614.0429,88.0,1.51,12.6875,23.11,900.0,
122914.00,5318.744,614.043,88.7,1.51,12.625,23.11,900.0,
122915.00,5318.744,614.0427,88.7,1.51,12.5625,23.11,900.0,
122916.00,5318.744,614.0427,89.9,1.51,12.5625,23.11,900.0,
122917.00,5318.744,614.0425,90.0,1.51,12.5625,23.11,900.0,
122919.00,5318.745,614.042,91.1,1.51,12.625,23.11,900.0,
122920.00,5318.745,614.0417,91.3,1.51,12.625,23.11,900.0,
122921.00,5318.745,614.0415,92.1,1.51,12.625,23.11,900.0,
122922.00,5318.745,614.0414,93.1,1.51,12.625,23.11,900.0,
122924.00,5318.746,614.041,93.0,1.51,12.625,23.11,900.0,
122925.00,5318.746,614.0408,93.0,1.51,12.625,23.11,900.0,
122926.00,5318.746,614.0408,93.3,1.51,12.6875,23.11,900.0,
122927.00,5318.746,614.0409,93.3,1.51,12.6875,23.11,900.0,
122929.00,5318.746,614.0407,93.1,1.64,12.6875,23.11,900.0,
122930.00,5318.746,614.0407,93.0,1.64,12.75,23.11,900.0,
122931.00,5318.746,614.0405,92.7,1.64,12.75,23.11,900.0,
122932.00,5318.746,614.0408,93.3,1.51,12.75,23.11,900.0,
122934.00,5318.747,614.0405,92.4,1.51,12.75,23.11,900.0,
122935.00,5318.746,614.0405,92.5,1.51,12.75,23.11,900.0,
122936.00,5318.747,614.0408,92.6,1.51,12.8125,23.11,900.0,
122937.00,5318.747,614.0406,92.5,1.64,12.8125,23.11,900.0,
122939.00,5318.747,614.0406,91.9,1.64,12.75,23.11,900.0,
122940.00,5318.747,614.0408,91.6,1.64,12.75,23.11,900.0,
122941.00,5318.746,614.0415,89.2,1.64,12.8125,23.11,900.0,
122942.00,5318.745,614.0424,89.8,1.51,12.8125,23.11,900.0,
122944.00,5318.745,614.0436,91.4,1.51,12.8125,23.11,900.0,
122945.00,5318.745,614.0443,92.3,1.51,12.8125,23.11,900.0,
122946.00,5318.744,614.0449,93.0,1.51,12.875,23.11,900.0,
122947.00,5318.744,614.0452,93.6,1.51,12.875,23.11,900.0,
122949.00,5318.744,614.0461,94.8,1.51,12.875,23.11,900.0,
122950.00,5318.744,614.0464,95.4,1.51,12.9375,23.11,900.0,
122951.00,5318.744,614.0469,95.7,1.51,12.9375,23.11,900.0,
122952.00,5318.744,614.0473,96.2,1.51,12.9375,23.11,900.0,
122954.00,5318.744,614.048,97.5,1.51,12.9375,23.11,900.0,
122955.00,5318.744,614.0479,96.7,1.51,12.9375,23.11,900.0,
122956.00,5318.744,614.0477,96.4,1.51,12.9375,23.11,900.0,
122957.00,5318.744,614.0477,95.3,1.51,13.0,23.11,900.0,
122959.00,5318.744,614.0477,94.8,1.51,13.0,23.11,900.0,
123000.00,5318.744,614.0474,93.9,1.51,13.0,23.11,900.0,
123001.00,5318.745,614.0471,93.1,1.51,13.0,23.11,900.0,
123002.00,5318.745,614.0473,93.0,1.51,13.0625,23.11,900.0,
123004.00,5318.745,614.0475,92.7,1.51,13.0,23.11,900.0,
123005.00,5318.745,614.0474,92.3,1.51,13.0,23.11,900.0,
123006.00,5318.746,614.0474,91.9,1.51,13.0625,23.11,900.0,
123007.00,5318.746,614.0477,91.4,1.51,13.0625,23.11,900.0,
123009.00,5318.745,614.0485,90.8,1.51,13.0625,23.11,900.0,
123010.00,5318.745,614.049,90.7,1.51,13.0625,23.11,900.0,
123011.00,5318.745,614.0493,90.5,1.51,13.0625,23.11,900.0,
123012.00,5318.745,614.0496,89.7,1.51,13.0625,23.11,900.0,
123014.00,5318.745,614.0496,90.2,1.51,13.0625,23.11,900.0,
123015.00,5318.745,614.0496,90.7,1.51,13.0625,23.11,900.0,
123016.00,5318.745,614.0496,90.7,1.51,13.0625,23.11,900.0,
123017.00,5318.746,614.0499,90.6,1.51,13.125,23.11,900.0,
123019.00,5318.746,614.05,90.2,1.51,13.0625,23.11,900.0,
123020.00,5318.746,614.05,90.0,1.51,13.0625,23.11,900.0,
123021.00,5318.746,614.05,89.9,1.51,13.0625,23.11,900.0,
123022.00,5318.746,614.0499,90.1,1.64,13.0625,23.11,900.0,
123024.00,5318.746,614.0503,89.7,1.64,13.0625,23.11,900.0,
123025.00,5318.746,614.0505,89.6,1.64,13.0625,23.11,900.0,
123026.00,5318.746,614.0506,89.5,1.64,13.0625,23.11,900.0,
123027.00,5318.747,614.0508,89.5,1.64,13.0625,23.11,900.0,
123029.00,5318.746,614.0504,90.0,1.64,13.125,23.11,900.0,
123030.00,5318.746,614.0505,90.1,1.64,13.125,23.11,900.0,
123031.00,5318.746,614.0505,90.2,1.64,13.0625,23.11,900.0,
123032.00,5318.746,614.0504,90.2,1.64,13.125,23.11,900.0,
123034.00,5318.746,614.0504,90.4,1.65,13.0625,23.11,900.0,
123035.00,5318.746,614.0508,90.7,1.51,13.0625,23.11,900.0,
123036.00,5318.746,614.0513,90.8,1.51,13.0625,23.11,900.0,
123037.00,5318.746,614.0517,91.1,1.51,13.0,23.11,900.0,
123039.00,5318.746,614.0524,92.2,1.51,12.9375,23.11,900.0,
123040.00,5318.746,614.0526,92.4,1.51,12.9375,23.11,900.0,
123041.00,5318.746,614.0529,93.1,1.51,12.9375,23.11,900.0,
123042.00,5318.746,614.0531,93.0,1.51,12.9375,23.11,900.0,
123044.00,5318.746,614.0533,93.8,1.51,12.9375,23.11,900.0,
123045.00,5318.746,614.0537,93.5,1.51,12.9375,23.11,900.0,
123046.00,5318.746,614.054,94.1,1.51,12.9375,23.11,900.0,
123047.00,5318.745,614.054,93.9,1.51,12.9375,23.11,900.0,
123049.00,5318.745,614.0535,94.4,1.51,12.9375,23.11,900.0,
123050.00,5318.745,614.0532,94.9,1.51,13.0,23.11,900.0,
123051.00,5318.745,614.0529,95.2,1.51,12.9375,23.11,900.0,
123052.00,5318.745,614.0529,95.5,1.51,13.0,23.11,900.0,
123054.00,5318.745,614.0532,95.3,1.51,13.0,23.11,900.0,
123055.00,5318.744,614.0533,95.3,1.51,12.9375,23.11,900.0,
123056.00,5318.744,614.0532,95.7,1.51,13.0,23.11,900.0,
123057.00,5318.744,614.0532,96.3,1.51,12.9375,23.11,900.0,
123059.00,5318.744,614.0532,97.5,1.51,13.0,23.11,900.0,
123100.00,5318.744,614.0531,98.0,1.51,13.0,23.11,900.0,
123101.00,5318.744,614.0532,98.6,1.51,13.0,23.11,900.0,
123102.00,5318.744,614.0531,98.7,1.51,12.9375,23.11,900.0,
123104.00,5318.744,614.053,99.1,1.51,12.9375,23.11,900.0,
123105.00,5318.744,614.053,99.1,1.51,13.0,23.11,900.0,
123106.00,5318.744,614.053,99.2,1.51,13.0,23.11,900.0,
123107.00,5318.744,614.053,99.3,1.51,13.0625,23.11,900.0,
123109.00,5318.745,614.0529,100.3,1.51,13.0,23.11,900.0,
123110.00,5318.745,614.0528,100.3,1.51,13.0,23.11,900.0,
123111.00,5318.745,614.0528,100.3,1.51,13.0,23.11,900.0,
123112.00,5318.744,614.0529,100.0,1.51,13.0,23.11,900.0,
123114.00,5318.744,614.0531,99.1,1.65,13.0,23.11,900.0,
123115.00,5318.745,614.0532,98.9,1.65,13.0625,23.11,900.0,
123116.00,5318.744,614.0533,98.2,1.65,13.0625,23.11,900.0,
123117.00,5318.744,614.0533,97.7,1.65,13.0625,23.11,900.0,
123119.00,5318.744,614.0535,97.0,1.65,13.0625,23.11,900.0,
123120.00,5318.744,614.0533,97.4,1.65,13.0625,23.11,900.0,
123121.00,5318.744,614.0532,97.8,1.65,13.125,23.11,900.0,
123122.00,5318.744,614.0532,97.8,1.65,13.125,23.11,900.0,
123124.00,5318.744,614.053,97.1,1.65,13.125,23.11,900.0,
123125.00,5318.744,614.0527,96.6,1.65,13.125,23.11,900.0,
123126.00,5318.744,614.0524,96.0,1.65,13.1875,23.11,900.0,
123127.00,5318.744,614.0529,96.2,1.65,13.1875,23.11,900.0,
123129.00,5318.743,614.053,94.2,1.52,13.1875,23.11,900.0,
123130.00,5318.743,614.0532,93.6,1.52,13.1875,23.11,900.0,
123131.00,5318.743,614.0527,92.9,1.52,13.25,23.11,900.0,
123132.00,5318.743,614.0517,91.9,1.52,13.25,23.11,900.0,
123134.00,5318.744,614.0504,91.4,1.52,13.25,23.11,900.0,
123135.00,5318.744,614.05,91.7,1.52,13.1875,23.11,900.0,
123136.00,5318.744,614.0492,91.0,1.52,13.1875,23.11,900.0,
123137.00,5318.745,614.0486,91.0,1.52,13.25,23.11,900.0,
123139.00,5318.745,614.0482,88.9,1.52,13.25,23.11,900.0,
123140.00,5318.745,614.048,89.7,1.52,13.25,23.11,900.0,
123141.00,5318.745,614.0478,89.6,1.52,13.3125,23.11,900.0,
123142.00,5318.745,614.0475,89.0,1.52,13.375,23.11,900.0,
123144.00,5318.745,614.0469,87.3,1.75,13.375,23.11,900.0,
123145.00,5318.746,614.0459,87.4,1.75,13.4375,23.11,900.0,
123146.00,5318.746,614.0447,88.0,1.75,13.4375,23.11,900.0,
123147.00,5318.747,614.0442,88.9,1.75,13.4375,23.11,900.0,
123149.00,5318.746,614.044,89.2,1.52,13.375,23.11,900.0,
123150.00,5318.746,614.0441,91.0,1.52,13.375,23.11,900.0,
123151.00,5318.746,614.0442,90.2,1.52,13.25,23.11,900.0,
123152.00,5318.746,614.0441,90.6,1.52,13.1875,23.11,900.0,
123154.00,5318.746,614.0435,91.0,1.52,13.125,23.11,900.0,
123155.00,5318.747,614.0433,92.6,1.52,13.0625,23.11,900.0,
123156.00,5318.747,614.043,92.8,1.52,13.0625,23.11,900.0,
123157.00,5318.748,614.0426,93.3,1.66,13.0625,23.11,900.0,
123159.00,5318.748,614.0421,94.8,1.66,13.0625,23.11,900.0,
123200.00,5318.748,614.0425,94.0,1.66,13.125,23.11,900.0,
123201.00,5318.748,614.0428,95.0,1.66,13.125,23.11,900.0,
123202.00,5318.748,614.0432,96.1,1.66,13.125,23.11,900.0,
123204.00,5318.748,614.043,96.4,1.66,13.125,23.11,900.0,
123205.00,5318.748,614.0429,96.3,1.66,13.125,23.11,900.0,
123206.00,5318.748,614.043,96.2,1.66,13.125,23.11,900.0,
123207.00,5318.748,614.0428,96.7,1.66,13.125,23.11,900.0,
123209.00,5318.748,614.0433,95.2,1.66,13.0625,23.11,900.0,
123210.00,5318.748,614.043,96.8,1.66,13.0,23.11,900.0,
123211.00,5318.748,614.043,96.6,1.66,12.9375,23.11,900.0,
123212.00,5318.749,614.0428,97.4,1.66,12.875,23.11,900.0,
123214.00,5318.749,614.0434,101.7,1.52,12.8125,23.11,900.0,
123215.00,5318.749,614.0435,102.6,1.52,12.8125,23.11,900.0,
123216.00,5318.749,614.0431,105.2,1.52,12.75,23.11,900.0,
123217.00,5318.75,614.0427,108.1,1.52,12.6875,23.11,900.0,
123219.00,5318.752,614.0413,115.9,8.22,12.625,23.11,900.0,
123220.00,5318.753,614.0407,120.9,8.21,12.625,23.11,900.0,
123221.00,5318.755,614.04,126.1,8.2,12.625,23.11,900.0,
123222.00,0.0,0.0,0.0,16.65,12.5,23.11,900.0,
123224.00,0.0,0.0,0.0,16.55,12.4375,23.11,900.0,
123225.00,0.0,0.0,0.0,16.49,12.4375,23.11,900.0,
123226.00,0.0,0.0,0.0,16.44,12.4375,23.11,900.0,
123227.00,5318.764,614.0344,154.2,8.11,12.5,23.11,900.0,
123229.00,5318.767,614.0325,164.2,8.09,12.5,23.11,900.0,
123230.00,5318.769,614.0316,169.6,8.07,12.5625,23.11,900.0,
123231.00,5318.77,614.0308,174.9,8.06,12.5625,23.11,900.0,
123232.00,5318.771,614.03,180.3,8.04,12.5625,23.11,900.0,
123234.00,5318.774,614.0281,191.1,8.02,12.625,23.11,900.0,
123235.00,5318.776,614.0269,196.6,8.0,12.625,23.11,900.0,
123236.00,5318.778,614.0257,201.7,7.99,12.6875,23.11,900.0,
123237.00,5318.78,614.0244,206.2,7.98,12.6875,23.11,900.0,
123239.00,5318.784,614.0221,216.1,7.95,12.625,23.11,900.0,
123240.00,5318.785,614.0209,221.6,7.94,12.5625,23.11,900.0,
123241.00,5318.787,614.0198,226.8,7.93,12.5625,23.11,900.0,
123242.00,5318.788,614.0188,231.8,7.91,12.5625,23.11,900.0,
123244.00,5318.791,614.017,241.2,7.89,12.5,23.11,900.0,
123245.00,5318.792,614.0161,246.0,7.87,12.5,23.11,900.0,
123246.00,0.0,0.0,0.0,15.45,12.5,23.11,900.0,
123247.00,0.0,0.0,0.0,15.41,12.5,23.11,900.0,
123249.00,0.0,0.0,0.0,15.31,12.5,23.11,900.0,
123250.00,5318.801,614.0108,278.1,7.81,12.5,23.11,900.0,
123251.00,5318.803,614.0098,284.6,7.8,12.5,23.11,900.0,
123252.00,5318.805,614.0085,290.0,7.78,12.5625,23.11,900.0,
123254.00,5318.809,614.0054,304.9,7.76,12.5625,23.11,900.0,
123255.00,5318.812,614.004,312.8,7.75,12.625,23.11,900.0,
123256.00,5318.814,614.0027,321.0,7.73,12.625,23.11,900.0,
123257.00,5318.816,614.0013,328.2,7.72,12.625,23.11,900.0,
123259.00,5318.82,613.9987,343.3,7.7,12.625,23.11,900.0,
123300.00,5318.823,613.9974,350.6,7.69,12.625,23.11,900.0,
123301.00,5318.826,613.9955,359.1,7.67,12.625,23.11,900.0,
123302.00,5318.828,613.9941,365.5,7.66,12.625,23.11,900.0,
123304.00,5318.832,613.9917,376.1,7.64,12.625,23.11,900.0,
123305.00,5318.807,614.0073,298.8,1.52,12.625,23.11,900.0,
123306.00,5318.803,614.0104,285.2,1.52,12.625,23.11,900.0,
123307.00,5318.798,614.0134,271.5,1.52,12.625,23.11,900.0,
123309.00,5318.793,614.0165,255.8,1.52,12.6875,23.11,900.0,
123310.00,5318.792,614.0173,252.9,1.52,12.625,23.11,900.0,
123311.00,5318.792,614.018,250.5,1.52,12.6875,23.11,900.0,
123312.00,5318.791,614.0185,250.1,1.52,12.6875,23.11,900.0,
123314.00,5318.792,614.0177,251.9,7.52,12.6875,23.11,900.0,
123315.00,5318.793,614.017,254.1,7.51,12.6875,23.11,900.0,
123316.00,5318.793,614.0162,256.8,7.49,12.6875,23.11,900.0,
123317.00,5318.795,614.0155,259.4,7.48,12.625,23.11,900.0,
123319.00,5318.789,614.0189,240.2,1.52,12.5625,23.11,900.0,
123320.00,5318.784,614.0225,223.1,1.52,12.5625,23.11,900.0,
123321.00,5318.779,614.0253,210.3,1.52,12.5625,23.11,900.0,
123322.00,5318.775,614.0281,195.9,1.52,12.5625,23.11,900.0,
123324.00,5318.769,614.032,175.8,1.52,12.5625,23.11,900.0,
123325.00,5318.767,614.0336,167.2,1.52,12.625,23.11,900.0,
123326.00,5318.765,614.0345,161.0,1.52,12.625,23.11,900.0,
123327.00,5318.762,614.0357,154.8,1.52,12.625,23.11,900.0,
123329.00,5318.76,614.037,147.1,1.52,12.6875,23.11,900.0,
123330.00,5318.76,614.0373,144.5,1.52,12.6875,23.11,900.0,
123331.00,5318.759,614.0375,142.2,1.52,12.75,23.11,900.0,
123332.00,5318.758,614.038,138.7,1.52,12.75,23.11,900.0,
123334.00,5318.757,614.0389,134.7,1.52,12.75,23.11,900.0,
123335.00,5318.757,614.0394,132.3,1.52,12.75,23.11,900.0,
123336.00,5318.756,614.0396,131.3,1.52,12.75,23.11,900.0,
123337.00,5318.756,614.0399,128.8,1.52,12.8125,23.11,900.0,
123339.00,5318.755,614.04,126.4,1.52,12.8125,23.11,900.0,
123340.00,5318.755,614.0402,125.7,1.52,12.875,23.11,900.0,
123341.00,5318.755,614.0403,124.9,1.52,12.875,23.11,900.0,
123342.00,5318.755,614.0399,123.2,1.52,12.875,23.11,900.0,
123344.00,5318.755,614.0397,121.3,1.67,12.9375,23.11,900.0,
123345.00,5318.755,614.0399,120.1,1.67,12.9375,23.11,900.0,
123346.00,5318.754,614.0399,118.7,1.67,13.0,23.11,900.0,
123347.00,5318.754,614.04,117.3,1.67,13.0,23.11,900.0,
123349.00,5318.754,614.0401,115.5,1.67,13.0,23.11,900.0,
123350.00,5318.754,614.04,114.6,1.67,13.0,23.11,900.0,
123351.00,5318.754,614.0399,113.5,1.67,13.0625,23.11,900.0,
123352.00,5318.754,614.0399,112.0,1.67,13.0625,23.11,900.0,
123354.00,5318.754,614.0396,109.2,1.67,13.0625,23.11,900.0,
123355.00,5318.754,614.0397,108.9,1.67,13.0625,23.11,900.0,
123356.00,5318.753,614.0401,109.6,1.67,13.0625,23.11,900.0,
123357.00,5318.753,614.0404,109.8,1.67,13.0625,23.11,900.0,
123359.00,5318.752,614.0408,109.8,1.67,13.0,23.11,900.0,
123400.00,5318.753,614.0412,109.7,1.67,13.0,23.11,900.0,
123401.00,5318.752,614.0413,108.0,1.67,13.0,23.11,900.0,
123402.00,5318.752,614.0416,107.5,1.67,13.0,23.11,900.0,
123404.00,5318.751,614.0414,106.5,1.67,13.0625,23.11,900.0,
123405.00,5318.751,614.0417,106.5,1.67,13.0625,23.11,900.0,
123406.00,5318.751,614.042,106.1,1.67,13.0625,23.11,900.0,
123407.00,5318.751,614.0421,105.7,1.67,13.0625,23.11,900.0,
123409.00,5318.75,614.0425,105.4,1.67,13.0625,23.11,900.0,
123410.00,5318.75,614.0427,104.9,1.67,13.0625,23.11,900.0,
123411.00,5318.75,614.0428,104.7,1.67,13.0625,23.11,900.0,
123412.00,5318.75,614.0428,104.5,1.67,13.125,23.11,900.0,
123413.00,5318.75,614.0428,104.2,1.67,13.125,23.11,900.0,
123414.00,5318.75,614.0429,103.8,1.68,13.0625,23.11,900.0,
123415.00,5318.749,614.043,103.5,1.68,13.0625,23.11,900.0,
123416.00,5318.749,614.0428,102.3,1.52,13.0625,23.11,900.0,
123418.00,5318.749,614.0425,99.9,1.52,13.0625,23.11,900.0,
123419.00,5318.749,614.0428,99.4,1.68,13.0625,23.11,900.0,
123420.00,5318.749,614.043,98.8,1.68,13.0625,23.11,900.0,
123421.00,5318.749,614.0436,97.7,1.68,13.0625,23.11,900.0,
123422.00,5318.749,614.044,96.8,1.52,13.0625,23.11,900.0,
123423.00,5318.748,614.044,96.1,1.52,13.0625,23.11,900.0,
123424.00,5318.748,614.0443,95.2,1.52,13.0625,23.11,900.0,
123425.00,5318.748,614.0444,95.3,1.52,13.0625,23.11,900.0,
123426.00,5318.748,614.0443,94.2,1.52,13.0625,23.11,900.0,
123428.00,5318.748,614.0437,92.2,1.52,13.0625,23.11,900.0,
123429.00,5318.748,614.0437,92.4,1.52,13.0625,23.11,900.0,
123430.00,5318.748,614.0437,92.4,1.52,13.0625,23.11,900.0,
123431.00,5318.747,614.043,93.2,1.52,13.0,23.11,900.0,
123432.00,5318.747,614.0436,93.1,1.52,12.9375,23.11,900.0,
123433.00,5318.746,614.0442,92.6,1.52,12.875,23.11,900.0,
123434.00,5318.745,614.0445,92.5,1.52,12.875,23.11,900.0,
123435.00,5318.745,614.0452,92.5,1.52,12.875,23.11,900.0,
123436.00,5318.745,614.046,93.5,1.52,12.75,23.11,900.0,
123438.00,5318.745,614.0477,95.8,1.52,12.6875,23.11,900.0,
123439.00,5318.745,614.0485,96.5,1.52,12.625,23.11,900.0,
123440.00,5318.745,614.0491,97.1,1.52,12.5625,23.11,900.0,
123441.00,5318.744,614.0505,99.6,1.52,12.4375,23.11,900.0,
123442.00,5318.744,614.0515,100.6,1.52,12.375,23.11,900.0,
123443.00,5318.744,614.0527,101.2,1.52,12.3125,23.11,900.0,
123444.00,5318.745,614.0536,103.2,1.52,12.25,23.11,900.0,
123445.00,5318.745,614.0545,102.6,1.52,12.25,23.11,900.0,
123446.00,5318.746,614.0554,104.9,1.52,12.1875,23.11,900.0,
123448.00,5318.746,614.0573,106.4,1.52,12.125,23.11,900.0,
123449.00,5318.747,614.0582,107.1,1.52,12.0625,23.11,900.0,
123450.00,5318.748,614.0588,107.6,1.52,12.0625,23.11,900.0,
123451.00,5318.749,614.0595,109.6,6.54,12.0,23.11,900.0,
123452.00,5318.749,614.0602,111.2,6.53,11.9375,23.11,900.0,
123453.00,5318.75,614.0604,113.2,6.52,11.875,23.11,900.0,
123454.00,5318.75,614.062,112.9,1.52,11.875,23.11,900.0,
123455.00,5318.749,614.0636,111.0,1.52,11.875,23.11,900.0,
123456.00,5318.749,614.0646,108.5,1.52,11.875,23.11,900.0,
123458.00,5318.75,614.0662,105.1,6.48,11.875,23.11,900.0,
123459.00,5318.75,614.0677,105.8,6.47,11.9375,23.11,900.0,
123500.00,5318.752,614.0688,107.0,6.46,11.9375,23.11,900.0,
123501.00,5318.753,614.0693,107.4,8.76,12.0,23.11,900.0,
123502.00,5318.755,614.0703,107.8,6.44,12.0625,23.11,900.0,
123503.00,5318.756,614.0709,109.4,6.43,12.125,23.11,900.0,
123504.00,5318.757,614.0716,110.5,6.43,12.1875,23.11,900.0,
123506.00,5318.76,614.0732,111.8,6.41,12.3125,23.11,900.0,
123507.00,5318.76,614.0739,111.9,6.4,12.3125,23.11,900.0,
123508.00,5318.761,614.0746,113.0,6.39,12.3125,23.11,900.0,
123509.00,5318.762,614.0756,113.3,6.38,12.3125,23.11,900.0,
123510.00,5318.761,614.0769,111.7,6.38,12.375,23.11,900.0,
123511.00,5318.762,614.077,113.9,6.37,12.375,23.11,900.0,
123512.00,5318.763,614.0766,115.6,6.36,12.4375,23.11,900.0,
123513.00,5318.764,614.076,117.7,6.35,12.4375,23.11,900.0,
123514.00,5318.756,614.0816,90.9,1.52,12.5,23.11,900.0,
123516.00,5318.75,614.0862,69.4,1.52,12.5625,23.11,900.0,
123517.00,5318.748,614.0884,58.8,1.52,12.5625,23.11,900.0,
123518.00,5318.746,614.0904,50.3,1.52,12.5625,23.11,900.0,
123519.00,5318.746,614.0914,47.0,1.52,12.625,23.11,900.0,
123520.00,5318.745,614.092,44.6,1.52,12.625,23.11,900.0,
123521.00,5318.746,614.0912,44.3,1.52,12.625,23.11,900.0,
123522.00,5318.746,614.0907,44.3,1.52,12.5625,23.11,900.0,
123523.00,5318.747,614.09,43.3,1.52,12.5,23.11,900.0,
123524.00,5318.748,614.0895,43.3,1.52,12.375,23.11,900.0,
123526.00,5318.749,614.0885,42.2,1.52,12.375,23.11,900.0,
123527.00,5318.749,614.0879,40.3,1.52,12.3125,23.11,900.0,
123528.00,5318.75,614.0874,36.5,1.52,12.25,23.11,900.0,
123529.00,5318.75,614.0867,35.5,1.52,12.1875,23.11,900.0,
123530.00,5318.751,614.0858,35.1,1.52,12.125,23.11,900.0,
123531.00,5318.752,614.0853,34.4,1.52,12.0625,23.11,900.0,
123532.00,5318.752,614.0847,33.8,1.52,12.0625,23.11,900.0,
123533.00,5318.754,614.084,33.6,1.52,12.0625,23.11,900.0,
123534.00,5318.755,614.0833,33.4,1.52,12.0,23.11,900.0,
123536.00,5318.756,614.0823,33.8,1.52,12.0,23.11,900.0,
123537.00,5318.757,614.0819,33.8,1.52,12.0,23.11,900.0,
123538.00,5318.758,614.0814,33.8,1.52,12.0,23.11,900.0,
123539.00,5318.758,614.0811,32.2,1.52,12.0,23.11,900.0,
123540.00,5318.759,614.0807,31.6,1.52,12.0,23.11,900.0,
123541.00,5318.76,614.0801,31.6,1.52,11.9375,23.11,900.0,
123542.00,5318.76,614.0797,31.4,1.52,11.9375,23.11,900.0,
123543.00,5318.761,614.0793,31.1,1.52,11.9375,23.11,900.0,
123544.00,5318.761,614.0791,29.9,1.52,12.0,23.11,900.0,
123546.00,5318.762,614.078,30.2,1.52,12.0625,23.11,900.0,
123547.00,5318.763,614.0775,30.4,1.52,12.0625,23.11,900.0,
123548.00,5318.764,614.0769,30.7,1.52,12.0,23.11,900.0,
123549.00,5318.765,614.0764,30.9,1.52,12.0,23.11,900.0,
123550.00,5318.765,614.076,30.9,6.06,12.0,23.11,900.0,
123551.00,5318.766,614.0757,30.7,1.52,12.0,23.11,900.0,
123552.00,5318.767,614.0757,30.9,1.81,12.0625,23.11,900.0,
123553.00,5318.768,614.076,31.3,1.81,12.0625,23.11,900.0,
123555.00,5318.768,614.0773,30.5,1.52,12.125,23.11,900.0,
123556.00,5318.769,614.0781,31.1,1.81,12.1875,23.11,900.0,
123557.00,5318.769,614.079,30.4,1.81,12.25,23.11,900.0,
123558.00,5318.769,614.0799,29.2,1.81,12.3125,23.11,900.0,
123559.00,5318.769,614.0807,28.2,1.81,12.3125,23.11,900.0,
123600.00,5318.77,614.0815,28.2,1.53,12.375,23.11,900.0,
123601.00,5318.77,614.0822,28.0,5.98,12.375,23.11,900.0,
123602.00,5318.771,614.0831,28.2,1.53,12.375,23.11,900.0,
123603.00,5318.771,614.0835,27.9,1.53,12.3125,23.11,900.0,
123605.00,5318.772,614.0832,28.0,1.53,12.3125,23.11,900.0,
123606.00,5318.773,614.0833,27.8,1.53,12.375,23.11,900.0,
123607.00,5318.773,614.0831,27.7,1.53,12.375,23.11,900.0,
123608.00,5318.773,614.0825,27.4,1.53,12.375,23.11,900.0,
123609.00,5318.773,614.0822,26.6,1.53,12.375,23.11,900.0,
123610.00,5318.774,614.0822,26.7,1.53,12.375,23.11,900.0,
123611.00,5318.774,614.0818,27.6,1.53,12.375,23.11,900.0,
123612.00,5318.774,614.0814,26.6,1.53,12.3125,23.11,900.0,
123614.00,5318.776,614.0816,26.2,1.53,12.25,23.11,900.0,
123615.00,5318.776,614.0817,26.7,1.53,12.1875,23.11,900.0,
123616.00,5318.776,614.082,26.3,1.53,12.125,23.11,900.0,
123617.00,5318.777,614.082,26.5,1.53,12.0625,23.11,900.0,
123618.00,5318.778,614.082,26.0,1.53,12.0625,23.11,900.0,
123619.00,5318.778,614.0822,25.8,1.53,12.0625,23.11,900.0,
123620.00,5318.779,614.0826,25.3,1.53,12.0625,23.11,900.0,
123621.00,5318.78,614.082,25.6,1.53,12.0625,23.11,900.0,
123622.00,5318.78,614.0816,24.9,1.53,12.125,23.11,900.0,
123624.00,5318.781,614.0808,25.7,1.53,12.125,23.11,900.0,
123625.00,5318.782,614.0804,25.8,1.53,12.125,23.11,900.0,
123626.00,5318.783,614.08,25.6,1.53,12.1875,23.11,900.0,
123627.00,5318.784,614.0797,25.9,1.82,12.25,23.11,900.0,
123628.00,5318.784,614.0792,26.5,1.82,12.25,23.11,900.0,
123629.00,5318.785,614.0789,26.6,1.53,12.3125,23.11,900.0,
123630.00,5318.785,614.079,27.4,1.53,12.25,23.11,900.0,
123631.00,5318.784,614.0769,28.9,1.53,12.3125,23.11,900.0,
123632.00,5318.784,614.0768,29.4,1.53,12.3125,23.11,900.0,
123634.00,5318.785,614.0759,30.5,1.53,12.375,23.11,900.0,
123635.00,5318.785,614.075,31.2,1.53,12.4375,23.11,900.0,
123636.00,5318.785,614.0742,31.7,1.53,12.4375,23.11,900.0,
123637.00,5318.786,614.0736,32.2,1.82,12.4375,23.11,900.0,
123638.00,5318.787,614.0729,32.3,1.82,12.5,23.11,900.0,
123639.00,5318.787,614.0723,32.7,1.82,12.5,23.11,900.0,
123640.00,5318.787,614.0715,32.6,1.82,12.5,23.11,900.0,
123641.00,5318.787,614.0707,32.4,1.82,12.5625,23.11,900.0,
123642.00,5318.788,614.0698,32.8,1.82,12.5625,23.11,900.0,
123644.00,5318.788,614.0683,33.6,1.53,12.625,23.11,900.0,
123645.00,5318.789,614.0677,34.1,1.53,12.625,23.11,900.0,
123646.00,5318.789,614.0672,32.9,1.53,12.6875,23.11,900.0,
123647.00,5318.789,614.067,31.9,1.53,12.6875,23.11,900.0,
123648.00,5318.79,614.0669,30.9,1.53,12.6875,23.11,900.0,
123649.00,5318.791,614.0661,31.6,1.53,12.625,23.11,900.0,
123650.00,5318.792,614.0656,33.0,1.53,12.625,23.11,900.0,
123651.00,5318.792,614.0652,33.2,1.53,12.625,23.11,900.0,
123652.00,5318.793,614.0648,33.0,1.53,12.625,23.11,900.0,
123654.00,5318.795,614.0637,33.4,1.53,12.6875,23.11,900.0,
123655.00,5318.795,614.0637,33.9,1.53,12.6875,23.11,900.0,
123656.00,5318.796,614.0638,33.3,1.53,12.75,23.11,900.0,
123657.00,5318.797,614.0639,33.9,1.53,12.75,23.11,900.0,
123658.00,5318.797,614.0643,33.1,1.53,12.75,23.11,900.0,
123659.00,5318.798,614.0646,32.9,1.53,12.8125,23.11,900.0,
123700.00,5318.798,614.0649,32.6,1.53,12.875,23.11,900.0,
123701.00,5318.799,614.0651,32.0,1.53,12.875,23.11,900.0,
123702.00,5318.8,614.0649,32.3,1.53,12.875,23.11,900.0,
123704.00,5318.801,614.0649,32.5,1.53,12.875,23.11,900.0,
123705.00,5318.801,614.0649,32.1,1.53,12.875,23.11,900.0,
123706.00,5318.801,614.0646,32.3,1.53,12.875,23.11,900.0,
123707.00,5318.802,614.0643,31.6,1.53,12.875,23.11,900.0,
123708.00,5318.803,614.0643,31.5,1.53,12.875,23.11,900.0,
123709.00,5318.803,614.0648,31.0,1.53,12.8125,23.11,900.0,
123710.00,5318.803,614.0649,31.8,1.53,12.75,23.11,900.0,
123711.00,5318.804,614.0651,32.3,1.53,12.6875,23.11,900.0,
123712.00,5318.805,614.0653,32.9,1.53,12.75,23.11,900.0,
123714.00,5318.805,614.0649,31.9,2.66,12.6875,23.11,900.0,
123715.00,5318.805,614.0657,31.7,1.53,12.6875,23.11,900.0,
123716.00,5318.806,614.0665,31.6,1.53,12.6875,23.11,900.0,
123717.00,5318.807,614.0668,32.3,1.53,12.6875,23.11,900.0,
123718.00,5318.807,614.0679,32.3,1.53,12.6875,23.11,900.0,
123719.00,5318.808,614.069,32.0,1.53,12.75,23.11,900.0,
123720.00,5318.808,614.0695,32.2,1.53,12.75,23.11,900.0,
123721.00,5318.808,614.0701,31.6,1.53,12.8125,23.11,900.0,
123722.00,5318.809,614.0706,31.9,1.53,12.8125,23.11,900.0,
123724.00,5318.811,614.0713,32.1,1.53,12.875,23.11,900.0,
123725.00,5318.811,614.0718,31.8,1.53,12.875,23.11,900.0,
123726.00,5318.812,614.0725,31.7,1.53,12.9375,23.11,900.0,
123727.00,5318.813,614.0729,31.8,1.83,12.9375,23.11,900.0,
123728.00,5318.813,614.0732,32.7,1.53,12.875,23.11,900.0,
123729.00,5318.813,614.0735,33.1,1.53,12.875,23.11,900.0,
123730.00,5318.814,614.074,32.9,1.53,12.875,23.11,900.0,
123731.00,5318.815,614.0744,33.0,1.83,12.75,23.11,900.0,
123733.00,5318.816,614.0752,32.9,1.53,12.75,23.11,900.0,
123734.00,5318.816,614.0757,32.9,1.53,12.6875,23.11,900.0,
123735.00,5318.817,614.0764,32.8,1.53,12.625,23.11,900.0,
123736.00,5318.817,614.077,33.0,1.53,12.625,23.11,900.0,
123737.00,5318.818,614.0778,32.4,1.84,12.5,23.11,900.0,
123738.00,5318.819,614.0783,32.0,1.53,12.4375,23.11,900.0,
123739.00,5318.819,614.0784,32.2,1.53,12.375,23.11,900.0,
123740.00,5318.82,614.0786,32.4,1.53,12.375,23.11,900.0,
123741.00,5318.82,614.079,32.3,1.53,12.3125,23.11,900.0,
123743.00,5318.821,614.0795,31.7,1.53,12.25,23.11,900.0,
123744.00,5318.821,614.08,31.1,1.53,12.25,23.11,900.0,
123745.00,5318.821,614.0808,30.4,1.53,12.1875,23.11,900.0,
123746.00,5318.821,614.0814,30.9,1.53,12.1875,23.11,900.0,
123747.00,5318.822,614.0824,30.2,1.53,12.125,23.11,900.0,
123748.00,5318.822,614.0829,30.2,1.84,12.125,23.11,900.0,
123749.00,5318.823,614.0836,30.2,1.84,12.125,23.11,900.0,
123750.00,5318.824,614.0845,29.4,1.53,12.125,23.11,900.0,
123751.00,5318.824,614.0856,29.6,1.53,12.0625,23.11,900.0,
123753.00,5318.824,614.0872,30.0,1.84,12.125,23.11,900.0,
123754.00,5318.824,614.0879,29.1,1.84,12.0625,23.11,900.0,
123755.00,5318.825,614.0886,30.3,1.84,12.0,23.11,900.0,
123756.00,5318.825,614.0895,30.6,1.84,12.0,23.11,900.0,
123757.00,5318.826,614.0905,30.3,1.84,12.0,23.11,900.0,
123758.00,5318.826,614.0906,32.0,1.84,12.0,23.11,900.0,
123759.00,5318.828,614.0908,32.0,1.84,12.0,23.11,900.0,
123800.00,5318.828,614.0919,31.7,1.84,12.0,23.11,900.0,
123801.00,5318.828,614.0927,30.7,1.84,11.9375,23.11,900.0,
123803.00,5318.829,614.0941,32.3,1.84,11.9375,23.11,900.0,
123804.00,5318.83,614.0948,34.9,1.53,12.0,23.11,900.0,
123805.00,5318.83,614.0955,35.7,1.84,12.0,23.11,900.0,
123806.00,5318.83,614.0964,36.2,1.84,12.0,23.11,900.0,
123807.00,5318.831,614.0973,36.8,1.84,12.0625,23.11,900.0,
123808.00,5318.831,614.0984,39.4,1.84,12.0625,23.11,900.0,
123809.00,5318.831,614.0991,39.5,1.84,12.0625,23.11,900.0,
123810.00,5318.831,614.1001,40.4,1.53,12.0625,23.11,900.0,
123811.00,5318.831,614.1012,40.2,1.53,12.0,23.11,900.0,
123813.00,5318.831,614.1042,45.6,1.53,11.9375,23.11,900.0,
123814.00,5318.831,614.1052,46.6,1.53,11.9375,23.11,900.0,
123815.00,5318.832,614.1061,47.9,1.53,11.9375,23.11,900.0,
123816.00,5318.832,614.1072,47.3,1.53,11.875,23.11,900.0,
123817.00,5318.832,614.1082,47.5,1.53,11.875,23.11,900.0,
123818.00,5318.832,614.1093,47.1,1.53,11.9375,23.11,900.0,
123819.00,5318.832,614.1107,45.0,1.28,12.0,23.11,900.0,
123820.00,5318.831,614.1121,43.1,1.28,12.0,23.11,900.0,
123821.00,5318.831,614.1132,42.2,1.28,12.0,23.11,900.0,
123823.00,5318.832,614.115,40.5,1.51,12.0,23.11,900.0,
123824.00,5318.832,614.1158,39.4,1.51,12.0,23.11,900.0,
123825.00,5318.832,614.1165,38.7,1.51,11.9375,23.11,900.0,
123826.00,5318.833,614.1171,38.1,1.28,11.9375,23.11,900.0,
123827.00,5318.833,614.1176,37.7,1.28,11.875,23.11,900.0,
123828.00,5318.833,614.1182,37.1,1.28,11.875,23.11,900.0,
123829.00,5318.833,614.1189,36.2,1.28,11.8125,23.11,900.0,
123830.00,5318.834,614.1197,35.2,1.53,11.875,23.11,900.0,
123831.00,5318.834,614.1205,35.4,1.53,11.9375,23.11,900.0,
123833.00,5318.834,614.1208,34.8,9.67,12.0,23.11,900.0,
123834.00,5318.833,614.1205,34.8,1.85,12.0,23.11,900.0,
123835.00,5318.833,614.1204,34.5,1.85,12.0625,23.11,900.0,
123836.00,5318.833,614.1204,33.9,1.85,12.125,23.11,900.0,
123837.00,5318.833,614.1203,33.5,1.85,12.1875,23.11,900.0,
123838.00,5318.833,614.1209,33.1,1.85,12.3125,23.11,900.0,
123839.00,5318.833,614.1205,33.0,1.85,12.375,23.11,900.0,
123840.00,5318.832,614.1208,32.6,1.85,12.4375,23.11,900.0,
123842.00,5318.831,614.1218,30.0,1.85,12.625,23.11,900.0,
123843.00,5318.831,614.1218,28.4,1.85,12.875,23.11,900.0,
123844.00,5318.832,614.122,26.7,1.85,13.0,23.11,900.0,
123845.00,5318.833,614.1244,25.3,9.83,13.1875,23.11,900.0,
123846.00,5318.833,614.1265,22.0,9.84,13.3125,23.11,900.0,
123847.00,5318.833,614.1282,20.0,9.86,13.4375,23.11,900.0,
123848.00,5318.833,614.1301,16.8,9.87,13.5625,23.11,900.0,
123849.00,0.0,0.0,0.0,99.99,13.6875,23.11,900.0,
123850.00,0.0,0.0,0.0,99.99,13.9375,23.11,900.0,
123852.00,0.0,0.0,0.0,99.99,14.0625,23.11,900.0,
123853.00,0.0,0.0,0.0,99.99,14.125,23.11,900.0,
123854.00,0.0,0.0,0.0,99.99,14.25,23.11,900.0,
123855.00,0.0,0.0,0.0,99.99,14.3125,23.11,900.0,
123856.00,0.0,0.0,0.0,99.99,14.4375,23.11,900.0,
123857.00,0.0,0.0,0.0,99.99,14.5625,23.11,900.0,
123858.00,0.0,0.0,0.0,16.95,14.6875,23.11,900.0,
123900.00,5318.826,614.1361,-42.8,1.77,14.8125,23.11,900.0,
123901.00,5318.833,614.1344,-35.9,1.77,14.9375,23.11,900.0,
123902.00,5318.837,614.1328,-28.9,1.77,15.0625,23.11,900.0,
123903.00,5318.838,614.1265,-21.5,1.38,15.125,23.11,900.0,
123904.00,5318.84,614.1251,-17.6,1.38,15.25,23.11,900.0,
123905.00,5318.841,614.1252,-17.9,1.28,15.3125,23.11,900.0,
123906.00,5318.842,614.1257,-19.3,1.28,15.375,23.11,900.0,
123907.00,5318.843,614.1243,-15.1,1.28,15.4375,23.11,900.0,
123909.00,5318.842,614.122,-12.1,2.08,15.4375,23.11,900.0,
123910.00,0.0,0.0,0.0,17.01,15.4375,23.11,900.0,
123911.00,0.0,0.0,0.0,99.99,15.5,23.11,900.0,
123912.00,0.0,0.0,0.0,99.99,15.5,23.11,900.0,
123913.00,0.0,0.0,0.0,99.99,15.5,23.11,900.0,
123914.00,0.0,0.0,0.0,99.99,15.5,23.11,900.0,
123915.00,0.0,0.0,0.0,99.99,15.5625,23.11,900.0,
123916.00,0.0,0.0,0.0,99.99,15.5,23.11,900.0,
123918.00,0.0,0.0,0.0,99.99,15.5,23.11,900.0,
123919.00,0.0,0.0,0.0,99.99,15.625,23.11,900.0,
123920.00,0.0,0.0,0.0,99.99,15.6875,23.11,900.0,
123921.00,0.0,0.0,0.0,99.99,15.75,23.11,900.0,
123922.00,0.0,0.0,0.0,99.99,15.8125,23.11,900.0,
123923.00,0.0,0.0,0.0,99.99,15.9375,23.11,900.0,
123924.00,0.0,0.0,0.0,99.99,16.0,23.11,900.0,
123925.00,0.0,0.0,0.0,99.99,16.0625,23.11,900.0,
123926.00,0.0,0.0,0.0,99.99,16.25,23.11,900.0,
123928.00,0.0,0.0,0.0,1.56,16.3125,23.11,900.0,
123929.00,5318.852,614.1444,11.8,1.56,16.375,23.11,900.0,
123930.00,0.0,0.0,0.0,2.92,16.4375,23.11,900.0,
123931.00,5318.852,614.1445,7.2,2.92,16.5,23.11,900.0,
123932.00,5318.852,614.1428,3.5,2.01,16.5625,23.11,900.0,
123933.00,5318.852,614.142,1.4,2.01,16.625,23.11,900.0,
123934.00,5318.851,614.1397,-0.2,2.01,16.625,23.11,900.0,
123935.00,5318.849,614.136,-0.3,1.62,16.625,23.11,900.0,
123937.00,0.0,0.0,0.0,99.99,16.625,23.11,900.0,
123938.00,0.0,0.0,0.0,99.99,16.625,23.11,900.0,
123939.00,0.0,0.0,0.0,99.99,16.625,23.11,900.0,
123940.00,0.0,0.0,0.0,99.99,16.625,23.11,900.0,
123941.00,0.0,0.0,0.0,99.99,16.6875,23.11,900.0,
123942.00,0.0,0.0,0.0,99.99,16.6875,23.11,900.0,
123943.00,0.0,0.0,0.0,99.99,16.6875,23.11,900.0,
123944.00,0.0,0.0,0.0,99.99,16.6875,23.11,900.0,
123945.00,0.0,0.0,0.0,99.99,16.75,23.11,900.0,
123947.00,0.0,0.0,0.0,99.99,16.8125,23.11,900.0,
123948.00,0.0,0.0,0.0,99.99,16.8125,23.11,900.0,
123949.00,0.0,0.0,0.0,99.99,16.875,23.11,900.0,
123950.00,0.0,0.0,0.0,99.99,16.9375,23.11,900.0,
123951.00,0.0,0.0,0.0,99.99,16.9375,23.11,900.0,
124433.00,0.0,0.0,0.0,99.99,16.9375,23.11,900.0,
124434.00,0.0,0.0,0.0,99.99,20.875,23.11,900.0,
124435.00,0.0,0.0,0.0,99.99,20.875,23.11,900.0,
124436.00,0.0,0.0,0.0,99.99,20.875,23.11,900.0,
124437.00,0.0,0.0,0.0,99.99,20.9375,23.11,900.0,
124438.00,0.0,0.0,0.0,99.99,20.9375,23.11,900.0,
124439.00,0.0,0.0,0.0,99.99,21.0,23.11,900.0,
124440.00,0.0,0.0,0.0,99.99,21.0,23.11,900.0,
124442.00,0.0,0.0,0.0,99.99,21.0625,23.11,900.0,
124443.00,0.0,0.0,0.0,99.99,21.125,23.11,900.0,
124444.00,0.0,0.0,0.0,99.99,21.1875,23.11,900.0,
124445.00,0.0,0.0,0.0,99.99,21.1875,23.11,900.0,
124446.00,0.0,0.0,0.0,99.99,21.1875,23.11,900.0,
124447.00,0.0,0.0,0.0,99.99,21.25,23.11,900.0,
124448.00,0.0,0.0,0.0,99.99,21.1875,23.11,900.0,
124449.00,0.0,0.0,0.0,99.99,21.1875,23.11,900.0,
124450.00,0.0,0.0,0.0,99.99,21.1875,23.11,900.0,
124452.00,0.0,0.0,0.0,99.99,21.1875,23.11,900.0,
124453.00,0.0,0.0,0.0,99.99,21.25,23.11,900.0,
124454.00,0.0,0.0,0.0,99.99,21.25,23.11,900.0,
124455.00,0.0,0.0,0.0,99.99,21.25,23.11,900.0,
124456.00,0.0,0.0,0.0,99.99,21.25,23.11,900.0,
124457.00,0.0,0.0,0.0,99.99,21.3125,23.11,900.0,
124536.00,0.0,0.0,0.0,99.99,21.3125,23.11,900.0,
124537.00,0.0,0.0,0.0,99.99,21.625,23.11,900.0,
124538.00,0.0,0.0,0.0,99.99,21.625,23.11,900.0,
124539.00,0.0,0.0,0.0,99.99,21.625,23.11,900.0,
124540.00,0.0,0.0,0.0,99.99,21.625,23.11,900.0,
124541.00,0.0,0.0,0.0,99.99,21.6875,23.11,900.0,
124542.00,0.0,0.0,0.0,99.99,21.6875,23.11,900.0,
124543.00,0.0,0.0,0.0,99.99,21.6875,23.11,900.0,
124545.00,0.0,0.0,0.0,99.99,21.75,23.11,900.0,
124546.00,0.0,0.0,0.0,99.99,21.75,23.11,900.0,
124547.00,0.0,0.0,0.0,99.99,21.75,23.11,900.0,
124548.00,0.0,0.0,0.0,99.99,21.75,23.11,900.0,
124549.00,0.0,0.0,0.0,99.99,21.8125,23.11,900.0,
124550.00,0.0,0.0,0.0,99.99,21.8125,23.11,900.0,
124551.00,0.0,0.0,0.0,99.99,21.8125,23.11,900.0,
124552.00,0.0,0.0,0.0,99.99,21.8125,23.11,900.0,
124553.00,0.0,0.0,0.0,99.99,21.8125,23.11,900.0,
124555.00,0.0,0.0,0.0,99.99,21.8125,23.11,900.0,
124556.00,0.0,0.0,0.0,99.99,21.875,23.11,900.0,
124557.00,0.0,0.0,0.0,99.99,21.875,23.11,900.0,
124558.00,0.0,0.0,0.0,99.99,21.875,23.11,900.0,
124559.00,0.0,0.0,0.0,99.99,21.875,23.11,900.0,
124600.00,0.0,0.0,0.0,99.99,21.9375,23.11,900.0,
124601.00,0.0,0.0,0.0,99.99,21.875,23.11,900.0,
124602.00,0.0,0.0,0.0,99.99,21.9375,23.11,900.0,
000000.000,0.0,0.0,0.0,99.99,25.75,23.11,900.0,
000000.000,0.0,0.0,0.0,99.99,26.0,23.11,900.0,
000000.000,0.0,0.0,0.0,99.99,26.0625,23.11,900.0,
000000.000,0.0,0.0,0.0,99.99,26.0625,23.11,900.0,
000000.000,0.0,0.0,0.0,99.99,26.0625,23.11,900.0,
000000.000,0.0,0.0,0.0,99.99,26.0625,23.11,900.0,
000000.000,0.0,0.0,0.0,99.99,26.0625,23.11,900.0,
000000.000,0.0,0.0,0.0,99.99,26.0625,23.11,900.0,
000000.000,0.0,0.0,0.0,99.99,26.125,23.11,900.0,
000000.000,0.0,0.0,0.0,99.99,26.125,23.11,900.0,
000000.000,0.0,0.0,0.0,99.99,26.125,23.11,900.0,
000000.000,0.0,0.0,0.0,99.99,26.125,23.11,900.0,
000000.000,0.0,0.0,0.0,99.99,26.125,23.11,900.0,
000000.000,0.0,0.0,0.0,99.99,26.125,23.11,900.0,
000000.000,0.0,0.0,0.0,99.99,26.1875,23.11,900.0,
000000.000,0.0,0.0,0.0,99.99,26.1875,23.11,900.0,
000000.000,0.0,0.0,0.0,99.99,26.1875,23.11,900.0,
000000.000,0.0,0.0,0.0,99.99,26.0,23.11,900.0,
000000.000,0.0,0.0,0.0,99.99,26.0625,23.11,900.0,
000000.000,0.0,0.0,0.0,99.99,26.0625,23.11,900.0,
000000.000,0.0,0.0,0.0,99.99,26.125,23.11,900.0,
000000.000,0.0,0.0,0.0,99.99,26.125,23.11,900.0,
000000.000,0.0,0.0,0.0,99.99,26.0625,23.11,900.0,
000000.000,0.0,0.0,0.0,99.99,26.125,23.11,900.0,
000000.000,0.0,0.0,0.0,99.99,26.125,23.11,900.0,
000000.000,0.0,0.0,0.0,99.99,26.125,23.11,900.0,
000000.000,0.0,0.0,0.0,99.99,26.125,23.11,900.0,
000000.000,0.0,0.0,0.0,99.99,26.125,23.11,900.0,
000000.000,0.0,0.0,0.0,99.99,26.125,23.11,900.0,
000000.000,0.0,0.0,0.0,99.99,26.125,23.11,900.0,
000000.000,0.0,0.0,0.0,99.99,26.125,23.11,900.0,
000000.000,0.0,0.0,0.0,99.99,26.1875,23.11,900.0,
000000.000,0.0,0.0,0.0,99.99,26.1875,23.11,900.0,
000000.000,0.0,0.0,0.0,99.99,26.125,23.11,900.0,
000000.000,0.0,0.0,0.0,99.99,26.125,23.11,900.0,
000000.000,0.0,0.0,0.0,99.99,26.125,23.11,900.0,
000000.000,0.0,0.0,0.0,99.99,26.0625,23.11,900.0,
000000.000,0.0,0.0,0.0,99.99,26.0625,23.11,900.0,
000000.000,0.0,0.0,0.0,99.99,26.0,23.11,900.0,
134134.77,0.0,0.0,0.0,99.99,26.0,23.11,900.0,
134137.00,0.0,0.0,0.0,99.99,26.0625,23.11,900.0,
134138.00,0.0,0.0,0.0,99.99,26.0625,23.11,900.0,
134335.00,0.0,0.0,0.0,99.99,26.125,23.11,900.0,
134336.00,0.0,0.0,0.0,99.99,26.0,23.11,900.0,
134357.00,0.0,0.0,0.0,99.99,26.125,23.11,900.0,
134358.00,0.0,0.0,0.0,99.99,26.0625,23.11,900.0,
134419.00,0.0,0.0,0.0,99.99,26.125,23.11,900.0,
134420.00,0.0,0.0,0.0,99.99,26.0625,23.11,900.0,
134444.00,0.0,0.0,0.0,99.99,26.125,23.11,900.0,
134445.00,0.0,0.0,0.0,99.99,26.25,23.11,900.0,
134506.00,0.0,0.0,0.0,99.99,26.25,23.11,900.0,
134507.00,0.0,0.0,0.0,99.99,26.1875,23.11,900.0,
134518.00,0.0,0.0,0.0,99.99,26.1875,23.11,900.0,
134539.00,0.0,0.0,0.0,99.99,26.0625,23.11,900.0,
134540.00,0.0,0.0,0.0,99.99,26.0625,23.11,900.0,
134551.00,0.0,0.0,0.0,99.99,26.125,23.11,900.0,
134602.00,0.0,0.0,0.0,99.99,26.1875,23.11,900.0,
134613.00,0.0,0.0,0.0,99.99,26.1875,23.11,900.0,
134624.00,0.0,0.0,0.0,99.99,26.1875,23.11,900.0,
134635.00,0.0,0.0,0.0,99.99,26.3125,23.11,900.0,
134646.00,0.0,0.0,0.0,99.99,26.3125,23.11,900.0,
134657.00,0.0,0.0,0.0,99.99,26.25,23.11,900.0,
134708.00,0.0,0.0,0.0,99.99,26.25,23.11,900.0,
134719.00,0.0,0.0,0.0,99.99,26.25,23.11,900.0,
134730.00,0.0,0.0,0.0,99.99,26.125,23.11,900.0,
134741.00,0.0,0.0,0.0,99.99,26.125,23.11,900.0,
134752.00,0.0,0.0,0.0,99.99,26.0,23.11,900.0,
134803.00,0.0,0.0,0.0,99.99,26.0625,23.11,900.0,
134814.00,0.0,0.0,0.0,99.99,26.125,23.11,900.0,
134825.00,0.0,0.0,0.0,99.99,26.0625,23.11,900.0,
134836.00,0.0,0.0,0.0,99.99,26.0,23.11,900.0,
134847.00,0.0,0.0,0.0,99.99,26.0,23.11,900.0,
134857.00,0.0,0.0,0.0,99.99,26.0,23.11,900.0,
134908.00,0.0,0.0,0.0,99.99,26.0,23.11,900.0,
134919.00,0.0,0.0,0.0,99.99,26.0625,23.11,900.0,
134929.00,0.0,0.0,0.0,99.99,26.1875,23.11,900.0,
000000.000,0.0,0.0,0.0,99.99,85.0,23.11,900.0,
000000.000,0.0,0.0,0.0,99.99,26.5625,23.11,900.0,
000000.000,0.0,0.0,0.0,99.99,26.375,23.11,900.0,
000000.000,0.0,0.0,0.0,99.99,26.4375,23.11,900.0,
000000.000,0.0,0.0,0.0,99.99,25.9375,23.11,900.0,
000000.000,0.0,0.0,0.0,99.99,25.875,23.11,900.0,
000000.000,0.0,0.0,0.0,99.99,26.125,23.11,900.0,
000000.000,0.0,0.0,0.0,99.99,25.875,23.11,900.0,
000000.000,0.0,0.0,0.0,99.99,25.8125,23.11,900.0,
000000.000,0.0,0.0,0.0,99.99,25.875,23.11,900.0,
000000.000,0.0,0.0,0.0,99.99,26.0625,23.11,900.0,
000000.000,0.0,0.0,0.0,99.99,26.125,23.11,900.0,
000000.000,0.0,0.0,0.0,99.99,26.25,23.11,900.0,
000000.000,0.0,0.0,0.0,99.99,26.3125,23.11,900.0,
000000.000,0.0,0.0,0.0,99.99,26.375,23.11,900.0,
000000.000,0.0,0.0,0.0,99.99,26.25,23.11,900.0,
000000.000,0.0,0.0,0.0,99.99,26.125,23.11,900.0,
000000.000,0.0,0.0,0.0,99.99,26.25,23.11,900.0,
000000.000,0.0,0.0,0.0,99.99,26.125,23.11,900.0,
000000.000,0.0,0.0,0.0,99.99,26.1875,23.11,900.0,
000000.000,0.0,0.0,0.0,99.99,26.3125,23.11,900.0,
000000.000,0.0,0.0,0.0,99.99,26.4375,23.11,900.0,
000000.000,0.0,0.0,0.0,99.99,26.5,23.11,900.0,
000000.000,0.0,0.0,0.0,99.99,26.5625,23.11,900.0,
000000.000,0.0,0.0,0.0,99.99,26.375,23.11,900.0,
000000.000,0.0,0.0,0.0,99.99,26.3125,23.11,900.0,
000000.000,0.0,0.0,0.0,99.99,26.375,23.11,900.0,
000000.000,0.0,0.0,0.0,99.99,26.5,23.11,900.0,
000000.000,0.0,0.0,0.0,99.99,26.625,23.11,900.0,
000000.000,0.0,0.0,0.0,99.99,26.6875,23.11,900.0,
000000.000,0.0,0.0,0.0,99.99,26.75,23.11,900.0,
000000.000,0.0,0.0,0.0,99.99,26.6875,23.11,900.0,
000000.000,0.0,0.0,0.0,99.99,26.625,23.11,900.0,
000000.000,0.0,0.0,0.0,99.99,26.6875,23.11,900.0,
000000.000,0.0,0.0,0.0,99.99,85.0,23.11,900.0,
000000.000,0.0,0.0,0.0,99.99,26.375,23.11,900.0,
000000.000,0.0,0.0,0.0,99.99,26.375,23.11,900.0,
000000.000,0.0,0.0,0.0,99.99,26.375,23.11,900.0,
000000.000,0.0,0.0,0.0,99.99,26.3125,23.11,900.0,
000000.000,0.0,0.0,0.0,99.99,26.3125,23.11,900.0,
000000.000,0.0,0.0,0.0,99.99,26.3125,23.11,900.0,
000000.000,0.0,0.0,0.0,99.99,26.3125,23.11,900.0,
000000.000,0.0,0.0,0.0,99.99,26.3125,23.11,900.0,
000000.000,0.0,0.0,0.0,99.99,26.3125,23.11,900.0,
000000.000,0.0,0.0,0.0,99.99,26.25,23.11,900.0,
000000.000,0.0,0.0,0.0,99.99,26.1875,23.11,900.0,
000000.000,0.0,0.0,0.0,99.99,26.1875,23.11,900.0,
000000.000,0.0,0.0,0.0,99.99,26.125,23.11,900.0,
000000.000,0.0,0.0,0.0,99.99,26.0625,23.11,900.0,
000000.000,0.0,0.0,0.0,99.99,26.0,23.11,900.0,
000000.000,0.0,0.0,0.0,99.99,26.0625,23.11,900.0,
000000.000,0.0,0.0,0.0,99.99,26.0,23.11,900.0,
000000.000,0.0,0.0,0.0,99.99,26.0,23.11,900.0,
000000.000,0.0,0.0,0.0,99.99,25.9375,23.11,900.0,
000000.000,0.0,0.0,0.0,99.99,25.9375,23.11,900.0,
000000.000,0.0,0.0,0.0,99.99,25.9375,23.11,900.0,
000000.000,0.0,0.0,0.0,99.99,25.875,23.11,900.0,
000000.000,0.0,0.0,0.0,99.99,25.875,23.11,900.0,
000000.000,0.0,0.0,0.0,99.99,25.875,23.11,900.0,
000000.000,0.0,0.0,0.0,99.99,25.8125,23.11,900.0,
000000.000,0.0,0.0,0.0,99.99,25.875,23.11,900.0,
000000.000,0.0,0.0,0.0,99.99,25.875,23.11,900.0,
000000.000,0.0,0.0,0.0,99.99,25.9375,23.11,900.0,
000000.000,0.0,0.0,0.0,99.99,26.0,23.11,900.0,
000000.000,0.0,0.0,0.0,99.99,26.0,23.11,900.0,
000000.000,0.0,0.0,0.0,99.99,26.0625,23.11,900.0,
000000.000,0.0,0.0,0.0,99.99,26.0,23.11,900.0,
000000.000,0.0,0.0,0.0,99.99,26.0625,23.11,900.0,
000000.000,0.0,0.0,0.0,99.99,26.0625,23.11,900.0,
000000.000,0.0,0.0,0.0,99.99,26.0625,23.11,900.0,
000000.000,0.0,0.0,0.0,99.99,26.0,23.11,900.0,
000000.000,0.0,0.0,0.0,99.99,26.0,23.11,900.0,
000000.000,0.0,0.0,0.0,99.99,25.9375,23.11,900.0,
000000.000,0.0,0.0,0.0,99.99,25.9375,23.11,900.0,
000000.000,0.0,0.0,0.0,99.99,25.875,23.11,900.0,
000000.000,0.0,0.0,0.0,99.99,25.8125,23.11,900.0,
000000.000,0.0,0.0,0.0,99.99,25.75,23.11,900.0,
000000.000,0.0,0.0,0.0,99.99,25.6875,23.11,900.0,
000000.000,0.0,0.0,0.0,99.99,25.6875,23.11,900.0,
000000.000,0.0,0.0,0.0,99.99,25.6875,23.11,900.0,
000000.000,0.0,0.0,0.0,99.99,25.625,23.11,900.0,
000000.000,0.0,0.0,0.0,99.99,25.625,23.11,900.0,
000000.000,0.0,0.0,0.0,99.99,25.625,23.11,900.0,
000000.000,0.0,0.0,0.0,99.99,25.5625,23.11,900.0,
000000.000,0.0,0.0,0.0,99.99,25.5,23.11,900.0,
000000.000,0.0,0.0,0.0,99.99,25.5,23.11,900.0,
000000.000,0.0,0.0,0.0,99.99,25.5,23.11,900.0,
000000.000,0.0,0.0,0.0,99.99,25.5,23.11,900.0,
000000.000,0.0,0.0,0.0,99.99,25.5,23.11,900.0,
000000.000,0.0,0.0,0.0,99.99,25.5,23.11,900.0,
000000.000,0.0,0.0,0.0,99.99,25.4375,23.11,900.0,
000000.000,0.0,0.0,0.0,99.99,25.4375,23.11,900.0,
000000.000,0.0,0.0,0.0,99.99,25.4375,23.11,900.0,
000000.000,0.0,0.0,0.0,99.99,25.4375,23.11,900.0,
000000.000,0.0,0.0,0.0,99.99,25.4375,23.11,900.0,
000000.000,0.0,0.0,0.0,99.99,25.4375,23.11,900.0,
000000.000,0.0,0.0,0.0,99.99,25.4375,23.11,900.0,
000000.000,0.0,0.0,0.0,99.99,25.4375,23.11,900.0,
000000.000,0.0,0.0,0.0,99.99,85.0,23.11,900.0,
000000.000,0.0,0.0,0.0,99.99,25.9375,23.11,900.0,
000000.000,0.0,0.0,0.0,99.99,25.9375,23.11,900.0,
000000.000,0.0,0.0,0.0,99.99,25.9375,23.11,900.0,
000000.000,0.0,0.0,0.0,99.99,25.9375,23.11,900.0,
000000.000,0.0,0.0,0.0,99.99,25.9375,23.11,900.0,
000000.000,0.0,0.0,0.0,99.99,25.9375,23.11,900.0,
000000.000,0.0,0.0,0.0,99.99,25.875,23.11,900.0,
000000.000,0.0,0.0,0.0,99.99,25.9375,23.11,900.0,
000000.000,0.0,0.0,0.0,99.99,25.9375,23.11,900.0,
000000.000,0.0,0.0,0.0,99.99,26.0,23.11,900.0,
000000.000,0.0,0.0,0.0,99.99,25.9375,23.11,900.0,
000000.000,0.0,0.0,0.0,99.99,26.0,23.11,900.0,
000000.000,0.0,0.0,0.0,99.99,26.0,23.11,900.0,
000000.000,0.0,0.0,0.0,99.99,26.0,23.11,900.0,
000000.000,0.0,0.0,0.0,99.99,25.9375,23.11,900.0,
000000.000,0.0,0.0,0.0,99.99,26.0,23.11,900.0,
000000.000,0.0,0.0,0.0,99.99,26.0,23.11,900.0,
000000.000,0.0,0.0,0.0,99.99,26.0,23.11,900.0,
000000.000,0.0,0.0,0.0,99.99,25.9375,23.11,900.0,
000000.000,0.0,0.0,0.0,99.99,26.0,23.11,900.0,
000000.000,0.0,0.0,0.0,99.99,26.0,23.11,900.0,
000000.000,0.0,0.0,0.0,99.99,26.0,23.11,900.0,
000000.000,0.0,0.0,0.0,99.99,26.0,23.11,900.0,
000000.000,0.0,0.0,0.0,99.99,26.0,23.11,900.0,
000000.000,0.0,0.0,0.0,99.99,26.0625,23.11,900.0,
000000.000,0.0,0.0,0.0,99.99,26.0625,23.11,900.0,
000000.000,0.0,0.0,0.0,99.99,26.0625,23.11,900.0,
000000.000,0.0,0.0,0.0,99.99,26.0625,23.11,900.0,
000000.000,0.0,0.0,0.0,99.99,26.0625,23.11,900.0,
000000.000,0.0,0.0,0.0,99.99,26.0,23.11,900.0,
000000.000,0.0,0.0,0.0,99.99,26.0,23.11,900.0,
000000.000,0.0,0.0,0.0,99.99,26.0,23.11,900.0,
000000.000,0.0,0.0,0.0,99.99,26.0,23.11,900.0,
000000.000,0.0,0.0,0.0,99.99,26.0625,23.11,900.0,
000000.000,0.0,0.0,0.0,99.99,26.0625,23.11,900.0,
000000.000,0.0,0.0,0.0,99.99,26.0625,23.11,900.0,
000000.000,0.0,0.0,0.0,99.99,26.125,23.11,900.0,
000000.000,0.0,0.0,0.0,99.99,26.125,23.11,900.0,
000000.000,0.0,0.0,0.0,99.99,26.1875,23.11,900.0,
000000.000,0.0,0.0,0.0,99.99,26.1875,23.11,900.0,
000000.000,0.0,0.0,0.0,99.99,26.1875,23.11,900.0,
000000.000,0.0,0.0,0.0,99.99,26.1875,23.11,900.0,
000000.000,0.0,0.0,0.0,99.99,26.1875,23.11,900.0,
000000.000,0.0,0.0,0.0,99.99,26.1875,23.11,900.0,
000000.000,0.0,0.0,0.0,99.99,26.1875,23.11,900.0,
000000.000,0.0,0.0,0.0,99.99,26.1875,23.11,900.0,
000000.000,0.0,0.0,0.0,99.99,26.1875,23.11,900.0,
000000.000,0.0,0.0,0.0,99.99,26.1875,23.11,900.0,
000000.000,0.0,0.0,0.0,99.99,26.1875,23.11,900.0,
000000.000,0.0,0.0,0.0,99.99,26.125,23.11,900.0,
000000.000,0.0,0.0,0.0,99.99,26.125,23.11,900.0,
000000.000,0.0,0.0,0.0,99.99,26.0625,23.11,900.0,
000000.000,0.0,0.0,0.0,99.99,26.0,23.11,900.0,
000000.000,0.0,0.0,0.0,99.99,26.0,23.11,900.0,
000000.000,0.0,0.0,0.0,99.99,26.0,23.11,900.0,
000000.000,0.0,0.0,0.0,99.99,25.9375,23.11,900.0,
000000.000,0.0,0.0,0.0,99.99,25.9375,23.11,900.0,
000000.000,0.0,0.0,0.0,99.99,25.9375,23.11,900.0,
000000.000,0.0,0.0,0.0,99.99,25.9375,23.11,900.0,
000000.000,0.0,0.0,0.0,99.99,26.0,23.11,900.0,
000000.000,0.0,0.0,0.0,99.99,26.0625,23.11,900.0,
000000.000,0.0,0.0,0.0,99.99,26.125,23.11,900.0,
000000.000,0.0,0.0,0.0,99.99,26.125,23.11,900.0,
000000.000,0.0,0.0,0.0,99.99,26.125,23.11,900.0,
000000.000,0.0,0.0,0.0,99.99,26.125,23.11,900.0,
000000.000,0.0,0.0,0.0,99.99,26.1875,23.11,900.0,
000000.000,0.0,0.0,0.0,99.99,26.1875,23.11,900.0,
000000.000,0.0,0.0,0.0,99.99,26.25,23.11,900.0,
000000.000,0.0,0.0,0.0,99.99,26.25,23.11,900.0,
000000.000,0.0,0.0,0.0,99.99,26.1875,23.11,900.0,
000000.000,0.0,0.0,0.0,99.99,26.25,23.11,900.0,
000000.000,0.0,0.0,0.0,99.99,26.25,23.11,900.0,
000000.000,0.0,0.0,0.0,99.99,26.25,23.11,900.0,
000000.000,0.0,0.0,0.0,99.99,26.3125,23.11,900.0,
000000.000,0.0,0.0,0.0,99.99,26.3125,23.11,900.0,
000000.000,0.0,0.0,0.0,99.99,26.3125,23.11,900.0,
000000.000,0.0,0.0,0.0,99.99,26.3125,23.11,900.0,
000000.000,0.0,0.0,0.0,99.99,26.3125,23.11,900.0,
000000.000,0.0,0.0,0.0,99.99,26.3125,23.11,900.0,
000000.000,0.0,0.0,0.0,99.99,26.3125,23.11,900.0,
000000.000,0.0,0.0,0.0,99.99,26.3125,23.11,900.0,
000000.000,0.0,0.0,0.0,99.99,26.3125,23.11,900.0,
000000.000,0.0,0.0,0.0,99.99,26.3125,23.11,900.0,
000000.000,0.0,0.0,0.0,99.99,26.3125,23.11,900.0,
000000.000,0.0,0.0,0.0,99.99,26.3125,23.11,900.0,
000000.000,0.0,0.0,0.0,99.99,26.25,23.11,900.0,
000000.000,0.0,0.0,0.0,99.99,26.3125,23.11,900.0,
000000.000,0.0,0.0,0.0,99.99,26.25,23.11,900.0,
000000.000,0.0,0.0,0.0,99.99,26.25,23.11,900.0,
000000.000,0.0,0.0,0.0,99.99,26.3125,23.11,900.0,
000000.000,0.0,0.0,0.0,99.99,26.3125,23.11,900.0,
000000.000,0.0,0.0,0.0,99.99,26.375,23.11,900.0,
000000.000,0.0,0.0,0.0,99.99,26.375,23.11,900.0,
000000.000,0.0,0.0,0.0,99.99,26.375,23.11,900.0,
000000.000,0.0,0.0,0.0,99.99,26.375,23.11,900.0,
000000.000,0.0,0.0,0.0,99.99,26.375,23.11,900.0,
000000.000,0.0,0.0,0.0,99.99,26.375,23.11,900.0,
000000.000,0.0,0.0,0.0,99.99,26.375,23.11,900.0,
000000.000,0.0,0.0,0.0,99.99,26.375,23.11,900.0,
000000.000,0.0,0.0,0.0,99.99,26.3125,23.11,900.0,
000000.000,0.0,0.0,0.0,99.99,26.3125,23.11,900.0,
000000.000,0.0,0.0,0.0,99.99,26.3125,23.11,900.0,
000000.000,0.0,0.0,0.0,99.99,26.3125,23.11,900.0,
000000.000,0.0,0.0,0.0,99.99,26.3125,23.11,900.0,
000000.000,0.0,0.0,0.0,99.99,26.3125,23.11,900.0,
000000.000,0.0,0.0,0.0,99.99,26.3125,23.11,900.0,
000000.000,0.0,0.0,0.0,99.99,26.3125,23.11,900.0,
000000.000,0.0,0.0,0.0,99.99,26.3125,23.11,900.0,
000000.000,0.0,0.0,0.0,99.99,26.375,23.11,900.0,
000000.000,0.0,0.0,0.0,99.99,26.375,23.11,900.0,
000000.000,0.0,0.0,0.0,99.99,26.375,23.11,900.0,
000000.000,0.0,0.0,0.0,99.99,26.4375,23.11,900.0,
000000.000,0.0,0.0,0.0,99.99,26.4375,23.11,900.0,
000000.000,0.0,0.0,0.0,99.99,26.4375,23.11,900.0,
000000.000,0.0,0.0,0.0,99.99,26.4375,23.11,900.0,
000000.000,0.0,0.0,0.0,99.99,26.4375,23.11,900.0,
000000.000,0.0,0.0,0.0,99.99,26.5,23.11,900.0,
000000.000,0.0,0.0,0.0,99.99,26.5,23.11,900.0,
000000.000,0.0,0.0,0.0,99.99,26.5,23.11,900.0,
000000.000,0.0,0.0,0.0,99.99,26.5,23.11,900.0,
000000.000,0.0,0.0,0.0,99.99,26.5,23.11,900.0,
000000.000,0.0,0.0,0.0,99.99,26.5625,23.11,900.0,
000000.000,0.0,0.0,0.0,99.99,26.5625,23.11,900.0,
000000.000,0.0,0.0,0.0,99.99,26.5625,23.11,900.0,
000000.000,0.0,0.0,0.0,99.99,26.5625,23.11,900.0,
000000.000,0.0,0.0,0.0,99.99,26.5625,23.11,900.0,
000000.000,0.0,0.0,0.0,99.99,26.5625,23.11,900.0,
000000.000,0.0,0.0,0.0,99.99,26.5625,23.11,900.0,
000000.000,0.0,0.0,0.0,99.99,26.5625,23.11,900.0,
000000.000,0.0,0.0,0.0,99.99,26.5625,23.11,900.0,
000000.000,0.0,0.0,0.0,99.99,26.5625,23.11,900.0,
000000.000,0.0,0.0,0.0,99.99,26.5,23.11,900.0,
000000.000,0.0,0.0,0.0,99.99,26.5,23.11,900.0,
000000.000,0.0,0.0,0.0,99.99,26.4375,23.11,900.0,
000000.000,0.0,0.0,0.0,99.99,26.4375,23.11,900.0,
000000.000,0.0,0.0,0.0,99.99,26.375,23.11,900.0,
000000.000,0.0,0.0,0.0,99.99,26.25,23.11,900.0,
000000.000,0.0,0.0,0.0,99.99,26.3125,23.11,900.0,
000000.000,0.0,0.0,0.0,99.99,26.25,23.11,900.0,
000000.000,0.0,0.0,0.0,99.99,26.25,23.11,900.0,
000000.000,0.0,0.0,0.0,99.99,26.1875,23.11,900.0,
000000.000,0.0,0.0,0.0,99.99,26.125,23.11,900.0,
000000.000,0.0,0.0,0.0,99.99,26.125,23.11,900.0,
000000.000,0.0,0.0,0.0,99.99,26.125,23.11,900.0,
000000.000,0.0,0.0,0.0,99.99,26.125,23.11,900.0,
000000.000,0.0,0.0,0.0,99.99,26.125,23.11,900.0,
000000.000,0.0,0.0,0.0,99.99,26.0625,23.11,900.0,
000000.000,0.0,0.0,0.0,99.99,26.0,23.11,900.0,
000000.000,0.0,0.0,0.0,99.99,26.0625,23.11,900.0,
000000.000,0.0,0.0,0.0,99.99,26.0625,23.11,900.0,
000000.000,0.0,0.0,0.0,99.99,26.0625,23.11,900.0,
000000.000,0.0,0.0,0.0,99.99,26.0625,23.11,900.0,
000000.000,0.0,0.0,0.0,99.99,26.0625,23.11,900.0,
000000.000,0.0,0.0,0.0,99.99,26.0625,23.11,900.0,
000000.000,0.0,0.0,0.0,99.99,26.0625,23.11,900.0,
000000.000,0.0,0.0,0.0,99.99,26.0625,23.11,900.0,
000000.000,0.0,0.0,0.0,99.99,26.0625,23.11,900.0,
000000.000,0.0,0.0,0.0,99.99,26.0625,23.11,900.0,
000000.000,0.0,0.0,0.0,99.99,26.0625,23.11,900.0,
000000.000,0.0,0.0,0.0,99.99,26.0625,23.11,900.0,
000000.000,0.0,0.0,0.0,99.99,26.0625,23.11,900.0,
000000.000,0.0,0.0,0.0,99.99,26.0625,23.11,900.0,
000000.000,0.0,0.0,0.0,99.99,26.0625,23.11,900.0,
000000.000,0.0,0.0,0.0,99.99,26.125,23.11,900.0,
000000.000,0.0,0.0,0.0,99.99,26.125,23.11,900.0,
000000.000,0.0,0.0,0.0,99.99,26.0625,23.11,900.0,
000000.000,0.0,0.0,0.0,99.99,26.0625,23.11,900.0,
000000.000,0.0,0.0,0.0,99.99,26.0625,23.11,900.0,
000000.000,0.0,0.0,0.0,99.99,26.0625,23.11,900.0,
000000.000,0.0,0.0,0.0,99.99,26.0,23.11,900.0,
000000.000,0.0,0.0,0.0,99.99,26.0,23.11,900.0,
000000.000,0.0,0.0,0.0,99.99,26.0,23.11,900.0,
000000.000,0.0,0.0,0.0,99.99,26.0,23.11,900.0,
000000.000,0.0,0.0,0.0,99.99,26.0,23.11,900.0,
000000.000,0.0,0.0,0.0,99.99,26.0,23.11,900.0,
000000.000,0.0,0.0,0.0,99.99,26.0,23.11,900.0,
000000.000,0.0,0.0,0.0,99.99,26.0625,23.11,900.0,
000000.000,0.0,0.0,0.0,99.99,26.0625,23.11,900.0,
000000.000,0.0,0.0,0.0,99.99,26.125,23.11,900.0,
000000.000,0.0,0.0,0.0,99.99,26.1875,23.11,900.0,
000000.000,0.0,0.0,0.0,99.99,26.1875,23.11,900.0,
000000.000,0.0,0.0,0.0,99.99,26.3125,23.11,900.0,
000000.000,0.0,0.0,0.0,99.99,26.3125,23.11,900.0,
000000.000,0.0,0.0,0.0,99.99,26.3125,23.11,900.0,
000000.000,0.0,0.0,0.0,99.99,26.3125,23.11,900.0,
000000.000,0.0,0.0,0.0,99.99,26.3125,23.11,900.0,
000000.000,0.0,0.0,0.0,99.99,26.3125,23.11,900.0,
000000.000,0.0,0.0,0.0,99.99,26.25,23.11,900.0,
000000.000,0.0,0.0,0.0,99.99,26.25,23.11,900.0,
000000.000,0.0,0.0,0.0,99.99,26.1875,23.11,900.0,
000000.000,0.0,0.0,0.0,99.99,26.25,23.11,900.0,
000000.000,0.0,0.0,0.0,99.99,26.25,23.11,900.0,
000000.000,0.0,0.0,0.0,99.99,26.25,23.11,900.0,
000000.000,0.0,0.0,0.0,99.99,26.1875,23.11,900.0,
000000.000,0.0,0.0,0.0,99.99,26.1875,23.11,900.0,
000000.000,0.0,0.0,0.0,99.99,26.1875,23.11,900.0,
000000.000,0.0,0.0,0.0,99.99,26.1875,23.11,900.0,
000000.000,0.0,0.0,0.0,99.99,26.25,23.11,900.0,
000000.000,0.0,0.0,0.0,99.99,26.25,23.11,900.0,
000000.000,0.0,0.0,0.0,99.99,26.3125,23.11,900.0,
000000.000,0.0,0.0,0.0,99.99,26.3125,23.11,900.0,
000000.000,0.0,0.0,0.0,99.99,26.3125,23.11,900.0,
000000.000,0.0,0.0,0.0,99.99,26.375,23.11,900.0,
000000.000,0.0,0.0,0.0,99.99,26.375,23.11,900.0,
000000.000,0.0,0.0,0.0,99.99,26.375,23.11,900.0,
000000.000,0.0,0.0,0.0,99.99,26.4375,23.11,900.0,
000000.000,0.0,0.0,0.0,99.99,26.4375,23.11,900.0,
000000.000,0.0,0.0,0.0,99.99,26.4375,23.11,900.0,
000000.000,0.0,0.0,0.0,99.99,26.4375,23.11,900.0,
000000.000,0.0,0.0,0.0,99.99,26.4375,23.11,900.0,
000000.000,0.0,0.0,0.0,99.99,26.5,23.11,900.0,
000000.000,0.0,0.0,0.0,99.99,26.5,23.11,900.0,
000000.000,0.0,0.0,0.0,99.99,26.5625,23.11,900.0,
000000.000,0.0,0.0,0.0,99.99,26.5625,23.11,900.0,
000000.000,0.0,0.0,0.0,99.99,26.5625,23.11,900.0,
000000.000,0.0,0.0,0.0,99.99,26.5625,23.11,900.0,
000000.000,0.0,0.0,0.0,99.99,26.625,23.11,900.0,
000000.000,0.0,0.0,0.0,99.99,26.5625,23.11,900.0,
000000.000,0.0,0.0,0.0,99.99,26.5625,23.11,900.0,
000000.000,0.0,0.0,0.0,99.99,26.5625,23.11,900.0,
000000.000,0.0,0.0,0.0,99.99,26.5625,23.11,900.0,
000000.000,0.0,0.0,0.0,99.99,26.5,23.11,900.0,
000000.000,0.0,0.0,0.0,99.99,26.4375,23.11,900.0,
000000.000,0.0,0.0,0.0,99.99,26.4375,23.11,900.0,
000000.000,0.0,0.0,0.0,99.99,26.375,23.11,900.0,
000000.000,0.0,0.0,0.0,99.99,26.3125,23.11,900.0,
000000.000,0.0,0.0,0.0,99.99,26.3125,23.11,900.0,
000000.000,0.0,0.0,0.0,99.99,26.3125,23.11,900.0,
000000.000,0.0,0.0,0.0,99.99,26.25,23.11,900.0,
000000.000,0.0,0.0,0.0,99.99,26.3125,23.11,900.0,
000000.000,0.0,0.0,0.0,99.99,26.3125,23.11,900.0,
000000.000,0.0,0.0,0.0,99.99,26.3125,23.11,900.0,
000000.000,0.0,0.0,0.0,99.99,26.3125,23.11,900.0,
000000.000,0.0,0.0,0.0,99.99,26.3125,23.11,900.0,
000000.000,0.0,0.0,0.0,99.99,26.25,23.11,900.0,
000000.000,0.0,0.0,0.0,99.99,26.25,23.11,900.0,
000000.000,0.0,0.0,0.0,99.99,26.25,23.11,900.0,
000000.000,0.0,0.0,0.0,99.99,26.3125,23.11,900.0,
000000.000,0.0,0.0,0.0,99.99,26.3125,23.11,900.0,
000000.000,0.0,0.0,0.0,99.99,26.3125,23.11,900.0,
000000.000,0.0,0.0,0.0,99.99,26.375,23.11,900.0,
000000.000,0.0,0.0,0.0,99.99,26.375,23.11,900.0,
000000.000,0.0,0.0,0.0,99.99,26.375,23.11,900.0,
000000.000,0.0,0.0,0.0,99.99,26.375,23.11,900.0,
000000.000,0.0,0.0,0.0,99.99,26.375,23.11,900.0,
000000.000,0.0,0.0,0.0,99.99,26.375,23.11,900.0,
000000.000,0.0,0.0,0.0,99.99,26.375,23.11,900.0,
000000.000,0.0,0.0,0.0,99.99,26.375,23.11,900.0,
000000.000,0.0,0.0,0.0,99.99,26.375,23.11,900.0,
000000.000,0.0,0.0,0.0,99.99,26.4375,23.11,900.0,
000000.000,0.0,0.0,0.0,99.99,26.4375,23.11,900.0,
000000.000,0.0,0.0,0.0,99.99,26.4375,23.11,900.0,
000000.000,0.0,0.0,0.0,99.99,26.4375,23.11,900.0,
000000.000,0.0,0.0,0.0,99.99,26.4375,23.11,900.0,
000000.000,0.0,0.0,0.0,99.99,26.4375,23.11,900.0,
000000.000,0.0,0.0,0.0,99.99,26.4375,23.11,900.0,
000000.000,0.0,0.0,0.0,99.99,26.4375,23.11,900.0,
000000.000,0.0,0.0,0.0,99.99,26.375,23.11,900.0,
000000.000,0.0,0.0,0.0,99.99,26.375,23.11,900.0,
000000.000,0.0,0.0,0.0,99.99,26.375,23.11,900.0,
000000.000,0.0,0.0,0.0,99.99,26.375,23.11,900.0,
000000.000,0.0,0.0,0.0,99.99,26.3125,23.11,900.0,
000000.000,0.0,0.0,0.0,99.99,26.375,23.11,900.0,
000000.000,0.0,0.0,0.0,99.99,26.3125,23.11,900.0,
000000.000,0.0,0.0,0.0,99.99,26.375,23.11,900.0,
000000.000,0.0,0.0,0.0,99.99,26.3125,23.11,900.0,
000000.000,0.0,0.0,0.0,99.99,26.3125,23.11,900.0,
000000.000,0.0,0.0,0.0,99.99,26.3125,23.11,900.0,
000000.000,0.0,0.0,0.0,99.99,26.3125,23.11,900.0,
000000.000,0.0,0.0,0.0,99.99,26.375,23.11,900.0,
000000.000,0.0,0.0,0.0,99.99,26.375,23.11,900.0,
000000.000,0.0,0.0,0.0,99.99,26.375,23.11,900.0,
000000.000,0.0,0.0,0.0,99.99,26.375,23.11,900.0,
000000.000,0.0,0.0,0.0,99.99,26.3125,23.11,900.0,
000000.000,0.0,0.0,0.0,99.99,26.375,23.11,900.0,
000000.000,0.0,0.0,0.0,99.99,26.375,23.11,900.0,
000000.000,0.0,0.0,0.0,99.99,26.3125,23.11,900.0,
000000.000,0.0,0.0,0.0,99.99,26.3125,23.11,900.0,
000000.000,0.0,0.0,0.0,99.99,26.3125,23.11,900.0,
000000.000,0.0,0.0,0.0,99.99,26.3125,23.11,900.0,
000000.000,0.0,0.0,0.0,99.99,26.3125,23.11,900.0,
000000.000,0.0,0.0,0.0,99.99,26.3125,23.11,900.0,
000000.000,0.0,0.0,0.0,99.99,26.25,23.11,900.0,
000000.000,0.0,0.0,0.0,99.99,26.3125,23.11,900.0,
000000.000,0.0,0.0,0.0,99.99,26.3125,23.11,900.0,
000000.000,0.0,0.0,0.0,99.99,26.375,23.11,900.0,
000000.000,0.0,0.0,0.0,99.99,26.375,23.11,900.0,
000000.000,0.0,0.0,0.0,99.99,26.375,23.11,900.0,
000000.000,0.0,0.0,0.0,99.99,26.4375,23.11,900.0,
000000.000,0.0,0.0,0.0,99.99,26.4375,23.11,900.0,
000000.000,0.0,0.0,0.0,99.99,26.5,23.11,900.0,
000000.000,0.0,0.0,0.0,99.99,26.5,23.11,900.0,
000000.000,0.0,0.0,0.0,99.99,26.5625,23.11,900.0,
000000.000,0.0,0.0,0.0,99.99,26.5625,23.11,900.0,
000000.000,0.0,0.0,0.0,99.99,26.5625,23.11,900.0,
000000.000,0.0,0.0,0.0,99.99,26.5625,23.11,900.0,
000000.000,0.0,0.0,0.0,99.99,26.5625,23.11,900.0,
000000.000,0.0,0.0,0.0,99.99,26.5625,23.11,900.0,
000000.000,0.0,0.0,0.0,99.99,26.5625,23.11,900.0,
000000.000,0.0,0.0,0.0,99.99,26.5625,23.11,900.0,
000000.000,0.0,0.0,0.0,99.99,26.5625,23.11,900.0,
000000.000,0.0,0.0,0.0,99.99,26.5,23.11,900.0,
000000.000,0.0,0.0,0.0,99.99,26.5625,23.11,900.0,
000000.000,0.0,0.0,0.0,99.99,26.5625,23.11,900.0,
000000.000,0.0,0.0,0.0,99.99,26.5625,23.11,900.0,
000000.000,0.0,0.0,0.0,99.99,26.5625,23.11,900.0,
000000.000,0.0,0.0,0.0,99.99,26.5625,23.11,900.0,
000000.000,0.0,0.0,0.0,99.99,26.5625,23.11,900.0,
000000.000,0.0,0.0,0.0,99.99,26.625,23.11,900.0,
000000.000,0.0,0.0,0.0,99.99,26.625,23.11,900.0,
000000.000,0.0,0.0,0.0,99.99,26.5625,23.11,900.0,
000000.000,0.0,0.0,0.0,99.99,26.5625,23.11,900.0,
000000.000,0.0,0.0,0.0,99.99,26.5625,23.11,900.0,
000000.000,0.0,0.0,0.0,99.99,26.5,23.11,900.0,
000000.000,0.0,0.0,0.0,99.99,26.5625,23.11,900.0,
000000.000,0.0,0.0,0.0,99.99,26.5,23.11,900.0,
000000.000,0.0,0.0,0.0,99.99,26.4375,23.11,900.0,
000000.000,0.0,0.0,0.0,99.99,26.4375,23.11,900.0,
000000.000,0.0,0.0,0.0,99.99,26.4375,23.11,900.0,
000000.000,0.0,0.0,0.0,99.99,26.5,23.11,900.0,
000000.000,0.0,0.0,0.0,99.99,26.5,23.11,900.0,
000000.000,0.0,0.0,0.0,99.99,26.5,23.11,900.0,
000000.000,0.0,0.0,0.0,99.99,26.5,23.11,900.0,
000000.000,0.0,0.0,0.0,99.99,26.5625,23.11,900.0,
000000.000,0.0,0.0,0.0,99.99,26.5625,23.11,900.0,
000000.000,0.0,0.0,0.0,99.99,26.5625,23.11,900.0,
000000.000,0.0,0.0,0.0,99.99,26.5625,23.11,900.0,
000000.000,0.0,0.0,0.0,99.99,26.5625,23.11,900.0,
000000.000,0.0,0.0,0.0,99.99,26.5625,23.11,900.0,
000000.000,0.0,0.0,0.0,99.99,26.625,23.11,900.0,
000000.000,0.0,0.0,0.0,99.99,26.625,23.11,900.0,
000000.000,0.0,0.0,0.0,99.99,26.625,23.11,900.0,
000000.000,0.0,0.0,0.0,99.99,26.625,23.11,900.0,
000000.000,0.0,0.0,0.0,99.99,26.5625,23.11,900.0,
000000.000,0.0,0.0,0.0,99.99,26.4375,23.11,900.0,
000000.000,0.0,0.0,0.0,99.99,26.4375,23.11,900.0,
000000.000,0.0,0.0,0.0,99.99,26.4375,23.11,900.0,
000000.000,0.0,0.0,0.0,99.99,26.4375,23.11,900.0,
000000.000,0.0,0.0,0.0,99.99,26.5,23.11,900.0,
000000.000,0.0,0.0,0.0,99.99,26.5,23.11,900.0,
000000.000,0.0,0.0,0.0,99.99,26.5625,23.11,900.0,
000000.000,0.0,0.0,0.0,99.99,26.5625,23.11,900.0,
000000.000,0.0,0.0,0.0,99.99,26.5,23.11,900.0,
000000.000,0.0,0.0,0.0,99.99,26.5625,23.11,900.0,
000000.000,0.0,0.0,0.0,99.99,26.5,23.11,900.0,
000000.000,0.0,0.0,0.0,99.99,26.5625,23.11,900.0,
000000.000,0.0,0.0,0.0,99.99,26.625,23.11,900.0,
000000.000,0.0,0.0,0.0,99.99,26.6875,23.11,900.0,
000000.000,0.0,0.0,0.0,99.99,26.75,23.11,900.0,
000000.000,0.0,0.0,0.0,99.99,26.8125,23.11,900.0,
000000.000,0.0,0.0,0.0,99.99,26.875,23.11,900.0,
000000.000,0.0,0.0,0.0,99.99,26.875,23.11,900.0,
000000.000,0.0,0.0,0.0,99.99,26.9375,23.11,900.0,
000000.000,0.0,0.0,0.0,99.99,26.875,23.11,900.0,
000000.000,0.0,0.0,0.0,99.99,26.9375,23.11,900.0,
000000.000,0.0,0.0,0.0,99.99,26.875,23.11,900.0,
000000.000,0.0,0.0,0.0,99.99,26.9375,23.11,900.0,
000000.000,0.0,0.0,0.0,99.99,26.9375,23.11,900.0,
000000.000,0.0,0.0,0.0,99.99,26.875,23.11,900.0,
000000.000,0.0,0.0,0.0,99.99,26.875,23.11,900.0,
000000.000,0.0,0.0,0.0,99.99,26.8125,23.11,900.0,
000000.000,0.0,0.0,0.0,99.99,26.6875,23.11,900.0,
000000.000,0.0,0.0,0.0,99.99,26.6875,23.11,900.0,
000000.000,0.0,0.0,0.0,99.99,26.625,23.11,900.0,
000000.000,0.0,0.0,0.0,99.99,26.5625,23.11,900.0,
000000.000,0.0,0.0,0.0,99.99,26.5625,23.11,900.0,
000000.000,0.0,0.0,0.0,99.99,26.5,23.11,900.0,
000000.000,0.0,0.0,0.0,99.99,26.4375,23.11,900.0,
000000.000,0.0,0.0,0.0,99.99,26.4375,23.11,900.0,
000000.000,0.0,0.0,0.0,99.99,26.375,23.11,900.0,
000000.000,0.0,0.0,0.0,99.99,26.375,23.11,900.0,
000000.000,0.0,0.0,0.0,99.99,26.375,23.11,900.0,
000000.000,0.0,0.0,0.0,99.99,26.3125,23.11,900.0,
000000.000,0.0,0.0,0.0,99.99,26.25,23.11,900.0,
000000.000,0.0,0.0,0.0,99.99,26.25,23.11,900.0,
000000.000,0.0,0.0,0.0,99.99,26.3125,23.11,900.0,
000000.000,0.0,0.0,0.0,99.99,26.3125,23.11,900.0,
000000.000,0.0,0.0,0.0,99.99,26.375,23.11,900.0,
000000.000,0.0,0.0,0.0,99.99,26.375,23.11,900.0,
000000.000,0.0,0.0,0.0,99.99,26.375,23.11,900.0,
000000.000,0.0,0.0,0.0,99.99,26.375,23.11,900.0,
000000.000,0.0,0.0,0.0,99.99,26.4375,23.11,900.0,
000000.000,0.0,0.0,0.0,99.99,26.4375,23.11,900.0,
000000.000,0.0,0.0,0.0,99.99,26.5,23.11,900.0,
000000.000,0.0,0.0,0.0,99.99,26.5,23.11,900.0,
000000.000,0.0,0.0,0.0,99.99,26.5,23.11,900.0,
000000.000,0.0,0.0,0.0,99.99,26.5,23.11,900.0,
000000.000,0.0,0.0,0.0,99.99,26.5625,23.11,900.0,
000000.000,0.0,0.0,0.0,99.99,26.5625,23.11,900.0,
000000.000,0.0,0.0,0.0,99.99,26.5625,23.11,900.0,
000000.000,0.0,0.0,0.0,99.99,26.625,23.11,900.0,
000000.000,0.0,0.0,0.0,99.99,26.6875,23.11,900.0,
000000.000,0.0,0.0,0.0,99.99,26.6875,23.11,900.0,
000000.000,0.0,0.0,0.0,99.99,26.75,23.11,900.0,
000000.000,0.0,0.0,0.0,99.99,26.8125,23.11,900.0,
000000.000,0.0,0.0,0.0,99.99,26.8125,23.11,900.0,
000000.000,0.0,0.0,0.0,99.99,26.875,23.11,900.0,
000000.000,0.0,0.0,0.0,99.99,26.875,23.11,900.0,
000000.000,0.0,0.0,0.0,99.99,26.875,23.11,900.0,
000000.000,0.0,0.0,0.0,99.99,26.8125,23.11,900.0,
000000.000,0.0,0.0,0.0,99.99,26.75,23.11,900.0,
000000.000,0.0,0.0,0.0,99.99,26.75,23.11,900.0,
000000.000,0.0,0.0,0.0,99.99,26.6875,23.11,900.0,
000000.000,0.0,0.0,0.0,99.99,26.6875,23.11,900.0,
000000.000,0.0,0.0,0.0,99.99,26.6875,23.11,900.0,
000000.000,0.0,0.0,0.0,99.99,26.625,23.11,900.0,
000000.000,0.0,0.0,0.0,99.99,26.625,23.11,900.0,
000000.000,0.0,0.0,0.0,99.99,26.625,23.11,900.0,
000000.000,0.0,0.0,0.0,99.99,26.625,23.11,900.0,
000000.000,0.0,0.0,0.0,99.99,26.625,23.11,900.0,
000000.000,0.0,0.0,0.0,99.99,26.625,23.11,900.0,
000000.000,0.0,0.0,0.0,99.99,26.6875,23.11,900.0,
000000.000,0.0,0.0,0.0,99.99,26.6875,23.11,900.0,
000000.000,0.0,0.0,0.0,99.99,26.6875,23.11,900.0,
000000.000,0.0,0.0,0.0,99.99,26.6875,23.11,900.0,
000000.000,0.0,0.0,0.0,99.99,26.625,23.11,900.0,
000000.000,0.0,0.0,0.0,99.99,26.5625,23.11,900.0,
000000.000,0.0,0.0,0.0,99.99,26.5625,23.11,900.0,
000000.000,0.0,0.0,0.0,99.99,26.5,23.11,900.0,
000000.000,0.0,0.0,0.0,99.99,26.4375,23.11,900.0,
000000.000,0.0,0.0,0.0,99.99,26.4375,23.11,900.0,
000000.000,0.0,0.0,0.0,99.99,26.4375,23.11,900.0,
000000.000,0.0,0.0,0.0,99.99,26.4375,23.11,900.0,
000000.000,0.0,0.0,0.0,99.99,26.375,23.11,900.0,
000000.000,0.0,0.0,0.0,99.99,26.375,23.11,900.0,
000000.000,0.0,0.0,0.0,99.99,26.375,23.11,900.0,
000000.000,0.0,0.0,0.0,99.99,26.3125,23.11,900.0,
000000.000,0.0,0.0,0.0,99.99,26.3125,23.11,900.0,
000000.000,0.0,0.0,0.0,99.99,26.25,23.11,900.0,
000000.000,0.0,0.0,0.0,99.99,26.25,23.11,900.0,
000000.000,0.0,0.0,0.0,99.99,26.25,23.11,900.0,
000000.000,0.0,0.0,0.0,99.99,26.25,23.11,900.0,
000000.000,0.0,0.0,0.0,99.99,26.25,23.11,900.0,
000000.000,0.0,0.0,0.0,99.99,26.25,23.11,900.0,
000000.000,0.0,0.0,0.0,99.99,26.25,23.11,900.0,
000000.000,0.0,0.0,0.0,99.99,26.25,23.11,900.0,
000000.000,0.0,0.0,0.0,99.99,26.3125,23.11,900.0,
000000.000,0.0,0.0,0.0,99.99,26.3125,23.11,900.0,
000000.000,0.0,0.0,0.0,99.99,26.375,23.11,900.0,
000000.000,0.0,0.0,0.0,99.99,26.4375,23.11,900.0,
000000.000,0.0,0.0,0.0,99.99,26.4375,23.11,900.0,
000000.000,0.0,0.0,0.0,99.99,26.5,23.11,900.0,
000000.000,0.0,0.0,0.0,99.99,26.5,23.11,900.0,
000000.000,0.0,0.0,0.0,99.99,26.5,23.11,900.0,
000000.000,0.0,0.0,0.0,99.99,26.5,23.11,900.0,
000000.000,0.0,0.0,0.0,99.99,26.4375,23.11,900.0,
000000.000,0.0,0.0,0.0,99.99,26.4375,23.11,900.0,
000000.000,0.0,0.0,0.0,99.99,26.4375,23.11,900.0,
000000.000,0.0,0.0,0.0,99.99,26.4375,23.11,900.0,
000000.000,0.0,0.0,0.0,99.99,26.4375,23.11,900.0,
000000.000,0.0,0.0,0.0,99.99,26.4375,23.11,900.0,
000000.000,0.0,0.0,0.0,99.99,26.5,23.11,900.0,
000000.000,0.0,0.0,0.0,99.99,26.5,23.11,900.0,
000000.000,0.0,0.0,0.0,99.99,26.4375,23.11,900.0,
000000.000,0.0,0.0,0.0,99.99,26.375,23.11,900.0,
000000.000,0.0,0.0,0.0,99.99,26.375,23.11,900.0,
000000.000,0.0,0.0,0.0,99.99,26.375,23.11,900.0,
000000.000,0.0,0.0,0.0,99.99,26.375,23.11,900.0,
000000.000,0.0,0.0,0.0,99.99,26.375,23.11,900.0,
000000.000,0.0,0.0,0.0,99.99,26.3125,23.11,900.0,
000000.000,0.0,0.0,0.0,99.99,26.25,23.11,900.0,
000000.000,0.0,0.0,0.0,99.99,26.3125,23.11,900.0,
000000.000,0.0,0.0,0.0,99.99,26.3125,23.11,900.0,
000000.000,0.0,0.0,0.0,99.99,26.3125,23.11,900.0,
000000.000,0.0,0.0,0.0,99.99,26.25,23.11,900.0,
000000.000,0.0,0.0,0.0,99.99,26.25,23.11,900.0,
000000.000,0.0,0.0,0.0,99.99,26.3125,23.11,900.0,
000000.000,0.0,0.0,0.0,99.99,26.25,23.11,900.0,
000000.000,0.0,0.0,0.0,99.99,26.25,23.11,900.0,
000000.000,0.0,0.0,0.0,99.99,26.25,23.11,900.0,
000000.000,0.0,0.0,0.0,99.99,26.25,23.11,900.0,
000000.000,0.0,0.0,0.0,99.99,26.1875,23.11,900.0,
000000.000,0.0,0.0,0.0,99.99,26.1875,23.11,900.0,
000000.000,0.0,0.0,0.0,99.99,26.1875,23.11,900.0,
000000.000,0.0,0.0,0.0,99.99,26.1875,23.11,900.0,
000000.000,0.0,0.0,0.0,99.99,26.125,23.11,900.0,
000000.000,0.0,0.0,0.0,99.99,26.125,23.11,900.0,
000000.000,0.0,0.0,0.0,99.99,26.0625,23.11,900.0,
000000.000,0.0,0.0,0.0,99.99,26.0625,23.11,900.0,
000000.000,0.0,0.0,0.0,99.99,26.0,23.11,900.0,
000000.000,0.0,0.0,0.0,99.99,26.0,23.11,900.0,
000000.000,0.0,0.0,0.0,99.99,26.0,23.11,900.0,
000000.000,0.0,0.0,0.0,99.99,26.0,23.11,900.0,
000000.000,0.0,0.0,0.0,99.99,26.0,23.11,900.0,
000000.000,0.0,0.0,0.0,99.99,26.0625,23.11,900.0,
000000.000,0.0,0.0,0.0,99.99,26.0625,23.11,900.0,
000000.000,0.0,0.0,0.0,99.99,26.125,23.11,900.0,
000000.000,0.0,0.0,0.0,99.99,26.1875,23.11,900.0,
000000.000,0.0,0.0,0.0,99.99,26.125,23.11,900.0,
000000.000,0.0,0.0,0.0,99.99,26.1875,23.11,900.0,
000000.000,0.0,0.0,0.0,99.99,26.25,23.11,900.0,
000000.000,0.0,0.0,0.0,99.99,26.1875,23.11,900.0,
000000.000,0.0,0.0,0.0,99.99,26.1875,23.11,900.0,
000000.000,0.0,0.0,0.0,99.99,26.125,23.11,900.0,
000000.000,0.0,0.0,0.0,99.99,26.125,23.11,900.0,
000000.000,0.0,0.0,0.0,99.99,26.125,23.11,900.0,
000000.000,0.0,0.0,0.0,99.99,26.125,23.11,900.0,
000000.000,0.0,0.0,0.0,99.99,26.125,23.11,900.0,
000000.000,0.0,0.0,0.0,99.99,26.1875,23.11,900.0,
000000.000,0.0,0.0,0.0,99.99,26.125,23.11,900.0,
000000.000,0.0,0.0,0.0,99.99,26.1875,23.11,900.0,
000000.000,0.0,0.0,0.0,99.99,26.125,23.11,900.0,
000000.000,0.0,0.0,0.0,99.99,26.0625,23.11,900.0,
000000.000,0.0,0.0,0.0,99.99,26.0625,23.11,900.0,
000000.000,0.0,0.0,0.0,99.99,26.0,23.11,900.0,
000000.000,0.0,0.0,0.0,99.99,25.9375,23.11,900.0,
000000.000,0.0,0.0,0.0,99.99,25.9375,23.11,900.0,
000000.000,0.0,0.0,0.0,99.99,25.9375,23.11,900.0,
000000.000,0.0,0.0,0.0,99.99,25.9375,23.11,900.0,
000000.000,0.0,0.0,0.0,99.99,25.9375,23.11,900.0,
000000.000,0.0,0.0,0.0,99.99,25.9375,23.11,900.0,
000000.000,0.0,0.0,0.0,99.99,25.9375,23.11,900.0,
000000.000,0.0,0.0,0.0,99.99,25.9375,23.11,900.0,
000000.000,0.0,0.0,0.0,99.99,25.9375,23.11,900.0,
000000.000,0.0,0.0,0.0,99.99,25.9375,23.11,900.0,
000000.000,0.0,0.0,0.0,99.99,25.9375,23.11,900.0,
000000.000,0.0,0.0,0.0,99.99,26.0,23.11,900.0,
000000.000,0.0,0.0,0.0,99.99,25.9375,23.11,900.0,
000000.000,0.0,0.0,0.0,99.99,25.9375,23.11,900.0,
000000.000,0.0,0.0,0.0,99.99,25.9375,23.11,900.0,
000000.000,0.0,0.0,0.0,99.99,26.0,23.11,900.0,
000000.000,0.0,0.0,0.0,99.99,26.0,23.11,900.0,
000000.000,0.0,0.0,0.0,99.99,25.9375,23.11,900.0,
000000.000,0.0,0.0,0.0,99.99,26.0,23.11,900.0,
000000.000,0.0,0.0,0.0,99.99,26.0,23.11,900.0,
000000.000,0.0,0.0,0.0,99.99,25.9375,23.11,900.0,
000000.000,0.0,0.0,0.0,99.99,26.0,23.11,900.0,
000000.000,0.0,0.0,0.0,99.99,25.9375,23.11,900.0,
000000.000,0.0,0.0,0.0,99.99,26.0,23.11,900.0,
000000.000,0.0,0.0,0.0,99.99,25.9375,23.11,900.0,
000000.000,0.0,0.0,0.0,99.99,25.9375,23.11,900.0,
000000.000,0.0,0.0,0.0,99.99,25.9375,23.11,900.0,
000000.000,0.0,0.0,0.0,99.99,25.9375,23.11,900.0,
000000.000,0.0,0.0,0.0,99.99,25.9375,23.11,900.0,
000000.000,0.0,0.0,0.0,99.99,25.9375,23.11,900.0,
000000.000,0.0,0.0,0.0,99.99,25.9375,23.11,900.0,
000000.000,0.0,0.0,0.0,99.99,26.0,23.11,900.0,
000000.000,0.0,0.0,0.0,99.99,26.0625,23.11,900.0,
000000.000,0.0,0.0,0.0,99.99,26.0625,23.11,900.0,
000000.000,0.0,0.0,0.0,99.99,26.125,23.11,900.0,
000000.000,0.0,0.0,0.0,99.99,26.0625,23.11,900.0,
000000.000,0.0,0.0,0.0,99.99,26.0625,23.11,900.0,
000000.000,0.0,0.0,0.0,99.99,26.125,23.11,900.0,
000000.000,0.0,0.0,0.0,99.99,26.125,23.11,900.0,
000000.000,0.0,0.0,0.0,99.99,26.0625,23.11,900.0,
000000.000,0.0,0.0,0.0,99.99,26.125,23.11,900.0,
000000.000,0.0,0.0,0.0,99.99,26.125,23.11,900.0,
000000.000,0.0,0.0,0.0,99.99,26.125,23.11,900.0,
000000.000,0.0,0.0,0.0,99.99,26.125,23.11,900.0,
000000.000,0.0,0.0,0.0,99.99,26.125,23.11,900.0,
000000.000,0.0,0.0,0.0,99.99,26.125,23.11,900.0,
000000.000,0.0,0.0,0.0,99.99,26.1875,23.11,900.0,
000000.000,0.0,0.0,0.0,99.99,26.25,23.11,900.0,
000000.000,0.0,0.0,0.0,99.99,26.25,23.11,900.0,
000000.000,0.0,0.0,0.0,99.99,26.3125,23.11,900.0,
000000.000,0.0,0.0,0.0,99.99,26.3125,23.11,900.0,
000000.000,0.0,0.0,0.0,99.99,26.3125,23.11,900.0,
000000.000,0.0,0.0,0.0,99.99,26.3125,23.11,900.0,
000000.000,0.0,0.0,0.0,99.99,26.3125,23.11,900.0,
000000.000,0.0,0.0,0.0,99.99,26.3125,23.11,900.0,
000000.000,0.0,0.0,0.0,99.99,26.3125,23.11,900.0,
000000.000,0.0,0.0,0.0,99.99,26.3125,23.11,900.0,
000000.000,0.0,0.0,0.0,99.99,26.3125,23.11,900.0,
000000.000,0.0,0.0,0.0,99.99,26.3125,23.11,900.0,
000000.000,0.0,0.0,0.0,99.99,26.25,23.11,900.0,
000000.000,0.0,0.0,0.0,99.99,26.25,23.11,900.0,
000000.000,0.0,0.0,0.0,99.99,26.25,23.11,900.0,
000000.000,0.0,0.0,0.0,99.99,26.25,23.11,900.0,
000000.000,0.0,0.0,0.0,99.99,26.25,23.11,900.0,
000000.000,0.0,0.0,0.0,99.99,26.25,23.11,900.0,
000000.000,0.0,0.0,0.0,99.99,26.25,23.11,900.0,
000000.000,0.0,0.0,0.0,99.99,26.3125,23.11,900.0,
000000.000,0.0,0.0,0.0,99.99,26.3125,23.11,900.0,
000000.000,0.0,0.0,0.0,99.99,26.25,23.11,900.0,
000000.000,0.0,0.0,0.0,99.99,26.25,23.11,900.0,
000000.000,0.0,0.0,0.0,99.99,26.3125,23.11,900.0,
000000.000,0.0,0.0,0.0,99.99,26.3125,23.11,900.0,
000000.000,0.0,0.0,0.0,99.99,26.3125,23.11,900.0,
000000.000,0.0,0.0,0.0,99.99,26.3125,23.11,900.0,
000000.000,0.0,0.0,0.0,99.99,26.3125,23.11,900.0,
000000.000,0.0,0.0,0.0,99.99,26.375,23.11,900.0,
000000.000,0.0,0.0,0.0,99.99,26.375,23.11,900.0,
000000.000,0.0,0.0,0.0,99.99,26.375,23.11,900.0,
000000.000,0.0,0.0,0.0,99.99,26.3125,23.11,900.0,
000000.000,0.0,0.0,0.0,99.99,26.375,23.11,900.0,
000000.000,0.0,0.0,0.0,99.99,26.375,23.11,900.0,
000000.000,0.0,0.0,0.0,99.99,26.375,23.11,900.0,
000000.000,0.0,0.0,0.0,99.99,26.3125,23.11,900.0,
000000.000,0.0,0.0,0.0,99.99,26.375,23.11,900.0,
000000.000,0.0,0.0,0.0,99.99,26.375,23.11,900.0,
000000.000,0.0,0.0,0.0,99.99,26.4375,23.11,900.0,
000000.000,0.0,0.0,0.0,99.99,26.4375,23.11,900.0,
000000.000,0.0,0.0,0.0,99.99,26.5,23.11,900.0,
000000.000,0.0,0.0,0.0,99.99,26.5,23.11,900.0,
000000.000,0.0,0.0,0.0,99.99,26.5625,23.11,900.0,
000000.000,0.0,0.0,0.0,99.99,26.5625,23.11,900.0,
000000.000,0.0,0.0,0.0,99.99,26.5625,23.11,900.0,
000000.000,0.0,0.0,0.0,99.99,26.5,23.11,900.0,
000000.000,0.0,0.0,0.0,99.99,26.5625,23.11,900.0,
000000.000,0.0,0.0,0.0,99.99,26.5,23.11,900.0,
000000.000,0.0,0.0,0.0,99.99,26.5,23.11,900.0,
000000.000,0.0,0.0,0.0,99.99,26.5,23.11,900.0,
000000.000,0.0,0.0,0.0,99.99,26.5625,23.11,900.0,
000000.000,0.0,0.0,0.0,99.99,26.5,23.11,900.0,
000000.000,0.0,0.0,0.0,99.99,26.5625,23.11,900.0,
000000.000,0.0,0.0,0.0,99.99,26.5625,23.11,900.0,
000000.000,0.0,0.0,0.0,99.99,26.5,23.11,900.0,
000000.000,0.0,0.0,0.0,99.99,26.5,23.11,900.0,
000000.000,0.0,0.0,0.0,99.99,26.5,23.11,900.0,
000000.000,0.0,0.0,0.0,99.99,26.5,23.11,900.0,
000000.000,0.0,0.0,0.0,99.99,26.4375,23.11,900.0,
000000.000,0.0,0.0,0.0,99.99,26.4375,23.11,900.0,
000000.000,0.0,0.0,0.0,99.99,26.4375,23.11,900.0,
000000.000,0.0,0.0,0.0,99.99,26.375,23.11,900.0,
000000.000,0.0,0.0,0.0,99.99,26.375,23.11,900.0,
000000.000,0.0,0.0,0.0,99.99,26.375,23.11,900.0,
000000.000,0.0,0.0,0.0,99.99,26.4375,23.11,900.0,
000000.000,0.0,0.0,0.0,99.99,26.4375,23.11,900.0,
000000.000,0.0,0.0,0.0,99.99,26.4375,23.11,900.0,
000000.000,0.0,0.0,0.0,99.99,26.4375,23.11,900.0,
000000.000,0.0,0.0,0.0,99.99,26.4375,23.11,900.0,
000000.000,0.0,0.0,0.0,99.99,26.4375,23.11,900.0,
000000.000,0.0,0.0,0.0,99.99,26.5,23.11,900.0,
000000.000,0.0,0.0,0.0,99.99,26.5625,23.11,900.0,
000000.000,0.0,0.0,0.0,99.99,26.5625,23.11,900.0,
000000.000,0.0,0.0,0.0,99.99,26.5625,23.11,900.0,
000000.000,0.0,0.0,0.0,99.99,26.5625,23.11,900.0,
000000.000,0.0,0.0,0.0,99.99,26.5625,23.11,900.0,
000000.000,0.0,0.0,0.0,99.99,26.5,23.11,900.0,
000000.000,0.0,0.0,0.0,99.99,26.5,23.11,900.0,
000000.000,0.0,0.0,0.0,99.99,26.5,23.11,900.0,
000000.000,0.0,0.0,0.0,99.99,26.4375,23.11,900.0,
000000.000,0.0,0.0,0.0,99.99,26.5,23.11,900.0,
000000.000,0.0,0.0,0.0,99.99,26.5,23.11,900.0,
000000.000,0.0,0.0,0.0,99.99,26.5,23.11,900.0,
000000.000,0.0,0.0,0.0,99.99,26.5,23.11,900.0,
000000.000,0.0,0.0,0.0,99.99,26.4375,23.11,900.0,
000000.000,0.0,0.0,0.0,99.99,26.375,23.11,900.0,
000000.000,0.0,0.0,0.0,99.99,26.375,23.11,900.0,
000000.000,0.0,0.0,0.0,99.99,26.3125,23.11,900.0,
000000.000,0.0,0.0,0.0,99.99,26.25,23.11,900.0,
000000.000,0.0,0.0,0.0,99.99,26.25,23.11,900.0,
000000.000,0.0,0.0,0.0,99.99,26.1875,23.11,900.0,
000000.000,0.0,0.0,0.0,99.99,26.1875,23.11,900.0,
000000.000,0.0,0.0,0.0,99.99,26.1875,23.11,900.0,
000000.000,0.0,0.0,0.0,99.99,26.1875,23.11,900.0,
000000.000,0.0,0.0,0.0,99.99,26.1875,23.11,900.0,
000000.000,0.0,0.0,0.0,99.99,26.1875,23.11,900.0,
000000.000,0.0,0.0,0.0,99.99,26.1875,23.11,900.0,
000000.000,0.0,0.0,0.0,99.99,26.1875,23.11,900.0,
000000.000,0.0,0.0,0.0,99.99,26.1875,23.11,900.0,
000000.000,0.0,0.0,0.0,99.99,26.1875,23.11,900.0,
000000.000,0.0,0.0,0.0,99.99,26.1875,23.11,900.0,
000000.000,0.0,0.0,0.0,99.99,26.1875,23.11,900.0,
000000.000,0.0,0.0,0.0,99.99,26.1875,23.11,900.0,
000000.000,0.0,0.0,0.0,99.99,26.1875,23.11,900.0,
000000.000,0.0,0.0,0.0,99.99,26.1875,23.11,900.0,
000000.000,0.0,0.0,0.0,99.99,26.1875,23.11,900.0,
000000.000,0.0,0.0,0.0,99.99,26.1875,23.11,900.0,
000000.000,0.0,0.0,0.0,99.99,26.1875,23.11,900.0,
000000.000,0.0,0.0,0.0,99.99,26.1875,23.11,900.0,
000000.000,0.0,0.0,0.0,99.99,26.1875,23.11,900.0,
000000.000,0.0,0.0,0.0,99.99,26.1875,23.11,900.0,
000000.000,0.0,0.0,0.0,99.99,26.1875,23.11,900.0,
000000.000,0.0,0.0,0.0,99.99,26.125,23.11,900.0,
000000.000,0.0,0.0,0.0,99.99,26.125,23.11,900.0,
000000.000,0.0,0.0,0.0,99.99,26.125,23.11,900.0,
000000.000,0.0,0.0,0.0,99.99,26.125,23.11,900.0,
000000.000,0.0,0.0,0.0,99.99,26.125,23.11,900.0,
000000.000,0.0,0.0,0.0,99.99,26.1875,23.11,900.0,
000000.000,0.0,0.0,0.0,99.99,26.1875,23.11,900.0,
000000.000,0.0,0.0,0.0,99.99,26.25,23.11,900.0,
000000.000,0.0,0.0,0.0,99.99,26.25,23.11,900.0,
000000.000,0.0,0.0,0.0,99.99,26.3125,23.11,900.0,
000000.000,0.0,0.0,0.0,99.99,26.375,23.11,900.0,
000000.000,0.0,0.0,0.0,99.99,26.375,23.11,900.0,
000000.000,0.0,0.0,0.0,99.99,26.4375,23.11,900.0,
000000.000,0.0,0.0,0.0,99.99,26.4375,23.11,900.0,
000000.000,0.0,0.0,0.0,99.99,26.5,23.11,900.0,
000000.000,0.0,0.0,0.0,99.99,26.5,23.11,900.0,
000000.000,0.0,0.0,0.0,99.99,26.5625,23.11,900.0,
000000.000,0.0,0.0,0.0,99.99,26.5625,23.11,900.0,
000000.000,0.0,0.0,0.0,99.99,26.5625,23.11,900.0,
000000.000,0.0,0.0,0.0,99.99,26.625,23.11,900.0,
000000.000,0.0,0.0,0.0,99.99,26.625,23.11,900.0,
000000.000,0.0,0.0,0.0,99.99,26.5625,23.11,900.0,
000000.000,0.0,0.0,0.0,99.99,26.5625,23.11,900.0,
000000.000,0.0,0.0,0.0,99.99,26.625,23.11,900.0,
000000.000,0.0,0.0,0.0,99.99,26.625,23.11,900.0,
000000.000,0.0,0.0,0.0,99.99,26.625,23.11,900.0,
000000.000,0.0,0.0,0.0,99.99,26.6875,23.11,900.0,
000000.000,0.0,0.0,0.0,99.99,26.625,23.11,900.0,
145435.00,0.0,0.0,0.0,99.99,26.625,23.11,900.0,
145436.00,0.0,0.0,0.0,99.99,27.4375,23.11,900.0,
145438.00,0.0,0.0,0.0,99.99,27.4375,23.11,900.0,
145440.00,0.0,0.0,0.0,99.99,27.5,23.11,900.0,
145534.00,0.0,0.0,0.0,99.99,27.5,23.11,0.0,
145535.00,0.0,0.0,0.0,99.99,26.6875,23.11,0.0,
145537.00,0.0,0.0,0.0,99.99,26.625,23.11,0.0,
145539.00,0.0,0.0,0.0,99.99,26.5625,23.11,0.0,
145540.00,0.0,0.0,0.0,99.99,26.4375,23.11,0.0,
145542.00,0.0,0.0,0.0,99.99,26.375,23.11,0.0,
145544.00,0.0,0.0,0.0,99.99,26.375,23.11,0.0,
145545.00,0.0,0.0,0.0,99.99,26.375,23.11,0.0,
145547.00,0.0,0.0,0.0,99.99,26.375,23.11,0.0,
145549.00,0.0,0.0,0.0,99.99,26.4375,23.11,0.0,
145550.00,0.0,0.0,0.0,99.99,26.4375,23.11,0.0,
145552.00,0.0,0.0,0.0,99.99,26.375,23.11,0.0,
145554.00,0.0,0.0,0.0,99.99,26.4375,23.11,0.0,
145555.00,0.0,0.0,0.0,99.99,26.4375,23.11,0.0,
145557.00,0.0,0.0,0.0,99.99,26.5,23.11,0.0,
145559.00,0.0,0.0,0.0,99.99,26.5625,23.11,0.0,
145600.00,0.0,0.0,0.0,99.99,26.625,23.11,0.0,
145602.00,0.0,0.0,0.0,99.99,26.625,23.11,0.0,
145604.00,0.0,0.0,0.0,99.99,26.6875,23.11,0.0,
145723.00,0.0,0.0,0.0,99.99,26.6875,23.11,0.0,
145724.00,0.0,0.0,0.0,99.99,26.8125,23.11,0.0,
145726.00,0.0,0.0,0.0,99.99,26.8125,23.11,0.0,
145728.00,0.0,0.0,0.0,99.99,26.8125,23.11,0.0,
145729.00,0.0,0.0,0.0,99.99,26.75,23.11,0.0,
145731.00,0.0,0.0,0.0,99.99,26.75,23.11,0.0,
145733.00,0.0,0.0,0.0,99.99,26.75,23.11,0.0,
145734.00,0.0,0.0,0.0,99.99,26.6875,23.11,0.0,
145736.00,0.0,0.0,0.0,99.99,26.625,23.11,0.0,
145738.00,0.0,0.0,0.0,99.99,26.6875,23.11,0.0,
145739.00,0.0,0.0,0.0,99.99,26.625,23.11,0.0,
145741.00,0.0,0.0,0.0,99.99,26.625,23.11,0.0,
145743.00,0.0,0.0,0.0,99.99,26.625,23.11,0.0,
145744.00,0.0,0.0,0.0,99.99,26.6875,23.11,0.0,
145746.00,0.0,0.0,0.0,99.99,26.6875,23.11,0.0,
145748.00,0.0,0.0,0.0,99.99,26.75,23.11,0.0,
145749.00,0.0,0.0,0.0,99.99,26.8125,23.11,0.0,
145751.00,0.0,0.0,0.0,99.99,26.75,23.11,0.0,
145753.00,0.0,0.0,0.0,99.99,26.8125,23.11,0.0,
145754.00,0.0,0.0,0.0,99.99,26.8125,23.11,0.0,
145756.00,0.0,0.0,0.0,99.99,26.8125,23.11,0.0,
145758.00,0.0,0.0,0.0,99.99,26.8125,23.11,0.0,
145759.00,0.0,0.0,0.0,99.99,26.8125,23.11,0.0,
145801.00,0.0,0.0,0.0,99.99,26.875,23.11,0.0,
145803.00,0.0,0.0,0.0,99.99,26.875,23.11,0.0,
145804.00,0.0,0.0,0.0,99.99,26.875,23.11,0.0,
145806.00,0.0,0.0,0.0,99.99,26.875,23.11,0.0,
145808.00,0.0,0.0,0.0,99.99,26.875,23.11,0.0,
145809.00,0.0,0.0,0.0,99.99,26.875,23.11,0.0,
145811.00,0.0,0.0,0.0,99.99,26.875,23.11,0.0,
145813.00,0.0,0.0,0.0,99.99,26.875,23.11,0.0,
145814.00,0.0,0.0,0.0,99.99,26.875,23.11,0.0,
145816.00,0.0,0.0,0.0,99.99,26.875,23.11,0.0,
145818.00,0.0,0.0,0.0,99.99,26.875,23.11,0.0,
145819.00,0.0,0.0,0.0,99.99,26.8125,23.11,0.0,
150200.00,0.0,0.0,0.0,99.99,26.8125,23.11,884.8325,
150201.00,0.0,0.0,0.0,99.99,22.9375,23.11,884.5503,
150203.00,0.0,0.0,0.0,0.0,23.0,23.11,884.1415,
150205.00,0.0,0.0,0.0,99.99,23.0,23.11,883.7958,
150206.00,0.0,0.0,0.0,99.99,23.0625,23.11,883.6345,
150209.00,0.0,0.0,0.0,99.99,23.0625,23.11,883.3382,
150210.00,0.0,0.0,0.0,99.99,23.125,23.11,882.9092,
150212.00,0.0,0.0,0.0,99.99,23.1875,23.11,882.4465,
150214.00,0.0,0.0,0.0,99.99,23.25,23.11,882.0715,
150216.00,0.0,0.0,0.0,99.99,23.3125,23.11,881.8262,
150218.00,0.0,0.0,0.0,99.99,23.3125,23.11,881.1241,
150220.00,0.0,0.0,0.0,99.99,23.25,23.11,880.6568,
150222.00,0.0,0.0,0.0,99.99,23.25,23.11,880.6568,
150224.00,0.0,0.0,0.0,99.99,23.25,23.11,880.6568,
150226.00,0.0,0.0,0.0,99.99,23.3125,23.11,880.6568,
150227.00,0.0,0.0,0.0,99.99,23.25,23.11,880.6568,
150229.00,0.0,0.0,0.0,99.99,23.25,23.11,880.6568,
150231.00,0.0,0.0,0.0,99.99,23.3125,23.11,880.6568,
150232.00,0.0,0.0,0.0,99.99,23.3125,23.11,880.6568,
150234.00,0.0,0.0,0.0,99.99,23.375,23.11,880.6568,
150236.00,0.0,0.0,0.0,99.99,23.375,23.11,880.6568,
150237.00,0.0,0.0,0.0,99.99,23.375,23.11,880.6568,
150239.00,0.0,0.0,0.0,99.99,23.375,23.11,880.6568,
150241.00,0.0,0.0,0.0,99.99,23.375,23.11,880.6568,
150242.00,0.0,0.0,0.0,99.99,23.375,23.11,880.6568,
150244.00,0.0,0.0,0.0,99.99,23.4375,23.11,880.6568,
150246.00,0.0,0.0,0.0,99.99,23.4375,23.11,880.6568,
150247.00,0.0,0.0,0.0,99.99,23.4375,23.11,880.6568,
150249.00,0.0,0.0,0.0,99.99,23.4375,23.11,880.6568,
150251.00,0.0,0.0,0.0,99.99,23.4375,23.11,880.6568,
150252.00,0.0,0.0,0.0,99.99,23.4375,23.11,880.6568,
150254.00,0.0,0.0,0.0,99.99,23.5,23.11,876.2978,
150256.00,0.0,0.0,0.0,99.99,23.5,23.11,876.2978,
150432.00,0.0,0.0,0.0,99.99,23.5,23.11,0.0,
150433.00,0.0,0.0,0.0,99.99,23.6875,23.11,0.0,
150435.00,0.0,0.0,0.0,99.99,23.6875,23.11,0.0,
150437.00,0.0,0.0,0.0,99.99,23.6875,23.11,0.0,
150438.00,0.0,0.0,0.0,99.99,23.6875,23.11,0.0,
150440.00,0.0,0.0,0.0,99.99,23.75,23.11,0.0,
150442.00,0.0,0.0,0.0,99.99,23.75,23.11,0.0,
150443.00,0.0,0.0,0.0,99.99,23.75,23.11,0.0,
150445.00,0.0,0.0,0.0,99.99,23.8125,23.11,0.0,
150447.00,0.0,0.0,0.0,99.99,23.75,23.11,0.0,
000000.000,0.0,0.0,0.0,99.99,85.0,23.11,886.6638,
000000.000,0.0,0.0,0.0,99.99,24.125,23.11,887.0657,
000000.000,0.0,0.0,0.0,99.99,24.1875,23.11,887.2723,
000000.000,0.0,0.0,0.0,99.99,24.1875,23.11,887.4896,
000000.000,0.0,0.0,0.0,99.99,24.1875,23.11,887.3508,
000000.000,0.0,0.0,0.0,99.99,24.1875,23.11,887.2932,
000000.000,0.0,0.0,0.0,99.99,24.1875,23.11,887.4211,
000000.000,0.0,0.0,0.0,99.99,24.125,23.11,887.3497,
000000.000,0.0,0.0,0.0,99.99,24.125,23.11,887.4804,
000000.000,0.0,0.0,0.0,99.99,24.125,23.11,0.0,
000000.000,0.0,0.0,0.0,99.99,24.1875,23.11,0.0,
000000.000,0.0,0.0,0.0,99.99,24.1875,23.11,0.0,
000000.000,0.0,0.0,0.0,99.99,24.25,23.11,0.0,
000000.000,0.0,0.0,0.0,99.99,24.3125,23.11,0.0,
000000.000,0.0,0.0,0.0,99.99,24.3125,23.11,0.0,
000000.000,0.0,0.0,0.0,99.99,24.375,23.11,0.0,
000000.000,0.0,0.0,0.0,99.99,24.375,23.11,0.0,
000000.000,0.0,0.0,0.0,99.99,24.4375,23.11,0.0,
000000.000,0.0,0.0,0.0,99.99,24.4375,23.11,0.0,
000000.000,0.0,0.0,0.0,99.99,24.5,23.11,0.0,
000000.000,0.0,0.0,0.0,99.99,24.5,23.11,0.0,
150957.00,0.0,0.0,0.0,99.99,24.5625,23.11,0.0,
150958.00,0.0,0.0,0.0,99.99,25.0625,23.11,0.0,
151000.00,0.0,0.0,0.0,99.99,25.0625,23.11,0.0,
151002.00,0.0,0.0,0.0,99.99,25.0625,23.11,0.0,
151003.00,0.0,0.0,0.0,99.99,25.0625,23.11,0.0,
151005.00,0.0,0.0,0.0,99.99,25.0625,23.11,0.0,
151007.00,0.0,0.0,0.0,99.99,25.0625,23.11,0.0,
151008.00,0.0,0.0,0.0,99.99,25.0625,23.11,0.0,
151010.00,0.0,0.0,0.0,99.99,25.0625,23.11,0.0,
151012.00,0.0,0.0,0.0,99.99,25.0625,23.11,0.0,
151013.00,0.0,0.0,0.0,99.99,25.0625,23.11,0.0,
151015.00,0.0,0.0,0.0,99.99,25.0,23.11,0.0,
151358.00,0.0,0.0,0.0,99.99,24.9375,23.11,0.0,
151359.00,0.0,0.0,0.0,99.99,24.75,23.11,0.0,
151401.00,0.0,0.0,0.0,99.99,24.8125,23.11,0.0,
151403.00,0.0,0.0,0.0,99.99,24.8125,23.11,0.0,
151404.00,0.0,0.0,0.0,99.99,24.875,23.11,0.0,
151406.00,0.0,0.0,0.0,99.99,24.8125,23.11,0.0,
151408.00,0.0,0.0,0.0,99.99,24.8125,23.11,0.0,
151409.00,0.0,0.0,0.0,99.99,24.8125,23.11,0.0,
151411.00,0.0,0.0,0.0,99.99,24.75,23.11,0.0,
151413.00,0.0,0.0,0.0,99.99,24.75,23.11,0.0,
151414.00,0.0,0.0,0.0,99.99,24.6875,23.11,0.0,
151416.00,0.0,0.0,0.0,99.99,24.6875,23.11,0.0,
151418.00,0.0,0.0,0.0,99.99,24.75,23.11,0.0,
151419.00,0.0,0.0,0.0,99.99,24.8125,23.11,0.0,
151421.00,0.0,0.0,0.0,99.99,24.8125,23.11,0.0,
151423.00,0.0,0.0,0.0,99.99,24.8125,23.11,0.0,
151424.00,0.0,0.0,0.0,99.99,24.8125,23.11,0.0,
151426.00,0.0,0.0,0.0,99.99,24.8125,23.11,0.0,
151619.00,0.0,0.0,0.0,99.99,24.875,23.11,0.0,
151620.00,0.0,0.0,0.0,99.99,25.1875,23.11,0.0,
151622.00,0.0,0.0,0.0,99.99,25.25,23.11,0.0,
151624.00,0.0,0.0,0.0,99.99,25.25,23.11,0.0,
151642.00,0.0,0.0,0.0,99.99,25.25,23.11,0.0,
151643.00,0.0,0.0,0.0,99.99,25.4375,23.11,0.0,
151645.00,0.0,0.0,0.0,99.99,25.375,23.11,0.0,
151647.00,0.0,0.0,0.0,99.99,25.375,23.11,0.0,
151648.00,0.0,0.0,0.0,99.99,25.375,23.11,0.0,
151650.00,0.0,0.0,0.0,99.99,25.375,23.11,0.0,
151652.00,0.0,0.0,0.0,99.99,25.4375,23.11,0.0,
151653.00,0.0,0.0,0.0,99.99,25.375,23.11,0.0,
151655.00,0.0,0.0,0.0,99.99,25.375,23.11,0.0,
151657.00,0.0,0.0,0.0,99.99,25.3125,23.11,0.0,
151658.00,0.0,0.0,0.0,99.99,25.3125,23.11,0.0,
151700.00,0.0,0.0,0.0,99.99,25.25,23.11,0.0,
151702.00,0.0,0.0,0.0,99.99,25.3125,23.11,0.0,
151703.00,0.0,0.0,0.0,99.99,25.25,23.11,0.0,
151705.00,0.0,0.0,0.0,99.99,25.25,23.11,0.0,
151707.00,0.0,0.0,0.0,99.99,25.3125,23.11,0.0,
151708.00,0.0,0.0,0.0,99.99,25.3125,23.11,0.0,
151710.00,0.0,0.0,0.0,99.99,25.3125,23.11,0.0,
151712.00,0.0,0.0,0.0,99.99,25.3125,23.11,0.0,
151713.00,0.0,0.0,0.0,99.99,25.3125,23.11,0.0,
151715.00,0.0,0.0,0.0,99.99,25.3125,23.11,0.0,
151717.00,0.0,0.0,0.0,99.99,25.25,23.11,0.0,
151718.00,0.0,0.0,0.0,99.99,25.25,23.11,0.0,
151720.00,0.0,0.0,0.0,99.99,25.1875,23.11,0.0,
151722.00,0.0,0.0,0.0,99.99,25.1875,23.11,0.0,
151723.00,0.0,0.0,0.0,99.99,25.1875,23.11,0.0,
152803.00,0.0,0.0,0.0,99.99,25.25,23.11,0.0,
152804.00,0.0,0.0,0.0,99.99,24.1875,23.11,0.0,
152806.00,0.0,0.0,0.0,99.99,24.1875,23.11,0.0,
152808.00,0.0,0.0,0.0,99.99,24.125,23.11,0.0,
152809.00,0.0,0.0,0.0,99.99,24.1875,23.11,0.0,
152811.00,0.0,0.0,0.0,99.99,24.1875,23.11,0.0,
152813.00,0.0,0.0,0.0,99.99,24.25,23.11,0.0,
152814.00,0.0,0.0,0.0,99.99,24.25,23.11,0.0,
152816.00,0.0,0.0,0.0,99.99,24.3125,23.11,0.0,
153120.00,0.0,0.0,0.0,99.99,24.375,23.11,0.0,
153121.00,0.0,0.0,0.0,99.99,23.5,23.11,0.0,
153123.00,0.0,0.0,0.0,99.99,23.5625,23.11,0.0,
153125.00,0.0,0.0,0.0,99.99,23.625,23.11,0.0,
153126.00,0.0,0.0,0.0,99.99,23.625,23.11,0.0,
153128.00,0.0,0.0,0.0,99.99,23.75,23.11,0.0,
153130.00,0.0,0.0,0.0,99.99,23.75,23.11,0.0,
153131.00,0.0,0.0,0.0,99.99,23.8125,23.11,0.0,
153133.00,0.0,0.0,0.0,99.99,23.875,23.11,0.0,
153135.00,0.0,0.0,0.0,99.99,23.875,23.11,0.0,
000000.000,0.0,0.0,0.0,99.99,85.0,23.11,0.0,
000000.000,0.0,0.0,0.0,99.99,24.875,23.11,0.0,
000000.000,0.0,0.0,0.0,99.99,24.875,23.11,0.0,
000000.000,0.0,0.0,0.0,99.99,24.875,23.11,0.0,
000000.000,0.0,0.0,0.0,99.99,24.9375,23.11,0.0,
000000.000,0.0,0.0,0.0,99.99,24.9375,23.11,0.0,
000000.000,0.0,0.0,0.0,99.99,24.875,23.11,0.0,
000000.000,0.0,0.0,0.0,99.99,24.5625,23.11,0.0,
000000.000,0.0,0.0,0.0,99.99,24.5,23.11,0.0,
000000.000,0.0,0.0,0.0,99.99,24.5,23.11,0.0,
000000.000,0.0,0.0,0.0,99.99,24.4375,23.11,0.0,
000000.000,0.0,0.0,0.0,99.99,24.375,23.11,0.0,
000000.000,0.0,0.0,0.0,99.99,24.375,23.11,0.0,
000000.000,0.0,0.0,0.0,99.99,24.3125,23.11,0.0,
000000.000,0.0,0.0,0.0,99.99,24.25,23.11,0.0,
000000.000,0.0,0.0,0.0,99.99,24.25,23.11,0.0,
000000.000,0.0,0.0,0.0,99.99,24.25,23.11,0.0,
000000.000,0.0,0.0,0.0,99.99,24.3125,23.11,0.0,
000000.000,0.0,0.0,0.0,99.99,24.25,23.11,0.0,
000000.000,0.0,0.0,0.0,99.99,24.25,23.11,0.0,
000000.000,0.0,0.0,0.0,99.99,24.25,23.11,0.0,
000000.000,0.0,0.0,0.0,99.99,23.9375,23.11,0.0,
000000.000,0.0,0.0,0.0,99.99,23.9375,23.11,0.0,
000000.000,0.0,0.0,0.0,99.99,24.0,23.11,0.0,
000000.000,0.0,0.0,0.0,99.99,24.0,23.11,0.0,
000000.000,0.0,0.0,0.0,99.99,24.0,23.11,0.0,
000000.000,0.0,0.0,0.0,99.99,24.0625,23.11,0.0,
000000.000,0.0,0.0,0.0,99.99,24.0625,23.11,0.0,
000000.000,0.0,0.0,0.0,99.99,24.0625,23.11,0.0,
000000.000,0.0,0.0,0.0,99.99,24.125,23.11,0.0,
000000.000,0.0,0.0,0.0,99.99,24.125,23.11,0.0,
000000.000,0.0,0.0,0.0,99.99,24.0625,23.11,0.0,
000000.000,0.0,0.0,0.0,99.99,24.125,23.11,0.0,
000000.000,0.0,0.0,0.0,99.99,85.0,23.11,0.0,
000000.000,0.0,0.0,0.0,99.99,23.9375,23.11,0.0,
000000.000,0.0,0.0,0.0,99.99,23.875,23.11,0.0,
000000.000,0.0,0.0,0.0,99.99,23.8125,23.11,0.0,
000000.000,0.0,0.0,0.0,99.99,23.8125,23.11,0.0,
000000.000,0.0,0.0,0.0,99.99,23.8125,23.11,0.0,
000000.000,0.0,0.0,0.0,99.99,23.8125,23.11,0.0,
000000.000,0.0,0.0,0.0,99.99,23.875,23.11,0.0,
000000.000,0.0,0.0,0.0,99.99,23.8125,23.11,0.0,
000000.000,0.0,0.0,0.0,99.99,23.8125,23.11,0.0,
000000.000,0.0,0.0,0.0,99.99,23.875,23.11,0.0,
000000.000,0.0,0.0,0.0,99.99,85.0,23.11,0.0,
000000.000,0.0,0.0,0.0,99.99,23.4375,23.11,0.0,
000000.000,0.0,0.0,0.0,99.99,23.4375,23.11,0.0,
000000.000,0.0,0.0,0.0,99.99,23.4375,23.11,0.0,
000000.000,0.0,0.0,0.0,99.99,23.4375,23.11,0.0,
000000.000,0.0,0.0,0.0,99.99,23.4375,23.11,0.0,
000000.000,0.0,0.0,0.0,99.99,23.4375,23.11,0.0,
111111.000,11.0,11.0,11.0,11.0,85.0,23.11,0.0,
111111.000,11.0,11.0,11.0,11.0,85.0,23.11,0.0,
111111.000,11.0,11.0,11.0,11.0,22.625,23.11,0.0,
111111.000,11.0,11.0,11.0,11.0,22.625,23.11,0.0,
111111.000,11.0,11.0,11.0,11.0,22.625,23.11,0.0,
111111.000,11.0,11.0,11.0,11.0,22.625,23.11,0.0,
111111.000,11.0,11.0,11.0,11.0,22.625,23.11,0.0,
111111.000,11.0,11.0,11.0,11.0,22.625,23.11,0.0,
111111.000,11.0,11.0,11.0,11.0,22.625,23.11,0.0,
111111.000,11.0,11.0,11.0,11.0,22.625,23.11,0.0,
111111.000,11.0,11.0,11.0,11.0,22.625,23.11,0.0,
111111.000,11.0,11.0,11.0,11.0,22.625,23.11,0.0,
111111.000,11.0,11.0,11.0,11.0,22.625,23.11,0.0,
111111.000,11.0,11.0,11.0,11.0,22.625,23.11,0.0,
111111.000,11.0,11.0,11.0,11.0,22.625,23.11,0.0,
111111.000,11.0,11.0,11.0,11.0,22.625,23.11,0.0,
111111.000,11.0,11.0,11.0,11.0,22.625,23.11,0.0,
111111.000,11.0,11.0,11.0,11.0,22.625,23.11,0.0,
111111.000,11.0,11.0,11.0,11.0,22.625,23.11,0.0,
111111.000,11.0,11.0,11.0,11.0,22.625,23.11,0.0,
111111.000,11.0,11.0,11.0,11.0,22.6875,23.11,0.0,
111111.000,11.0,11.0,11.0,11.0,22.6875,23.11,0.0,
111111.000,11.0,11.0,11.0,11.0,85.0,23.11,0.0,
111111.000,11.0,11.0,11.0,11.0,85.0,23.11,0.0,
111111.000,11.0,11.0,11.0,11.0,85.0,23.11,0.0,
111111.000,11.0,11.0,11.0,11.0,23.4375,23.11,0.0,
111111.000,11.0,11.0,11.0,11.0,23.4375,23.11,0.0,
111111.000,11.0,11.0,11.0,11.0,23.4375,23.11,0.0,
111111.000,11.0,11.0,11.0,11.0,23.5,23.11,0.0,
111111.000,11.0,11.0,11.0,11.0,23.5,23.11,0.0,
111111.000,11.0,11.0,11.0,11.0,23.5,23.11,0.0,
111111.000,11.0,11.0,11.0,11.0,23.4375,23.11,0.0,
111111.000,11.0,11.0,11.0,11.0,23.4375,23.11,0.0,
111111.000,11.0,11.0,11.0,11.0,23.4375,23.11,0.0,
111111.000,11.0,11.0,11.0,11.0,23.5,23.11,0.0,
111111.000,11.0,11.0,11.0,11.0,23.5,23.11,0.0,
111111.000,11.0,11.0,11.0,11.0,23.5,23.11,0.0,
111111.000,11.0,11.0,11.0,11.0,23.5,23.11,0.0,
111111.000,11.0,11.0,11.0,11.0,23.5,23.11,0.0,
111111.000,11.0,11.0,11.0,11.0,23.5,23.11,0.0,
111111.000,11.0,11.0,11.0,11.0,23.5,23.11,0.0,
111111.000,11.0,11.0,11.0,11.0,23.5,23.11,0.0,
111111.000,11.0,11.0,11.0,11.0,23.5,23.11,0.0,
111111.000,11.0,11.0,11.0,11.0,23.5,23.11,0.0,
111111.000,11.0,11.0,11.0,11.0,23.5,23.11,0.0,
111111.000,11.0,11.0,11.0,11.0,23.5,23.11,0.0,
111111.000,11.0,11.0,11.0,11.0,23.5625,23.11,0.0,
111111.000,11.0,11.0,11.0,11.0,23.5625,23.11,0.0,
111111.000,11.0,11.0,11.0,11.0,23.5625,23.11,0.0,
111111.000,11.0,11.0,11.0,11.0,23.5625,23.11,0.0,
111111.000,11.0,11.0,11.0,11.0,23.5625,23.11,0.0,
111111.000,11.0,11.0,11.0,11.0,23.5625,23.11,0.0,
111111.000,11.0,11.0,11.0,11.0,23.5625,23.11,0.0,
111111.000,11.0,11.0,11.0,11.0,23.5625,23.11,0.0,
111111.000,11.0,11.0,11.0,11.0,23.5625,23.11,0.0,
111111.000,11.0,11.0,11.0,11.0,23.5625,23.11,0.0,
111111.000,11.0,11.0,11.0,11.0,23.5625,23.11,0.0,
111111.000,11.0,11.0,11.0,11.0,23.5625,23.11,0.0,
111111.000,11.0,11.0,11.0,11.0,23.5625,23.11,0.0,
111111.000,11.0,11.0,11.0,11.0,23.5625,23.11,0.0,
111111.000,11.0,11.0,11.0,11.0,85.0,23.11,0.0,
111111.000,11.0,11.0,11.0,11.0,85.0,23.11,0.0,
111111.000,11.0,11.0,11.0,11.0,85.0,23.11,0.0,
111111.000,11.0,11.0,11.0,11.0,23.6875,23.11,0.0,
111111.000,11.0,11.0,11.0,11.0,23.6875,23.11,0.0,
111111.000,11.0,11.0,11.0,11.0,23.6875,23.11,0.0,
111111.000,11.0,11.0,11.0,11.0,23.6875,23.11,0.0,
111111.000,11.0,11.0,11.0,11.0,23.6875,23.11,0.0,
111111.000,11.0,11.0,11.0,11.0,23.6875,23.11,0.0,
111111.000,11.0,11.0,11.0,11.0,23.75,23.11,0.0,
111111.000,11.0,11.0,11.0,11.0,23.75,23.11,0.0,
111111.000,11.0,11.0,11.0,11.0,23.75,23.11,0.0,
111111.000,11.0,11.0,11.0,11.0,23.75,23.11,0.0,
111111.000,11.0,11.0,11.0,11.0,23.75,23.11,0.0,
111111.000,11.0,11.0,11.0,11.0,23.75,23.11,0.0,
111111.000,11.0,11.0,11.0,11.0,23.75,23.11,0.0,
111111.000,11.0,11.0,11.0,11.0,23.75,23.11,0.0,
111111.000,11.0,11.0,11.0,11.0,23.8125,23.11,0.0,
111111.000,11.0,11.0,11.0,11.0,85.0,23.11,0.0,
111111.000,11.0,11.0,11.0,11.0,85.0,23.11,0.0,
111111.000,11.0,11.0,11.0,11.0,85.0,23.11,0.0,
111111.000,11.0,11.0,11.0,11.0,23.9375,23.11,0.0,
111111.000,11.0,11.0,11.0,11.0,23.9375,23.11,0.0,
111111.000,11.0,11.0,11.0,11.0,23.9375,23.11,0.0,
111111.000,11.0,11.0,11.0,11.0,23.9375,23.11,0.0,
111111.000,11.0,11.0,11.0,11.0,23.9375,23.11,0.0,
111111.000,11.0,11.0,11.0,11.0,23.9375,23.11,0.0,
111111.000,11.0,11.0,11.0,11.0,23.9375,23.11,0.0,
111111.000,11.0,11.0,11.0,11.0,23.9375,23.11,0.0,
111111.000,11.0,11.0,11.0,11.0,23.9375,23.11,0.0,
111111.000,11.0,11.0,11.0,11.0,24.0,23.11,0.0,
111111.000,11.0,11.0,11.0,11.0,24.0,23.11,0.0,
111111.000,11.0,11.0,11.0,11.0,24.0,23.11,0.0,
111111.000,11.0,11.0,11.0,11.0,24.0,23.11,0.0,
111111.000,11.0,11.0,11.0,11.0,24.0,23.11,0.0,
111111.000,11.0,11.0,11.0,11.0,24.0,23.11,0.0,
111111.000,11.0,11.0,11.0,11.0,24.0,23.11,0.0,
111111.000,11.0,11.0,11.0,11.0,24.0,23.11,0.0,
111111.000,11.0,11.0,11.0,11.0,24.0,23.11,0.0,
111111.000,11.0,11.0,11.0,11.0,24.0,23.11,0.0,
111111.000,11.0,11.0,11.0,11.0,24.0,23.11,0.0,
111111.000,11.0,11.0,11.0,11.0,24.0625,23.11,0.0,
111111.000,11.0,11.0,11.0,11.0,24.0625,23.11,0.0,
111111.000,11.0,11.0,11.0,11.0,24.0625,23.11,0.0,
111111.000,11.0,11.0,11.0,11.0,24.0,23.11,0.0,
111111.000,11.0,11.0,11.0,11.0,24.0,23.11,0.0,
111111.000,11.0,11.0,11.0,11.0,24.0,23.11,0.0,
111111.000,11.0,11.0,11.0,11.0,24.0625,23.11,0.0,
111111.000,11.0,11.0,11.0,11.0,24.0625,23.11,0.0,
111111.000,11.0,11.0,11.0,11.0,24.125,23.11,0.0,
111111.000,11.0,11.0,11.0,11.0,85.0,23.11,894.9147,
111111.000,11.0,11.0,11.0,11.0,26.9375,23.11,894.9384,
111111.000,11.0,11.0,11.0,11.0,26.875,23.11,894.9851,
111111.000,11.0,11.0,11.0,11.0,26.875,23.11,894.9888,
111111.000,11.0,11.0,11.0,11.0,26.8125,23.11,895.017,
111111.000,11.0,11.0,11.0,11.0,26.875,23.11,895.0256,
111111.000,11.0,11.0,11.0,11.0,26.875,23.11,895.0731,
111111.000,11.0,11.0,11.0,11.0,26.875,23.11,895.1604,
111111.000,11.0,11.0,11.0,11.0,26.875,23.11,895.2395,
111111.000,11.0,11.0,11.0,11.0,26.875,23.11,895.2395,
111111.000,11.0,11.0,11.0,11.0,26.875,23.11,0.0,
111111.000,11.0,11.0,11.0,11.0,26.875,23.11,0.0,
111111.000,11.0,11.0,11.0,11.0,26.875,23.11,0.0,
111111.000,11.0,11.0,11.0,11.0,27.125,23.11,0.0,
111111.000,11.0,11.0,11.0,11.0,27.125,23.11,0.0,
111111.000,11.0,11.0,11.0,11.0,27.125,23.11,0.0,
111111.000,11.0,11.0,11.0,11.0,27.1875,23.11,0.0,
111111.000,11.0,11.0,11.0,11.0,27.1875,23.11,0.0,
111111.000,11.0,11.0,11.0,11.0,27.1875,23.11,0.0,
111111.000,11.0,11.0,11.0,11.0,27.1875,23.11,0.0,
111111.000,11.0,11.0,11.0,11.0,27.1875,23.11,0.0,
111111.000,11.0,11.0,11.0,11.0,27.1875,23.11,0.0,
111111.000,11.0,11.0,11.0,11.0,27.25,23.11,0.0,
111111.000,11.0,11.0,11.0,11.0,27.25,23.11,0.0,
111111.000,11.0,11.0,11.0,11.0,27.25,23.11,0.0,
111111.000,11.0,11.0,11.0,11.0,27.1875,23.11,0.0,
111111.000,11.0,11.0,11.0,11.0,27.1875,23.11,0.0,
111111.000,11.0,11.0,11.0,11.0,27.1875,23.11,0.0,
111111.000,11.0,11.0,11.0,11.0,27.1875,23.11,0.0,
111111.000,11.0,11.0,11.0,11.0,27.1875,23.11,0.0,
111111.000,11.0,11.0,11.0,11.0,27.1875,23.11,0.0,
111111.000,11.0,11.0,11.0,11.0,27.25,23.11,0.0,
111111.000,11.0,11.0,11.0,11.0,27.25,23.11,0.0,
111111.000,11.0,11.0,11.0,11.0,27.25,23.11,0.0,
111111.000,11.0,11.0,11.0,11.0,27.25,23.11,0.0,
111111.000,11.0,11.0,11.0,11.0,27.25,23.11,0.0,
111111.000,11.0,11.0,11.0,11.0,27.25,23.11,0.0,
111111.000,11.0,11.0,11.0,11.0,27.25,23.11,0.0,
111111.000,11.0,11.0,11.0,11.0,27.25,23.11,0.0,
111111.000,11.0,11.0,11.0,11.0,27.25,23.11,0.0,
111111.000,11.0,11.0,11.0,11.0,27.25,23.11,0.0,
111111.000,11.0,11.0,11.0,11.0,27.25,23.11,0.0,
111111.000,11.0,11.0,11.0,11.0,27.25,23.11,0.0,
111111.000,11.0,11.0,11.0,11.0,27.25,23.11,0.0,
111111.000,11.0,11.0,11.0,11.0,27.25,23.11,0.0,
111111.000,11.0,11.0,11.0,11.0,27.25,23.11,0.0,
111111.000,11.0,11.0,11.0,11.0,27.25,23.11,0.0,
111111.000,11.0,11.0,11.0,11.0,27.25,23.11,0.0,
111111.000,11.0,11.0,11.0,11.0,27.25,23.11,0.0,
111111.000,11.0,11.0,11.0,11.0,27.25,23.11,0.0,
111111.000,11.0,11.0,11.0,11.0,27.25,23.11,0.0,
111111.000,11.0,11.0,11.0,11.0,27.25,23.11,0.0,
111111.000,11.0,11.0,11.0,11.0,27.25,23.11,0.0,
111111.000,11.0,11.0,11.0,11.0,27.25,23.11,0.0,
111111.000,11.0,11.0,11.0,11.0,27.25,23.11,0.0,
111111.000,11.0,11.0,11.0,11.0,27.1875,23.11,0.0,
111111.000,11.0,11.0,11.0,11.0,27.1875,23.11,0.0,
111111.000,11.0,11.0,11.0,11.0,27.1875,23.11,0.0,
111111.000,11.0,11.0,11.0,11.0,27.25,23.11,0.0,
111111.000,11.0,11.0,11.0,11.0,27.25,23.11,0.0,
111111.000,11.0,11.0,11.0,11.0,27.25,23.11,0.0,
111111.000,11.0,11.0,11.0,11.0,27.1875,23.11,0.0,
111111.000,11.0,11.0,11.0,11.0,27.1875,23.11,0.0,
111111.000,11.0,11.0,11.0,11.0,27.1875,23.11,0.0,
111111.000,11.0,11.0,11.0,11.0,27.1875,23.11,0.0,
111111.000,11.0,11.0,11.0,11.0,27.1875,23.11,0.0,
111111.000,11.0,11.0,11.0,11.0,27.1875,23.11,0.0,
111111.000,11.0,11.0,11.0,11.0,27.125,23.11,0.0,
111111.000,11.0,11.0,11.0,11.0,27.125,23.11,0.0,
111111.000,11.0,11.0,11.0,11.0,27.125,23.11,0.0,
111111.000,11.0,11.0,11.0,11.0,27.125,23.11,0.0,
111111.000,11.0,11.0,11.0,11.0,27.125,23.11,0.0,
111111.000,11.0,11.0,11.0,11.0,27.125,23.11,0.0,
111111.000,11.0,11.0,11.0,11.0,27.125,23.11,0.0,
111111.000,11.0,11.0,11.0,11.0,85.0,23.11,0.0,
111111.000,11.0,11.0,11.0,11.0,25.3125,23.11,0.0,
111111.000,11.0,11.0,11.0,11.0,25.3125,23.11,0.0,
111111.000,11.0,11.0,11.0,11.0,25.375,23.11,0.0,
111111.000,11.0,11.0,11.0,11.0,25.375,23.11,0.0,
111111.000,11.0,11.0,11.0,11.0,25.3125,23.11,0.0,
111111.000,11.0,11.0,11.0,11.0,25.3125,23.11,0.0,
111111.000,11.0,11.0,11.0,11.0,25.375,23.11,0.0,
111111.000,11.0,11.0,11.0,11.0,25.3125,23.11,0.0,
111111.000,11.0,11.0,11.0,11.0,25.375,23.11,0.0,
111111.000,11.0,11.0,11.0,11.0,25.375,23.11,0.0,
111111.000,11.0,11.0,11.0,11.0,25.3125,23.11,0.0,
111111.000,11.0,11.0,11.0,11.0,25.3125,23.11,0.0,
111111.000,11.0,11.0,11.0,11.0,25.3125,23.11,0.0,
111111.000,11.0,11.0,11.0,11.0,25.375,23.11,0.0,
111111.000,11.0,11.0,11.0,11.0,25.375,23.11,0.0,
111111.000,11.0,11.0,11.0,11.0,85.0,23.11,0.0,
111111.000,11.0,11.0,11.0,11.0,25.125,23.11,0.0,
111111.000,11.0,11.0,11.0,11.0,25.1875,23.11,0.0,
111111.000,11.0,11.0,11.0,11.0,25.1875,23.11,0.0,
111111.000,11.0,11.0,11.0,11.0,25.25,23.11,0.0,
111111.000,11.0,11.0,11.0,11.0,25.25,23.11,0.0,
111111.000,11.0,11.0,11.0,11.0,85.0,23.11,0.0,
111111.000,11.0,11.0,11.0,11.0,25.1875,23.11,0.0,
111111.000,11.0,11.0,11.0,11.0,25.1875,23.11,0.0,
111111.000,11.0,11.0,11.0,11.0,25.1875,23.11,0.0,
111111.000,11.0,11.0,11.0,11.0,25.25,23.11,0.0,
111111.000,11.0,11.0,11.0,11.0,25.25,23.11,0.0,
111111.000,11.0,11.0,11.0,11.0,25.25,23.11,0.0,
111111.000,11.0,11.0,11.0,11.0,25.25,23.11,0.0,
111111.000,11.0,11.0,11.0,11.0,25.25,23.11,0.0,
111111.000,11.0,11.0,11.0,11.0,85.0,23.11,884.38,
111111.000,11.0,11.0,11.0,11.0,24.8125,23.11,884.9618,
111111.000,11.0,11.0,11.0,11.0,24.75,23.11,885.1931,
111111.000,11.0,11.0,11.0,11.0,24.75,23.11,885.483,
111111.000,11.0,11.0,11.0,11.0,24.75,23.11,885.623,
111111.000,11.0,11.0,11.0,11.0,24.75,23.11,885.8723,
111111.000,11.0,11.0,11.0,11.0,24.75,23.11,885.9936,
111111.000,11.0,11.0,11.0,11.0,24.8125,23.11,886.0248,
111111.000,11.0,11.0,11.0,11.0,24.875,23.11,885.9682,
111111.000,11.0,11.0,11.0,11.0,24.9375,23.11,886.0481,
111111.000,11.0,11.0,11.0,11.0,24.9375,23.11,885.9435,
111111.000,11.0,11.0,11.0,11.0,24.9375,23.11,886.0623,
111111.000,11.0,11.0,11.0,11.0,24.9375,23.11,886.1968,
111111.000,11.0,11.0,11.0,11.0,24.875,23.11,886.24,
111111.000,11.0,11.0,11.0,11.0,24.875,23.11,886.24,
111111.000,11.0,11.0,11.0,11.0,24.875,23.11,886.4476,
111111.000,11.0,11.0,11.0,11.0,85.0,23.11,0.0,
111111.000,11.0,11.0,11.0,11.0,24.625,23.11,0.0,
111111.000,11.0,11.0,11.0,11.0,24.625,23.11,0.0,
111111.000,11.0,11.0,11.0,11.0,24.6875,23.11,0.0,
111111.000,11.0,11.0,11.0,11.0,24.6875,23.11,0.0,
111111.000,11.0,11.0,11.0,11.0,24.6875,23.11,0.0,
111111.000,11.0,11.0,11.0,11.0,24.625,23.11,0.0,
111111.000,11.0,11.0,11.0,11.0,24.625,23.11,0.0,
111111.000,11.0,11.0,11.0,11.0,85.0,23.11,0.0,
111111.000,11.0,11.0,11.0,11.0,24.625,23.11,0.0,
111111.000,11.0,11.0,11.0,11.0,24.625,23.11,0.0,
111111.000,11.0,11.0,11.0,11.0,24.625,23.11,0.0,
111111.000,11.0,11.0,11.0,11.0,24.625,23.11,0.0,
111111.000,11.0,11.0,11.0,11.0,24.6875,23.11,0.0,
111111.000,11.0,11.0,11.0,11.0,24.6875,23.11,0.0,
111111.000,11.0,11.0,11.0,11.0,24.6875,23.11,0.0,
111111.000,11.0,11.0,11.0,11.0,24.6875,23.11,0.0,
111111.000,11.0,11.0,11.0,11.0,24.6875,23.11,0.0,
111111.000,11.0,11.0,11.0,11.0,24.6875,23.11,0.0,
111111.000,11.0,11.0,11.0,11.0,85.0,23.11,890.2859,
111111.000,11.0,11.0,11.0,11.0,24.75,23.11,890.31,
111111.000,11.0,11.0,11.0,11.0,24.8125,23.11,890.31,
111111.000,11.0,11.0,11.0,11.0,85.0,23.11,0.0,
111111.000,11.0,11.0,11.0,11.0,23.9375,23.11,0.0,
111111.000,11.0,11.0,11.0,11.0,23.9375,23.11,0.0,
111111.000,11.0,11.0,11.0,11.0,23.9375,23.11,0.0,
111111.000,11.0,11.0,11.0,11.0,24.0,23.11,0.0,
111111.000,11.0,11.0,11.0,11.0,24.0,23.11,0.0,
111111.000,11.0,11.0,11.0,11.0,23.9375,23.11,0.0,
111111.000,11.0,11.0,11.0,11.0,85.0,23.11,0.0,
111111.000,11.0,11.0,11.0,11.0,23.9375,23.11,0.0,
111111.000,11.0,11.0,11.0,11.0,23.9375,23.11,0.0,
111111.000,11.0,11.0,11.0,11.0,24.0,23.11,0.0,
111111.000,11.0,11.0,11.0,11.0,24.0,23.11,0.0,
111111.000,11.0,11.0,11.0,11.0,24.0,23.11,0.0,
111111.000,11.0,11.0,11.0,11.0,85.0,23.11,868.1981,
111111.000,11.0,11.0,11.0,11.0,22.75,23.11,869.2328,
111111.000,11.0,11.0,11.0,11.0,22.6875,23.11,869.7682,
111111.000,11.0,11.0,11.0,11.0,22.75,23.11,0.0,
111111.000,11.0,11.0,11.0,11.0,22.75,23.11,870.2894,
111111.000,11.0,11.0,11.0,11.0,22.6875,23.11,870.4007,
111111.000,11.0,11.0,11.0,11.0,22.6875,23.11,870.6015,
111111.000,11.0,11.0,11.0,11.0,22.6875,23.11,871.081,
111111.000,11.0,11.0,11.0,11.0,22.6875,23.11,871.3753,
111111.000,11.0,11.0,11.0,11.0,22.6875,23.11,871.7516,
111111.000,11.0,11.0,11.0,11.0,22.6875,23.11,871.911,
111111.000,11.0,11.0,11.0,11.0,22.6875,23.11,871.7937,
111111.000,11.0,11.0,11.0,11.0,22.625,23.11,871.6262,
111111.000,11.0,11.0,11.0,11.0,22.5625,23.11,871.5641,
111111.000,11.0,11.0,11.0,11.0,22.5625,23.11,871.2698,
111111.000,11.0,11.0,11.0,11.0,22.5,23.11,871.1976,
111111.000,11.0,11.0,11.0,11.0,22.5,23.11,870.9289,
111111.000,11.0,11.0,11.0,11.0,22.5,23.11,870.7178,
111111.000,11.0,11.0,11.0,11.0,22.5,23.11,870.4369,
111111.000,11.0,11.0,11.0,11.0,22.5,23.11,870.2158,
111111.000,11.0,11.0,11.0,11.0,22.5,23.11,869.9258,
111111.000,11.0,11.0,11.0,11.0,22.4375,23.11,0.0,
111111.000,11.0,11.0,11.0,11.0,22.4375,23.11,0.0,
111111.000,11.0,11.0,11.0,11.0,22.4375,23.11,0.0,
111111.000,11.0,11.0,11.0,11.0,22.5,23.11,0.0,
111111.000,11.0,11.0,11.0,11.0,22.4375,23.11,0.0,
111111.000,11.0,11.0,11.0,11.0,22.4375,23.11,0.0,
111111.000,11.0,11.0,11.0,11.0,22.5,23.11,0.0,
111111.000,11.0,11.0,11.0,11.0,22.4375,23.11,0.0,
111111.000,11.0,11.0,11.0,11.0,22.4375,23.11,0.0,
111111.000,11.0,11.0,11.0,11.0,22.4375,23.11,0.0,
111111.000,11.0,11.0,11.0,11.0,22.4375,23.11,0.0,
111111.000,11.0,11.0,11.0,11.0,22.4375,23.11,0.0,
111111.000,11.0,11.0,11.0,11.0,22.4375,23.11,0.0,
111111.000,11.0,11.0,11.0,11.0,22.4375,23.11,0.0,
111111.000,11.0,11.0,11.0,11.0,22.4375,23.11,0.0,
111111.000,11.0,11.0,11.0,11.0,22.4375,23.11,0.0,
111111.000,11.0,11.0,11.0,11.0,22.5,23.11,0.0,
111111.000,11.0,11.0,11.0,11.0,22.4375,23.11,0.0,
111111.000,11.0,11.0,11.0,11.0,22.4375,23.11,0.0,
