112211.1,0.7211304,0.07498169,0.06079102,1.467802,20.5,
112211.1,0.7263184,0.06344604,0.05065918,1.499031,20.5,
112211.1,0.7055664,0.06921387,0.0557251,1.561491,20.5,
112211.1,0.7055664,0.06921387,0.05319214,1.467802,20.45,
112211.1,0.7159424,0.07498169,0.06332397,1.436572,20.45,
112211.1,0.7418823,0.08074951,0.06585693,1.561491,20.4,
112211.1,0.7107544,0.08074951,0.06332397,1.530261,20.4,
112211.1,0.7159424,0.06921387,0.05825806,1.530261,20.4,
112211.1,0.7107544,0.07498169,0.06079102,1.467802,20.35,
112211.1,0.8145142,0.06921387,0.06079102,1.592721,20.35,
112211.1,0.8248901,0.05767822,0.0557251,0.8432053,20.35,
112211.1,1.022034,0.07498169,0.06332397,0.3747579,20.35,
112211.1,1.027222,0.08651733,0.07092285,0.3122983,20.3,
112211.1,1.027222,0.08074951,0.06838989,0.3122983,20.3,
112211.1,1.053162,0.09228516,0.07345581,0.3435281,20.3,
112211.1,1.022034,0.08074951,0.06585693,0.3747579,20.3,
112211.1,1.037598,0.08074951,0.06838989,0.3435281,20.25,
112211.1,1.042786,0.08651733,0.07345581,0.2498386,20.25,
112211.1,1.042786,0.08074951,0.06585693,0.3435281,20.2,
112211.1,1.03241,0.09228516,0.07598877,0.3435281,20.25,
112211.1,1.03241,0.08651733,0.07345581,0.187379,20.2,
112211.1,0.871582,0.07498169,0.06838989,0.2810684,20.1,
112211.1,1.00647,0.08074951,0.06838989,0.2810684,20.1,
112211.1,1.016846,0.08074951,0.06585693,0.3435281,20.1,
112211.1,0.8093262,0.06921387,0.06079102,0.3435281,20.15,
112211.1,1.011658,0.07498169,0.06079102,0.5621369,19.95,
112211.1,1.03241,0.09228516,0.07345581,0.5309071,20.0,
112211.1,1.022034,0.08074951,0.06585693,0.4059877,20.0,
112211.1,1.042786,0.08651733,0.07092285,0.4684473,20.0,
112211.1,1.00647,0.06921387,0.06079102,0.4684474,19.95,
112211.1,1.001282,0.05767822,0.04812622,0.3747579,20.0,
112211.1,1.00647,0.06344604,0.05319214,0.4372175,19.95,
112211.1,1.042786,0.09228516,0.07345581,0.4996771,20.0,
112211.1,0.7315063,0.08074951,0.06585693,0.187379,19.45,
112211.1,0.7003784,0.06921387,0.05825806,0.1561492,19.45,
112211.1,0.9857178,0.07498169,0.06332397,0.2186088,19.45,
112211.1,0.2490234,0.04614258,0.03292847,1.68641,24.75,
112211.1,0.2230835,0.04614258,0.03292847,1.467802,24.75,
112211.1,0.2230835,0.0519104,0.03799438,1.530261,24.8,
112211.1,0.2023315,0.04614258,0.03546143,1.592721,24.8,
112211.1,0.2075195,0.04614258,0.03799438,1.561491,24.8,
112211.1,0.2023315,0.04614258,0.03292847,1.592721,24.85,
112211.1,0.2127075,0.04614258,0.03546143,1.592721,24.9,
112211.1,0.2282715,0.04614258,0.03292847,1.68641,24.95,
112211.1,0.2438354,0.04614258,0.03292847,1.467802,25.0,
112211.1,0.2334595,0.04037476,0.03039551,1.530261,25.05,
112211.1,0.1867676,0.0519104,0.03292847,1.530261,25.05,
112211.1,0.1815796,0.06344604,0.0430603,1.436572,25.15,
112211.1,0.1141357,0.04037476,0.03039551,1.436572,25.6,
112211.1,0.1089478,0.04037476,0.03039551,1.592721,25.55,
112211.1,0.1400757,0.04037476,0.03039551,1.7801,25.6,
112211.1,0.1400757,0.03460693,0.02532959,1.623951,25.5,
112211.1,0.1452637,0.03460693,0.02532959,1.561491,25.5,
112211.1,0.1193237,0.03460693,0.02786255,1.561491,25.5,
112211.1,0.1141357,0.04037476,0.03039551,1.561491,25.5,
112211.1,0.1608276,0.0519104,0.04052734,1.655181,25.5,
112211.1,0.1141357,0.03460693,0.02786255,1.71764,25.5,
112211.1,0.1245117,0.02883911,0.02026367,1.592721,25.5,
112211.1,0.1296997,0.04037476,0.03039551,1.592721,25.45,
112211.1,0.1400757,0.03460693,0.02532959,1.467802,25.5,
112211.1,0.1296997,0.03460693,0.02532959,1.592721,25.45,
112211.1,0.1245117,0.03460693,0.02279663,1.467802,25.45,
112211.1,0.1452637,0.05767822,0.0430603,1.68641,25.45,
112211.1,0.1400757,0.04037476,0.03039551,1.436572,25.4,
112211.1,0.1245117,0.02307129,0.01773071,1.530261,25.4,
112211.1,0.1348877,0.02883911,0.02532959,1.530261,25.4,
112211.1,0.1400757,0.03460693,0.02786255,1.499031,25.4,
112211.1,0.1400757,0.04037476,0.03039551,1.499031,25.4,
112211.1,0.1348877,0.03460693,0.03039551,1.592721,25.4,
112211.1,0.1296997,0.02883911,0.02279663,1.592721,25.4,
112211.1,0.1296997,0.02883911,0.02279663,1.499031,25.4,
112211.1,0.1348877,0.04614258,0.03292847,1.561491,25.4,
112211.1,0.1400757,0.03460693,0.02786255,1.592721,25.45,
112211.1,0.1504517,0.04614258,0.03799438,1.467802,25.45,
112211.1,0.1400757,0.03460693,0.02786255,1.68641,25.4,
112211.1,0.1348877,0.02883911,0.02279663,1.68641,25.4,
112211.1,0.1452637,0.03460693,0.02532959,1.623951,25.4,
112211.1,0.1400757,0.03460693,0.03039551,1.530261,25.4,
112211.1,0.09857178,0.03460693,0.02786255,1.623951,25.45,
112211.1,0.1089478,0.03460693,0.02532959,1.467802,25.45,
112211.1,0.1141357,0.04037476,0.03292847,1.592721,25.4,
112211.1,0.09857178,0.03460693,0.02786255,1.592721,25.4,
112211.1,0.1504517,0.04614258,0.03292847,1.467802,25.4,
112211.1,0.1556396,0.04614258,0.03292847,1.623951,25.4,
112211.1,0.1504517,0.03460693,0.02786255,1.499031,25.4,
112211.1,0.1556396,0.04037476,0.03039551,1.530261,25.4,
112211.1,0.1504517,0.03460693,0.02532959,1.436572,25.45,
112211.1,0.1400757,0.02883911,0.02026367,1.561491,25.4,
112211.1,0.1556396,0.03460693,0.02279663,1.467802,25.4,
112211.1,0.1660156,0.04614258,0.03292847,1.561491,25.4,
112211.1,0.1867676,0.0519104,0.04052734,1.530261,25.4,
112211.1,0.1815796,0.03460693,0.02786255,1.7801,25.35,
112211.1,0.1919556,0.04614258,0.03546143,1.530261,25.4,
112211.1,0.1348877,0.03460693,0.02532959,1.592721,25.4,
112211.1,0.1660156,0.04037476,0.03039551,1.561491,25.35,
112211.1,0.1763916,0.04037476,0.03546143,1.561491,25.35,
112211.1,0.1556396,0.02883911,0.02026367,1.561491,25.4,
112211.1,0.1712036,0.03460693,0.02786255,1.592721,25.4,
112211.1,0.1815796,0.04614258,0.03546143,1.499031,25.4,
112211.1,0.1712036,0.03460693,0.02532959,1.592721,25.35,
112211.1,0.1971436,0.05767822,0.0430603,1.436572,25.35,
112211.1,0.1815796,0.04037476,0.03292847,1.499031,25.35,
112211.1,0.1763916,0.03460693,0.02786255,1.623951,25.35,
112211.1,0.1815796,0.04037476,0.03292847,1.530261,25.35,
112211.1,0.1971436,0.05767822,0.0430603,1.467802,25.3,
112211.1,0.1867676,0.04614258,0.03799438,1.655181,25.35,
112211.1,0.1815796,0.04037476,0.03039551,1.467802,25.3,
112211.1,0.1919556,0.0519104,0.04052734,1.74887,25.35,
112211.1,0.1919556,0.05767822,0.0430603,1.499031,25.35,
112211.1,0.1815796,0.04614258,0.03292847,1.592721,25.3,
112211.1,0.1763916,0.03460693,0.02532959,1.623951,25.3,
112211.1,0.1919556,0.0519104,0.04052734,1.561491,25.3,
112211.1,0.1763916,0.04037476,0.03292847,1.655181,25.25,
112211.1,0.1193237,0.02883911,0.02532959,1.623951,25.25,
112211.1,0.1608276,0.04037476,0.03039551,1.561491,25.3,
112211.1,0.1348877,0.04037476,0.03039551,1.499031,25.25,
112211.1,0.1400757,0.04037476,0.03039551,1.74887,25.25,
112211.1,0.1348877,0.03460693,0.02786255,1.655181,25.25,
112211.1,0.1348877,0.03460693,0.03039551,1.592721,25.3,
112211.1,0.1919556,0.03460693,0.03039551,1.436572,25.3,
112211.1,0.1712036,0.0519104,0.0430603,1.655181,25.25,
112211.1,0.1608276,0.04037476,0.03039551,1.655181,25.3,
112211.1,0.1452637,0.02883911,0.02279663,1.655181,25.3,
112211.1,0.1504517,0.03460693,0.02532959,1.436572,25.25,
112211.1,0.1556396,0.03460693,0.02786255,1.592721,25.3,
112211.1,0.1556396,0.04037476,0.03292847,1.436572,25.25,
112211.1,0.1556396,0.04037476,0.03292847,1.68641,25.25,
112211.1,0.1296997,0.03460693,0.02532959,1.561491,25.25,
112211.1,0.1296997,0.03460693,0.02786255,1.561491,25.3,
112211.1,0.1504517,0.0519104,0.04052734,1.530261,25.3,
112211.1,0.1400757,0.03460693,0.02532959,1.623951,25.25,
112211.1,0.1504517,0.03460693,0.02532959,1.499031,25.25,
112211.1,0.1660156,0.04614258,0.03546143,1.530261,25.25,
112211.1,0.1763916,0.04037476,0.03292847,1.499031,25.05,
112211.1,0.1712036,0.03460693,0.02532959,1.499031,25.0,
112211.1,0.1712036,0.03460693,0.02532959,1.561491,25.05,
112211.1,0.1660156,0.02883911,0.02532959,1.530261,25.0,
112211.1,0.1660156,0.03460693,0.02532959,1.467802,25.0,
112211.1,0.1815796,0.04037476,0.03039551,1.592721,25.05,
112211.1,0.1919556,0.0519104,0.03799438,1.623951,25.0,
112211.1,0.1763916,0.03460693,0.02786255,1.561491,25.0,
112211.1,0.1971436,0.06344604,0.04812622,1.623951,25.0,
112211.1,0.1867676,0.04614258,0.03546143,1.592721,25.05,
112211.1,0.1867676,0.04614258,0.03546143,1.592721,25.0,
112211.1,0.1763916,0.03460693,0.02532959,1.467802,25.0,
112211.1,0.1919556,0.0519104,0.03799438,1.74887,25.05,
112211.1,0.1867676,0.04614258,0.03546143,1.436572,25.0,
112211.1,0.1763916,0.04037476,0.03039551,1.467802,25.05,
112211.1,0.1815796,0.04037476,0.03292847,1.655181,25.0,
112211.1,0.1815796,0.04614258,0.03546143,1.623951,25.0,
112211.1,0.1712036,0.03460693,0.02532959,1.561491,25.0,
112211.1,0.1712036,0.03460693,0.02786255,1.623951,25.0,
112211.1,0.1763916,0.04037476,0.03039551,1.655181,25.0,
112211.1,0.1763916,0.03460693,0.02786255,1.592721,25.0,
112211.1,0.1815796,0.04614258,0.03546143,1.436572,25.0,
112211.1,0.1763916,0.04037476,0.03039551,1.592721,25.0,
112211.1,0.1763916,0.04037476,0.03039551,1.623951,25.0,
112211.1,0.1867676,0.04614258,0.03546143,1.655181,25.0,
112211.1,0.1763916,0.04037476,0.03039551,1.623951,24.95,
112211.1,0.1763916,0.03460693,0.02786255,1.467802,24.95,
112211.1,0.1815796,0.04037476,0.03292847,1.561491,24.95,
112211.1,0.1867676,0.04614258,0.03546143,1.467802,25.0,
112211.1,0.1815796,0.04037476,0.03039551,1.71764,25.0,
112211.1,0.1815796,0.03460693,0.03039551,1.71764,24.95,
112211.1,0.1867676,0.04037476,0.03292847,1.623951,25.0,
112211.1,0.1815796,0.03460693,0.02786255,1.530261,25.0,
112211.1,0.1815796,0.03460693,0.02532959,1.530261,25.0,
112211.1,0.1919556,0.04614258,0.03292847,1.592721,25.0,
112211.1,0.1867676,0.04037476,0.03292847,1.561491,24.95,
112211.1,0.1867676,0.04037476,0.03292847,1.530261,24.95,
112211.1,0.1815796,0.04037476,0.03039551,1.74887,25.0,
112211.1,0.1867676,0.04037476,0.03292847,1.71764,24.95,
000000.000,0.1815796,0.04037476,0.03292847,1.436572,25.0,
000000.000,0.1919556,0.03460693,0.02786255,1.467802,25.0,
000000.000,0.1919556,0.04037476,0.02786255,1.436572,25.0,
000000.000,0.1712036,0.02883911,0.02026367,1.530261,25.0,
000000.000,0.1763916,0.03460693,0.02786255,1.374112,25.0,
000000.000,0.1971436,0.04037476,0.03292847,1.467802,25.0,
000000.000,0.2178955,0.0519104,0.03799438,1.561491,25.05,
000000.000,0.2127075,0.0519104,0.04052734,1.655181,25.05,
000000.000,0.2023315,0.03460693,0.02786255,1.499031,25.1,
000000.000,0.2023315,0.04037476,0.03292847,1.499031,25.05,
000000.000,0.2075195,0.04037476,0.03039551,1.530261,25.1,
000000.000,0.2075195,0.04037476,0.03292847,1.467802,25.05,
000000.000,0.2023315,0.04037476,0.02786255,1.561491,25.05,
000000.000,0.2075195,0.03460693,0.02786255,1.623951,25.05,
000000.000,0.2075195,0.04614258,0.03292847,1.467802,25.05,
000000.000,0.2178955,0.04614258,0.03546143,1.592721,25.05,
000000.000,0.2127075,0.04614258,0.03546143,1.561491,25.05,
000000.000,0.2230835,0.04037476,0.03292847,1.655181,25.05,
000000.000,0.2334595,0.04037476,0.03039551,1.592721,25.05,
000000.000,0.2023315,0.04614258,0.03292847,1.467802,25.05,
000000.000,0.1815796,0.03460693,0.02786255,1.436572,25.05,
000000.000,0.2023315,0.05767822,0.04052734,1.436572,25.05,
000000.000,0.1815796,0.03460693,0.02279663,1.530261,25.05,
000000.000,0.1919556,0.04614258,0.03546143,1.68641,25.1,
000000.000,0.1815796,0.02883911,0.02279663,1.655181,25.1,
000000.000,0.2023315,0.04614258,0.03546143,1.561491,25.05,
000000.000,0.1815796,0.03460693,0.02786255,1.655181,25.1,
000000.000,0.1815796,0.04614258,0.03546143,1.7801,25.1,
000000.000,0.1815796,0.04037476,0.03292847,1.623951,25.05,
000000.000,0.1867676,0.03460693,0.02786255,1.467802,25.1,
000000.000,0.2438354,0.04037476,0.03039551,1.655181,25.1,
000000.000,0.2438354,0.0519104,0.04052734,1.623951,25.05,
000000.000,0.1608276,0.04614258,0.03292847,1.68641,25.05,
000000.000,0.1919556,0.04614258,0.03292847,1.623951,25.1,
000000.000,0.2023315,0.04614258,0.03546143,1.74887,25.05,
000000.000,0.1971436,0.04037476,0.03039551,1.592721,25.05,
000000.000,0.2023315,0.04037476,0.03039551,1.467802,25.05,
000000.000,0.1971436,0.04037476,0.03039551,1.592721,25.05,
000000.000,0.1867676,0.03460693,0.02532959,1.623951,25.05,
000000.000,0.2023315,0.04614258,0.03799438,1.561491,25.05,
000000.000,0.1867676,0.03460693,0.03039551,1.467802,25.05,
000000.000,0.1919556,0.04614258,0.03546143,1.561491,25.0,
000000.000,0.1815796,0.03460693,0.02786255,1.436572,25.0,
000000.000,0.1815796,0.03460693,0.02532959,1.68641,25.0,
000000.000,0.1815796,0.03460693,0.02786255,1.436572,25.0,
000000.000,0.1815796,0.03460693,0.02786255,1.905019,25.0,
000000.000,0.1919556,0.04614258,0.03546143,1.499031,25.0,
000000.000,0.1763916,0.03460693,0.02532959,1.499031,25.0,
000000.000,0.1867676,0.04037476,0.03039551,1.561491,25.0,
000000.000,0.1867676,0.04037476,0.03039551,1.623951,25.0,
000000.000,0.1919556,0.04037476,0.03292847,1.499031,25.0,
000000.000,0.1919556,0.04037476,0.03292847,1.467802,25.0,
000000.000,0.2023315,0.04037476,0.02786255,1.592721,25.0,
000000.000,0.2075195,0.04037476,0.03292847,1.561491,25.0,
000000.000,0.2697754,0.05767822,0.04559326,1.623951,25.0,
000000.000,0.3060913,0.04614258,0.03799438,1.623951,25.0,
000000.000,0.3009033,0.04614258,0.03799438,1.530261,25.05,
000000.000,0.3112793,0.05767822,0.0430603,1.436572,25.05,
000000.000,0.3164673,0.0519104,0.03546143,1.499031,25.05,
000000.000,0.3060913,0.0519104,0.03799438,1.530261,25.05,
000000.000,0.3164673,0.0519104,0.04052734,1.499031,25.05,
000000.000,0.3216553,0.0519104,0.0430603,1.623951,25.05,
000000.000,0.3320313,0.04614258,0.03546143,1.467802,25.05,
000000.000,0.3424072,0.05767822,0.0430603,1.436572,25.05,
000000.000,0.2801514,0.0519104,0.03799438,1.499031,25.0,
000000.000,0.3320313,0.0519104,0.04052734,1.467802,25.05,
000000.000,0.3268433,0.05767822,0.0430603,1.499031,25.05,
000000.000,0.2645874,0.04037476,0.03039551,1.561491,25.05,
000000.000,0.2438354,0.04614258,0.03546143,1.467802,25.05,
000000.000,0.1919556,0.05767822,0.0430603,1.623951,25.05,
000000.000,0.2334595,0.0519104,0.0430603,1.655181,25.05,
000000.000,0.2230835,0.04037476,0.03292847,1.71764,25.05,
000000.000,0.2542114,0.0519104,0.0430603,1.71764,25.05,
000000.000,0.2645874,0.0519104,0.0430603,1.561491,25.05,
000000.000,0.2697754,0.04614258,0.03799438,1.74887,25.05,
000000.000,0.2645874,0.04614258,0.03799438,1.561491,25.05,
000000.000,0.2334595,0.0519104,0.04052734,1.623951,25.05,
000000.000,0.1141357,0.04614258,0.03799438,1.592721,25.0,
000000.000,0.0881958,0.03460693,0.02532959,1.623951,25.05,
000000.000,0.09338379,0.03460693,0.02786255,1.592721,25.05,
000000.000,0.1867676,0.0519104,0.03799438,1.499031,25.05,
000000.000,0.1763916,0.04614258,0.03292847,1.71764,25.0,
000000.000,0.2023315,0.05767822,0.04559326,1.499031,25.0,
000000.000,0.2490234,0.04037476,0.03292847,1.561491,24.95,
000000.000,0.1296997,0.0519104,0.03799438,1.530261,25.0,
000000.000,0.1919556,0.04037476,0.03039551,1.561491,24.95,
000000.000,0.2490234,0.04037476,0.03546143,1.561491,25.0,
000000.000,0.2334595,0.02307129,0.02279663,1.71764,25.0,
000000.000,0.2334595,0.03460693,0.03039551,1.499031,25.0,
000000.000,0.3009033,0.03460693,0.02786255,1.499031,25.0,
000000.000,0.1763916,0.02883911,0.02026367,1.68641,25.0,
000000.000,0.05187988,0.02307129,0.02026367,1.623951,25.0,
000000.000,0.04150391,0.02883911,0.02279663,1.592721,25.0,
000000.000,0.04669189,0.03460693,0.02532959,1.530261,25.0,
000000.000,0.05187988,0.03460693,0.02532959,1.467802,25.05,
000000.000,0.04669189,0.02307129,0.01773071,1.467802,25.05,
000000.000,0.05187988,0.03460693,0.02786255,1.561491,25.0,
000000.000,0.06744385,0.04614258,0.03799438,1.623951,25.05,
000000.000,0.04669189,0.03460693,0.02786255,1.655181,25.0,
000000.000,0.1037598,0.03460693,0.02786255,1.68641,25.0,
000000.000,0.06225586,0.03460693,0.02532959,1.467802,25.0,
000000.000,0.1971436,0.04037476,0.03292847,1.467802,25.0,
000000.000,0.1660156,0.04037476,0.03292847,1.623951,25.05,
000000.000,0.1141357,0.04614258,0.03292847,1.561491,25.0,
000000.000,0.04150391,0.02307129,0.01519775,1.623951,25.0,
000000.000,0.04669189,0.02307129,0.02026367,1.71764,25.0,
000000.000,0.05187988,0.03460693,0.02532959,1.561491,25.0,
000000.000,0.03631592,0.02307129,0.01773071,1.592721,25.0,
000000.000,0.03112793,0.03460693,0.02279663,1.499031,25.05,
000000.000,0.04150391,0.03460693,0.02786255,1.499031,25.1,
000000.000,0.03631592,0.03460693,0.02532959,1.405342,25.05,
000000.000,0.04150391,0.03460693,0.02532959,1.68641,25.1,
000000.000,0.03631592,0.02883911,0.02279663,1.655181,25.05,
000000.000,0.04150391,0.02883911,0.02279663,1.499031,25.05,
000000.000,0.03631592,0.02883911,0.02026367,1.561491,25.1,
000000.000,0.04150391,0.02883911,0.02279663,1.561491,25.1,
000000.000,0.04150391,0.03460693,0.02532959,1.592721,25.05,
000000.000,0.04669189,0.03460693,0.02532959,1.561491,25.1,
000000.000,0.04669189,0.03460693,0.02786255,1.592721,25.05,
000000.000,0.03112793,0.03460693,0.02532959,1.71764,25.0,
000000.000,0.03631592,0.04037476,0.03039551,1.530261,25.0,
000000.000,0.03631592,0.03460693,0.02532959,1.467802,25.0,
000000.000,0.04150391,0.02883911,0.02279663,1.530261,24.9,
000000.000,0.03631592,0.02307129,0.01773071,1.74887,24.85,
000000.000,0.08300781,0.02883911,0.02279663,1.561491,24.8,
000000.000,0.1141357,0.03460693,0.02786255,1.467802,24.65,
000000.000,0.2853394,0.04614258,0.03292847,1.467802,24.65,
000000.000,0.1348877,0.04037476,0.03039551,1.530261,24.55,
000000.000,0.07781982,0.03460693,0.02279663,1.623951,24.5,
000000.000,0.1037598,0.03460693,0.02786255,1.436572,24.5,
000000.000,0.07263184,0.02883911,0.02279663,1.592721,24.4,
000000.000,0.1193237,0.03460693,0.03039551,1.592721,24.4,
000000.000,0.1089478,0.02883911,0.02279663,1.499031,24.4,
000000.000,0.06225586,0.02307129,0.01773071,1.530261,24.35,
000000.000,0.07263184,0.02883911,0.02532959,1.467802,24.35,
000000.000,0.07781982,0.02883911,0.02279663,1.592721,24.3,
000000.000,0.1037598,0.04614258,0.03292847,1.623951,24.25,
000000.000,0.08300781,0.02307129,0.02026367,1.499032,24.2,
000000.000,0.09857178,0.02883911,0.02279663,1.623951,24.15,
000000.000,0.1712036,0.02883911,0.02279663,1.530261,24.1,
000000.000,0.1660156,0.04037476,0.03292847,1.623951,24.1,
000000.000,0.07263184,0.03460693,0.02786255,1.623951,24.0,
000000.000,0.09338379,0.02883911,0.02279663,1.467802,24.0,
000000.000,0.3579712,0.0519104,0.0430603,1.592721,24.0,
000000.000,0.3787231,0.05767822,0.05065918,1.68641,23.95,
000000.000,0.3424072,0.03460693,0.03039551,1.68641,23.95,
000000.000,0.3216553,0.03460693,0.03292847,1.499031,23.95,
000000.000,0.2645874,0.02307129,0.02026367,1.592721,23.95,
000000.000,0.451355,0.04614258,0.04052734,1.623951,23.9,
000000.000,0.2853394,0.03460693,0.02786255,1.499031,23.85,
000000.000,0.2801514,0.04037476,0.03039551,1.74887,23.85,
000000.000,0.3475952,0.03460693,0.03292847,1.592721,23.75,
000000.000,0.435791,0.04037476,0.03546143,1.592721,23.75,
000000.000,0.430603,0.04614258,0.04052734,1.499031,23.75,
000000.000,0.440979,0.04037476,0.03546143,1.561491,23.7,
000000.000,0.4098511,0.04037476,0.03799438,1.623951,23.65,
000000.000,0.461731,0.0519104,0.0430603,1.436572,23.65,
000000.000,0.5239868,0.0519104,0.04812622,1.561491,23.6,
000000.000,0.5447388,0.04037476,0.03799438,1.499031,23.6,
000000.000,0.3527832,0.04614258,0.04052734,1.561491,23.65,
000000.000,0.3268433,0.03460693,0.03039551,1.71764,23.6,
000000.000,0.1245117,0.03460693,0.02532959,1.655181,23.55,
000000.000,0.1141357,0.03460693,0.02786255,1.467802,23.55,
000000.000,0.04150391,0.02883911,0.02026367,1.499031,23.5,
000000.000,0.1296997,0.04614258,0.03292847,1.71764,23.35,
000000.000,0.09338379,0.02883911,0.02532959,1.374112,23.25,
000000.000,0.07263184,0.02883911,0.02026367,1.499031,23.15,
000000.000,0.08300781,0.02883911,0.02279663,1.68641,23.15,
000000.000,0.06744385,0.02307129,0.02026367,1.592721,23.1,
000000.000,0.1867676,0.03460693,0.03546143,1.467802,23.05,
000000.000,0.5136108,0.04037476,0.04812622,1.592721,23.0,
000000.000,0.5291748,0.04037476,0.05065918,1.655181,23.0,
000000.000,2.386475,0.1153564,0.1317139,1.467802,23.0,
000000.000,62.40112,1.493866,0.7852173,1.71764,22.85,
000000.000,183.3591,3.195374,1.380463,1.592721,22.65,
000000.000,48.78784,0.8651733,0.7092285,1.623951,22.2,
000000.000,39.72443,0.6402283,0.6383057,1.436572,21.7,
000000.000,45.16663,0.7325134,0.6889648,1.499032,21.45,
121600.26,64.6994,1.136261,0.7801514,1.592721,21.15,
121601.00,84.84955,1.782257,0.9093323,1.623951,21.05,
121603.00,73.72131,1.580383,0.805481,1.623951,21.05,
121605.00,79.1687,1.43042,0.7852173,1.467802,20.9,
121606.00,115.2356,1.88031,0.9169312,1.467802,20.6,
121608.00,154.7006,2.27829,1.281677,1.530261,20.45,
121609.00,121.6116,1.863007,1.073975,1.655181,20.25,
121611.00,148.1171,2.174469,1.231018,1.592721,20.25,
121612.00,159.3179,2.572449,1.225952,1.499031,20.25,
121614.00,165.6058,2.485931,1.370331,1.561491,20.15,
121615.00,161.3672,2.658966,1.324738,1.499031,20.05,
121616.00,172.9727,3.172302,1.382996,1.436572,19.95,
121618.00,134.4156,2.41095,1.175293,1.561491,19.85,
121619.00,146.488,2.555145,1.180359,1.655181,19.75,
121621.00,162.9962,2.935822,1.258881,1.623951,19.7,
121622.00,175.3592,3.247284,1.329803,1.623951,19.6,
121624.00,216.4792,3.749084,1.547638,1.436572,19.45,
121625.00,176.4227,3.218445,1.334869,1.530261,19.35,
121626.00,182.9752,3.316498,1.342468,1.499031,19.25,
121628.00,148.1223,2.682037,1.122101,1.530261,19.2,
121629.00,197.1384,3.218445,1.385529,1.592721,19.15,
121631.00,187.1671,3.477997,1.266479,1.499031,19.15,
121632.00,220.6088,3.875977,1.375397,1.530261,19.15,
121634.00,219.8047,4.493134,1.484314,1.561491,19.1,
121635.00,181.3202,3.414551,1.238617,1.405342,19.1,
121636.00,148.9005,2.906982,1.094238,1.561491,19.05,
121638.00,179.7638,2.889679,1.170227,1.499031,19.05,
121639.00,208.5519,3.270355,1.205688,1.623951,18.95,
121641.00,184.8428,3.287659,1.119568,1.530261,18.95,
121642.00,129.8553,3.010803,0.9295959,1.499031,18.85,
121644.00,45.9967,1.701508,0.5648499,1.623951,18.8,
121645.00,43.8385,1.736115,0.554718,1.467802,18.7,
121646.00,37.65442,1.338135,0.4863281,1.623951,18.55,
121648.00,26.63513,1.055511,0.4508667,1.499031,18.5,
121649.00,19.07104,0.5883179,0.4154053,1.467802,18.45,
121651.00,18.59894,0.5594788,0.4078064,1.71764,18.45,
121652.00,19.00879,0.6459961,0.4204712,1.467802,18.4,
121654.00,18.71307,0.5479431,0.4078064,1.467802,18.3,
121655.00,27.42371,1.1651,0.4736633,1.592721,18.3,
121656.00,23.41339,0.9343872,0.4711304,1.530261,18.25,
121658.00,20.84015,0.7728882,0.4559326,1.436572,18.2,
121659.00,22.26166,0.8363342,0.4635315,1.592721,18.1,
121701.00,18.69232,0.5940857,0.4685974,1.623951,18.05,
121702.00,29.63379,1.211243,0.5623169,1.467802,18.05,
121704.00,25.22919,1.159332,0.5192566,1.436572,17.85,
121705.00,23.30444,0.9228516,0.4736633,1.71764,17.8,
121706.00,20.31097,0.8363342,0.4508667,1.530261,17.7,
121708.00,26.23047,1.061279,0.4660645,1.467802,17.7,
121709.00,16.21765,0.5652466,0.3495483,1.530261,17.65,
121711.00,39.22638,1.188171,0.5065918,1.436572,17.6,
121712.00,12.16064,0.4095154,0.4154053,1.530261,17.5,
121714.00,10.98297,0.2710876,0.3444824,1.68641,17.45,
121715.00,12.37335,0.2768555,0.3318176,1.499032,17.35,
121716.00,14.11133,0.3056946,0.3368835,1.467802,17.25,
121718.00,11.95831,0.2768555,0.306488,1.655181,17.2,
121719.00,12.95441,0.2826233,0.3216858,1.499031,17.05,
121721.00,14.01794,0.2883911,0.3140869,1.436572,16.95,
121722.00,19.29932,0.3345337,0.4027405,1.68641,16.9,
121724.00,21.47308,0.3345337,0.3267517,1.436572,16.65,
121725.00,24.70001,0.4095154,0.4533997,1.436572,16.6,
121726.00,27.27844,0.3864441,0.4356689,1.467802,16.35,
121728.00,27.11243,0.3979797,0.4711304,1.436572,16.25,
121729.00,27.82318,0.4095154,0.5268555,1.592721,16.0,
121731.00,27.63123,0.4095154,0.5065918,1.499031,15.85,
121732.00,27.35626,0.4383545,0.5141907,1.530261,15.75,
121734.00,33.54553,0.5883179,0.5876465,1.623951,15.65,
121734.50,41.77368,0.7901917,0.6459045,1.436572,15.6,
121806.00,27.76093,0.8247986,0.6509705,1.530261,15.45,
121807.00,33.02155,1.015137,0.6763,1.499032,15.45,
121809.00,43.00323,1.234314,0.7168274,1.499031,15.4,
121810.00,52.31049,1.488098,0.7472229,1.499031,15.4,
121812.00,44.19128,1.084351,0.6864319,1.530261,15.35,
121813.00,40.5545,1.303528,0.678833,1.467802,15.4,
121815.00,27.99438,0.8305664,0.5141907,1.405342,15.35,
121816.00,27.37183,1.153564,0.4837952,1.499031,15.35,
121817.00,19.37714,0.8536377,0.491394,1.499031,15.35,
121819.00,35.44434,1.026672,0.618042,1.499032,15.3,
121820.00,77.45148,2.318665,0.8890686,1.68641,15.25,
121822.00,77.30103,2.382111,0.8992004,1.623951,15.25,
121823.00,91.93634,2.687805,0.9118652,1.499032,15.25,
121825.00,38.52081,1.707275,0.4179382,1.530261,15.2,
121826.00,13.71704,0.6286926,0.2963562,1.530261,15.2,
121827.00,37.34833,1.176636,0.4407349,1.499032,15.2,
121829.00,44.50775,1.407349,0.4458008,1.467802,15.15,
121830.00,41.24451,1.263153,0.3774109,1.623951,15.1,
121832.00,30.72327,1.015137,0.3495483,1.499032,15.1,
121833.00,25.80505,0.940155,0.369812,1.374112,15.1,
121835.00,37.229,1.228546,0.491394,1.530261,15.05,
121836.00,19.30969,0.5883179,0.4002075,1.623951,15.0,
121837.00,24.33685,0.4498901,0.4002075,1.499032,14.95,
121839.00,29.50409,0.5306396,0.4356689,1.436572,14.95,
121840.00,26.34979,0.3691406,0.4128723,1.561491,15.0,
121842.00,31.46515,0.4441223,0.491394,1.467802,14.95,
121843.00,43.4494,0.6748352,0.7725525,1.561491,14.9,
121845.00,125.2744,2.076416,1.01825,1.530261,14.85,
121846.00,196.4069,3.253052,1.580566,1.71764,14.9,
121847.00,242.8186,3.604889,1.686951,1.374112,14.7,
121849.00,228.3078,3.449158,1.593231,1.405342,14.6,
121850.00,171.0428,2.9935,1.30954,1.499032,14.45,
121852.00,145.549,2.86084,1.180359,1.592721,14.4,
121853.00,93.50311,2.041809,0.9726563,1.655181,14.4,
121855.00,121.4145,2.664734,1.155029,1.499031,14.4,
121856.00,121.0721,2.618591,1.127167,1.530261,14.4,
121857.00,85.88715,2.134094,1.005585,1.561491,14.45,
121859.00,91.98303,2.64743,1.071442,1.374112,14.5,
121900.00,59.92645,1.118958,0.8738708,1.405342,14.5,
121902.00,79.99359,1.972595,0.9954529,1.436572,14.5,
121903.00,79.35028,1.863007,0.9650574,1.561491,14.5,
121905.00,95.74951,2.260986,1.015717,1.467802,14.55,
121906.00,108.0295,2.883911,1.114502,1.71764,14.55,
121907.00,81.78345,2.19754,0.9194641,1.374112,14.55,
121908.00,59.68262,1.851471,0.8308105,1.405342,14.55,
121910.00,58.06915,1.701508,0.8080139,1.71764,14.55,
121911.00,53.74756,1.609222,0.8080139,1.561491,14.6,
121912.00,36.96442,0.9805298,0.805481,1.71764,14.6,
121913.00,48.46619,1.355438,0.9574585,1.592721,14.65,
121915.00,46.19904,1.188171,0.9169312,1.499032,14.6,
121916.00,42.73865,0.9632263,0.9422607,1.499032,14.65,
121917.00,67.57355,2.116791,1.071442,1.623951,14.65,
121918.00,53.33771,1.718811,0.9118652,1.592721,14.7,
121920.00,58.91998,1.713043,1.066376,1.436572,14.65,
121921.00,54.28192,1.107422,1.091705,1.561491,14.65,
121922.00,58.08472,0.8824768,1.053711,1.592721,14.7,
121923.00,82.18292,1.937988,1.170227,1.405342,14.75,
121925.00,83.17902,1.839935,1.117035,1.561491,14.7,
121926.00,89.08813,1.822632,1.051178,1.655181,14.7,
121927.00,115.4639,2.474396,1.218353,1.561491,14.7,
121928.00,123.1992,2.399414,1.157562,1.592721,14.75,
121930.00,202.0618,3.391479,1.540039,1.499032,14.65,
121931.00,223.3014,3.622192,1.613495,1.530261,14.6,
121932.00,233.9368,3.806763,1.598297,1.592721,14.5,
121933.00,205.9424,3.166534,1.124634,1.592721,14.45,
121935.00,29.31732,1.499634,0.4584656,1.405342,14.45,
121936.00,8.09845,0.4671936,0.2862244,1.655181,14.45,
121937.00,7.99469,0.3460693,0.2887573,1.499031,14.45,
121938.00,7.439575,0.1903381,0.2659607,1.530261,14.45,
121940.00,7.849426,0.1788025,0.2760925,1.405342,14.45,
121941.00,10.48492,0.4902649,0.309021,1.592721,14.4,
121943.00,8.944092,0.2537842,0.309021,1.71764,14.35,
121944.00,9.846802,0.2537842,0.3470154,1.499032,14.35,
121945.00,24.24866,0.3691406,0.49646,1.561491,14.35,
121947.00,40.91766,0.5883179,0.7548218,1.530261,14.35,
121948.00,64.79797,0.8824768,0.9802551,1.436572,14.25,
121950.00,95.30853,1.332367,1.180359,1.561491,14.2,
121951.00,105.5133,1.447723,1.236084,1.467802,14.15,
121953.00,163.0948,2.105255,1.507111,1.374112,14.1,
121954.00,175.8521,2.468628,1.565369,1.530261,14.15,
121955.00,256.0117,3.449158,1.808533,1.499032,14.15,
121957.00,181.7456,2.86084,1.390594,1.623951,14.15,
121958.00,151.6553,2.872375,1.263947,1.655181,14.05,
122000.00,112.0709,2.335968,1.068909,1.374112,14.1,
122001.00,63.43872,1.632294,0.863739,1.530261,14.1,
122003.00,65.59174,2.180237,0.7902832,1.499031,14.05,
122004.00,64.28955,2.157166,0.7953491,1.499032,14.05,
122005.00,39.3457,1.205475,0.5800476,1.405342,14.05,
122007.00,38.0954,1.268921,0.5040588,1.592721,14.05,
122008.00,19.02435,0.7382813,0.3672791,1.592721,14.05,
122010.00,22.8064,0.8305664,0.3748779,1.530261,14.05,
122011.00,38.53119,1.188171,0.6003113,1.405342,14.05,
122013.00,27.97882,1.038208,0.4382019,1.499032,14.05,
122014.00,22.31873,0.9343872,0.3951416,1.499032,14.05,
122016.00,29.75311,1.101654,0.4356689,1.405342,14.05,
122017.00,31.42883,1.309296,0.5167236,1.405342,14.0,
122018.00,26.36017,1.626526,0.5952454,1.499032,13.9,
122020.00,56.41937,1.799561,0.6585693,1.530261,13.9,
122021.00,33.68042,1.101654,0.8181458,1.405342,13.85,
122023.00,25.7843,0.5479431,0.6864319,1.623951,13.85,
122024.00,27.31476,0.5133362,0.5673828,1.499031,13.9,
122026.00,26.8634,0.5364075,0.6433716,1.467802,13.95,
122027.00,32.50793,0.7267456,0.7801514,1.592721,14.0,
122028.00,24.45099,0.7209778,0.7877502,1.436572,14.05,
122030.00,33.3847,0.6632996,0.9650574,1.655181,14.05,
122031.00,39.89044,0.8824768,1.073975,1.655181,14.05,
122033.00,62.5827,1.805328,1.301941,1.467802,14.05,
122034.00,112.211,2.572449,1.5755,1.623951,14.15,
122036.00,91.83777,1.822632,1.585632,1.592721,14.15,
122037.00,101.1191,2.018738,1.595764,1.530261,14.15,
122038.00,65.82001,1.072815,1.068909,1.561491,14.15,
122040.00,31.59485,0.7844238,0.7016296,1.623951,14.1,
122041.00,13.67035,1.361206,0.805481,1.68641,13.95,
122043.00,9.691162,1.193939,0.6408386,1.467802,14.0,
122044.00,17.883,1.551544,0.8156128,1.530261,13.95,
122046.00,18.06458,1.586151,0.8485413,1.561491,13.9,
122047.00,18.53668,1.580383,0.8409424,1.374112,13.9,
122048.00,18.7027,1.568848,0.8308105,1.436572,13.85,
122050.00,19.19037,1.574615,0.8409424,1.530261,13.8,
122051.00,19.18518,1.574615,0.8384094,1.374112,13.8,
122053.00,19.54315,1.580383,0.8434753,1.499031,13.8,
122054.00,19.56909,1.568848,0.8358765,1.623951,13.75,
122056.00,19.73511,1.580383,0.8434753,1.530261,13.7,
122057.00,19.55353,1.568848,0.8358765,1.499032,13.75,
122059.00,19.71954,1.586151,0.8485413,1.436572,13.8,
122100.00,19.87,1.586151,0.8485413,1.499032,13.8,
122101.00,19.86481,1.580383,0.8485413,1.592721,13.75,
122103.00,19.96338,1.586151,0.8485413,1.530261,13.8,
122104.00,20.29541,1.603455,0.866272,1.374112,13.75,
122106.00,20.18646,1.603455,0.863739,1.467802,13.8,
122107.00,20.24353,1.597687,0.8561401,1.623951,13.8,
122109.00,20.31097,1.61499,0.8713379,1.530261,13.75,
122107.00,20.33691,1.603455,0.863739,1.436572,13.75,
122108.00,20.34729,1.609222,0.8688049,1.530261,13.8,
122110.00,20.28503,1.61499,0.8738708,1.530261,13.75,
122111.00,20.26947,1.597687,0.863739,1.623951,13.75,
122113.00,20.35767,1.603455,0.863739,1.499032,13.75,
122114.00,20.31097,1.603455,0.866272,1.623951,13.75,
122116.00,20.42511,1.609222,0.8738708,1.592721,13.8,
122117.00,20.48737,1.609222,0.8688049,1.499031,13.8,
122118.00,20.27985,1.591919,0.8586731,1.561491,13.8,
122120.00,20.28503,1.591919,0.8612061,1.436572,13.8,
122121.00,20.49255,1.609222,0.8738708,1.499032,13.85,
122123.00,20.34729,1.597687,0.8688049,1.623951,13.85,
122124.00,20.36804,1.603455,0.8764038,1.623951,13.8,
122126.00,20.46661,1.603455,0.8688049,1.71764,13.85,
122127.00,20.24353,1.597687,0.8688049,1.467802,13.8,
122128.00,20.01007,1.574615,0.8485413,1.436572,13.8,
122130.00,19.9115,1.580383,0.8536072,1.655181,13.85,
122131.00,19.81812,1.574615,0.8510742,1.499031,13.85,
122133.00,19.77661,1.568848,0.8434753,1.561491,13.85,
122134.00,19.9115,1.574615,0.8485413,1.592721,13.85,
122136.00,19.87518,1.574615,0.8460083,1.530261,13.9,
122137.00,19.85962,1.586151,0.8561401,1.68641,13.95,
122138.00,19.79218,1.56308,0.8409424,1.499032,13.9,
122140.00,19.63654,1.568848,0.8485413,1.623951,13.95,
122141.00,19.61578,1.557312,0.8358765,1.592721,13.9,
122143.00,19.77142,1.580383,0.8536072,1.530261,13.85,
122144.00,19.73511,1.56308,0.8409424,1.530261,13.85,
122146.00,19.55872,1.580383,0.8510742,1.561491,13.8,
122147.00,19.73511,1.580383,0.8536072,1.592721,13.8,
122148.00,19.55872,1.557312,0.8358765,1.436572,13.8,
122150.00,19.53278,1.540009,0.8257446,1.499032,13.8,
122151.00,19.50684,1.574615,0.8510742,1.592721,13.85,
122153.00,19.4809,1.545776,0.8308105,1.405342,13.85,
122154.00,19.6936,1.591919,0.8612061,1.561491,13.85,
122156.00,19.51202,1.568848,0.8460083,1.623951,13.8,
122157.00,19.49127,1.557312,0.8358765,1.374112,13.8,
122158.00,19.49127,1.545776,0.8257446,1.405342,13.8,
122200.00,19.50165,1.540009,0.8282776,1.405342,13.75,
122201.00,19.52759,1.580383,0.8561401,1.374112,13.75,
122203.00,19.50684,1.551544,0.8308105,1.530261,13.7,
122204.00,19.52759,1.557312,0.8358765,1.561491,13.75,
122206.00,19.57428,1.56308,0.8409424,1.655181,13.8,
122207.00,19.53278,1.545776,0.8282776,1.561491,13.75,
122208.00,19.54315,1.545776,0.8282776,1.405342,13.75,
122210.00,19.65729,1.557312,0.8358765,1.561491,13.75,
122211.00,19.57428,1.557312,0.8409424,1.499032,13.75,
122213.00,19.57428,1.545776,0.8282776,1.530261,13.75,
122214.00,19.58466,1.551544,0.8333435,1.467802,13.7,
122216.00,19.58466,1.551544,0.8333435,1.499032,13.75,
122217.00,19.72473,1.557312,0.8384094,1.530261,13.75,
122219.00,19.71954,1.557312,0.8358765,1.530261,13.75,
122220.00,19.67804,1.56308,0.8409424,1.499031,13.75,
122221.00,19.62097,1.540009,0.8257446,1.436572,13.75,
122223.00,19.62097,1.551544,0.8333435,1.436572,13.75,
122224.00,19.59503,1.545776,0.8282776,1.499032,13.8,
122226.00,19.72992,1.568848,0.8434753,1.467802,13.8,
122227.00,19.72473,1.557312,0.8358765,1.623951,13.8,
122229.00,19.70917,1.557312,0.8409424,1.623951,13.8,
122230.00,19.71954,1.56308,0.8409424,1.499031,13.8,
122231.00,19.57428,1.557312,0.8358765,1.405342,13.85,
122233.00,19.55872,1.56308,0.8409424,1.68641,13.85,
122234.00,19.68842,1.56308,0.8434753,1.405342,13.85,
122236.00,19.68842,1.568848,0.8460083,1.655181,13.85,
122237.00,19.54834,1.56308,0.8384094,1.530261,13.85,
122239.00,19.72473,1.580383,0.8510742,1.623951,13.8,
122240.00,19.70398,1.574615,0.8485413,1.467802,13.8,
122241.00,19.55353,1.574615,0.8460083,1.68641,13.75,
122243.00,19.69879,1.580383,0.8510742,1.530261,13.7,
122244.00,19.46533,1.557312,0.8384094,1.655181,13.6,
122246.00,19.46014,1.56308,0.8409424,1.467802,13.55,
122247.00,19.68323,1.586151,0.8536072,1.499032,13.45,
122249.00,19.45496,1.56308,0.8384094,1.623951,13.45,
122250.00,19.45496,1.56308,0.8384094,1.405342,13.45,
122251.00,19.44458,1.568848,0.8409424,1.405342,13.45,
122253.00,19.44977,1.574615,0.8460083,1.499031,13.4,
122254.00,19.45496,1.574615,0.8460083,1.436572,13.4,
122256.00,19.44458,1.56308,0.8409424,1.405342,13.35,
122257.00,19.44977,1.568848,0.8434753,1.530261,13.35,
122259.00,19.45496,1.574615,0.8460083,1.499032,13.4,
122300.00,19.46533,1.574615,0.8434753,1.405342,13.4,
122302.00,19.4809,1.580383,0.8485413,1.561491,13.4,
122303.00,19.49127,1.580383,0.8485413,1.499031,13.35,
122305.00,19.62097,1.591919,0.8510742,1.499032,13.35,
122306.00,19.64691,1.591919,0.8561401,1.374112,13.35,
122307.00,19.66766,1.597687,0.8586731,1.592721,13.3,
122309.00,19.6936,1.597687,0.8586731,1.374112,13.35,
122310.00,19.56909,1.586151,0.8485413,1.530261,13.3,
122312.00,19.60022,1.591919,0.8510742,1.530261,13.3,
122313.00,19.60541,1.597687,0.8536072,1.561491,13.25,
122315.00,19.75067,1.609222,0.863739,1.405342,13.2,
122316.00,19.62097,1.586151,0.8510742,1.655181,13.2,
122317.00,19.77661,1.603455,0.8586731,1.530261,13.15,
122319.00,19.79736,1.61499,0.866272,1.936249,13.2,
122320.00,19.72992,1.603455,0.8586731,1.530261,13.2,
122322.00,19.74548,1.603455,0.8586731,1.405342,13.2,
122323.00,19.9115,1.632294,0.8789368,1.592721,13.15,
122325.00,19.83368,1.620758,0.8688049,1.499032,13.15,
122326.00,19.87,1.620758,0.8688049,1.530261,13.1,
122327.00,20.06714,1.638062,0.8814697,1.436572,13.15,
122329.00,19.97375,1.620758,0.8738708,1.499031,13.1,
122330.00,20.06195,1.632294,0.8764038,1.436572,13.15,
122332.00,20.12421,1.638062,0.8814697,1.530261,13.1,
122333.00,20.32135,1.655365,0.8941345,1.436572,13.1,
122335.00,20.30579,1.661133,0.8992004,1.530261,13.05,
122336.00,20.45624,1.655365,0.8941345,1.561491,13.05,
122337.00,20.45105,1.649597,0.8890686,1.530261,13.1,
122339.00,20.50293,1.655365,0.8941345,1.499032,13.1,
122340.00,20.57556,1.678436,0.9042664,1.530261,13.1,
122342.00,20.74158,1.684204,0.9067993,1.623951,13.15,
122343.00,20.7312,1.684204,0.9118652,1.436572,13.15,
122344.00,20.75714,1.678436,0.9042664,1.561491,13.2,
122346.00,20.80902,1.678436,0.9017334,1.499032,13.2,
122347.00,20.87128,1.684204,0.9118652,1.405342,13.2,
122348.00,20.97504,1.69574,0.9169312,1.68641,13.2,
122349.00,21.2915,1.718811,0.9321289,1.655181,13.25,
122351.00,21.30188,1.724579,0.9397278,1.436572,13.25,
122352.00,21.3797,1.736115,0.9498596,1.561491,13.25,
122353.00,21.51459,1.74765,0.9549255,1.499032,13.3,
122354.00,21.34857,1.718811,0.9346619,1.561491,13.25,
122356.00,21.3382,1.730347,0.9422607,1.499032,13.3,
122357.00,21.36414,1.730347,0.9447937,1.530261,13.3,
122358.00,21.32782,1.713043,0.9346619,1.561491,13.35,
122359.00,21.26038,1.701508,0.927063,1.561491,13.35,
122401.00,21.1618,1.701508,0.92453,1.561491,13.35,
122402.00,21.18256,1.701508,0.92453,1.342882,13.4,
122403.00,20.98022,1.69574,0.9169312,1.436572,13.4,
122404.00,20.49774,1.655365,0.8865356,1.405342,13.4,
122406.00,20.35248,1.655365,0.8840027,1.592721,13.4,
122407.00,20.24353,1.649597,0.8840027,1.436572,13.35,
122408.00,20.1709,1.643829,0.8789368,1.499031,13.4,
122409.00,20.13458,1.643829,0.8789368,1.499031,13.35,
122411.00,20.07751,1.643829,0.8738708,1.623951,13.35,
122412.00,20.04639,1.638062,0.8738708,1.374112,13.35,
122413.00,19.99451,1.632294,0.8688049,1.623951,13.35,
122414.00,19.90112,1.620758,0.863739,1.436572,13.4,
122416.00,19.87518,1.620758,0.866272,1.71764,13.35,
122417.00,19.98932,1.632294,0.8764038,1.499032,13.4,
122418.00,19.95819,1.61499,0.8612061,1.592721,13.45,
122419.00,19.79736,1.603455,0.8561401,1.592721,13.45,
122421.00,19.77661,1.603455,0.8536072,1.436572,13.45,
122422.00,19.77142,1.620758,0.866272,1.436572,13.45,
122423.00,19.76105,1.609222,0.8586731,1.530261,13.5,
122424.00,19.74548,1.609222,0.8612061,1.530261,13.5,
122426.00,19.87518,1.620758,0.866272,1.499032,13.45,
122427.00,19.88037,1.620758,0.863739,1.499032,13.5,
122428.00,19.72992,1.61499,0.863739,1.342882,13.5,
122430.00,19.70917,1.609222,0.8612061,1.561491,13.55,
122431.00,19.71954,1.609222,0.8586731,1.592721,13.5,
122432.00,19.69879,1.609222,0.8561401,1.530261,13.5,
122433.00,19.68323,1.609222,0.8612061,1.374112,13.5,
122435.00,19.83368,1.620758,0.866272,1.71764,13.5,
122436.00,19.84406,1.632294,0.8764038,1.499031,13.5,
122437.00,19.67804,1.609222,0.8586731,1.436572,13.45,
122438.00,19.66766,1.603455,0.8536072,1.374112,13.45,
122440.00,19.67804,1.61499,0.863739,1.467802,13.45,
122441.00,19.67285,1.61499,0.863739,1.530261,13.45,
122442.00,19.66248,1.620758,0.8688049,1.374112,13.45,
122443.00,19.76624,1.626526,0.866272,1.530261,13.4,
122445.00,19.76105,1.620758,0.8688049,1.374112,13.4,
122446.00,19.57428,1.603455,0.8536072,1.499032,13.4,
122447.00,19.57428,1.61499,0.8586731,1.561491,13.45,
122448.00,19.54315,1.609222,0.8586731,1.405342,13.45,
122450.00,19.54315,1.609222,0.8561401,1.561491,13.5,
122451.00,19.5224,1.609222,0.8561401,1.499032,13.45,
122452.00,19.50684,1.597687,0.8485413,1.655181,13.45,
122453.00,19.58984,1.603455,0.8536072,1.499032,13.45,
122455.00,19.45496,1.603455,0.8536072,1.436572,13.5,
122456.00,19.43939,1.61499,0.863739,1.436572,13.5,
122457.00,19.43939,1.620758,0.863739,1.467802,13.5,
122458.00,19.39789,1.609222,0.8586731,1.530261,13.5,
122500.00,19.37714,1.620758,0.866272,1.405342,13.55,
122501.00,19.46014,1.609222,0.8561401,1.499031,13.55,
122502.00,19.46533,1.626526,0.866272,1.405342,13.55,
122503.00,19.3045,1.603455,0.8510742,1.561491,13.55,
122505.00,19.28375,1.603455,0.8536072,1.436572,13.55,
122506.00,19.25781,1.603455,0.8561401,1.499031,13.55,
122507.00,19.24225,1.609222,0.8561401,1.342882,13.55,
122508.00,19.21112,1.609222,0.8561401,1.405342,13.6,
122510.00,19.3045,1.620758,0.863739,1.436572,13.6,
122511.00,19.27338,1.61499,0.8586731,1.499031,13.6,
122512.00,19.14886,1.609222,0.8561401,1.405342,13.6,
122513.00,19.1333,1.61499,0.8561401,1.405342,13.6,
122515.00,19.1333,1.603455,0.8485413,1.623951,13.6,
122516.00,19.2215,1.626526,0.863739,1.467802,13.6,
122517.00,19.15405,1.626526,0.8713379,1.655181,13.6,
122518.00,19.19037,1.632294,0.8688049,1.561491,13.6,
122520.00,19.19037,1.626526,0.866272,1.405342,13.6,
122521.00,19.06067,1.61499,0.8586731,1.436572,13.6,
122522.00,19.05029,1.620758,0.8586731,1.467802,13.55,
122523.00,19.07104,1.626526,0.8612061,1.623951,13.6,
122525.00,19.1333,1.632294,0.866272,1.561491,13.55,
122526.00,19.20074,1.632294,0.8688049,1.405342,13.55,
122527.00,19.24225,1.643829,0.8738708,1.467802,13.55,
122528.00,19.23187,1.643829,0.8738708,1.374112,13.6,
122530.00,19.23706,1.638062,0.8688049,1.499032,13.55,
122531.00,19.29413,1.638062,0.8713379,1.623951,13.6,
122532.00,19.35638,1.638062,0.8738708,1.623951,13.6,
122533.00,19.44977,1.661133,0.8865356,1.499032,13.6,
122535.00,19.49646,1.655365,0.8814697,1.499031,13.6,
122536.00,19.6521,1.672668,0.8941345,1.499032,13.6,
122537.00,19.68323,1.661133,0.8865356,1.530261,13.6,
122538.00,19.62097,1.666901,0.8916016,1.623951,13.6,
122540.00,19.62097,1.672668,0.8966675,1.68641,13.6,
122541.00,19.60022,1.655365,0.8789368,1.499031,13.6,
122542.00,19.58984,1.666901,0.8916016,1.561491,13.6,
122543.00,19.55872,1.672668,0.8916016,1.623951,13.6,
122545.00,19.64172,1.684204,0.9017334,1.342882,13.6,
122546.00,19.71954,1.689972,0.9042664,1.592721,13.65,
122547.00,19.59503,1.672668,0.8941345,1.436572,13.65,
122548.00,19.78699,1.707275,0.9143982,1.499031,13.65,
122550.00,19.62097,1.689972,0.9042664,1.436572,13.65,
122551.00,19.5224,1.666901,0.8890686,1.561491,13.6,
122552.00,19.53278,1.678436,0.8966675,1.499032,13.65,
122553.00,19.50165,1.684204,0.8966675,1.405342,13.65,
122555.00,19.3927,1.661133,0.8814697,1.592721,13.65,
122556.00,19.36676,1.649597,0.8738708,1.467802,13.7,
122557.00,19.37714,1.666901,0.8865356,1.592721,13.65,
122558.00,19.55872,1.678436,0.8916016,1.467802,13.65,
122600.00,19.46533,1.672668,0.8890686,1.405342,13.65,
122601.00,19.47052,1.661133,0.8789368,1.561491,13.65,
122602.00,19.60022,1.678436,0.8890686,1.561491,13.65,
122604.00,19.60541,1.678436,0.8890686,1.592721,13.65,
122605.00,19.64172,1.701508,0.9042664,1.530261,13.65,
122606.00,19.59503,1.689972,0.8966675,1.530261,13.65,
122607.00,19.67804,1.69574,0.8992004,1.592721,13.65,
122609.00,19.61578,1.689972,0.8992004,1.68641,13.65,
122610.00,19.66766,1.707275,0.9093323,1.530261,13.65,
122611.00,19.80774,1.707275,0.9093323,1.592721,13.6,
122612.00,19.79736,1.701508,0.9093323,1.405342,13.65,
122614.00,19.81293,1.701508,0.9067993,1.405342,13.65,
122615.00,19.79218,1.701508,0.9042664,1.467802,13.65,
122616.00,19.8233,1.701508,0.9067993,1.655181,13.65,
122617.00,19.7403,1.689972,0.8992004,1.405342,13.7,
122619.00,19.74548,1.69574,0.9042664,1.405342,13.7,
122620.00,19.80774,1.701508,0.9118652,1.436572,13.7,
122621.00,19.84406,1.701508,0.9093323,1.405342,13.7,
122622.00,19.98413,1.713043,0.9194641,1.405342,13.75,
122624.00,20.06195,1.713043,0.9169312,1.561491,13.75,
122625.00,20.16052,1.707275,0.9169312,1.436572,13.75,
122626.00,20.19165,1.713043,0.9194641,1.405342,13.75,
122627.00,20.23834,1.707275,0.9194641,1.499031,13.75,
122629.00,20.3421,1.718811,0.927063,1.530261,13.75,
122630.00,20.36804,1.730347,0.9371948,1.74887,13.8,
122631.00,20.38361,1.736115,0.9397278,1.467802,13.8,
122632.00,20.53925,1.736115,0.9422607,1.405342,13.8,
122634.00,20.70007,1.759186,0.9549255,1.499032,13.8,
122635.00,20.85571,1.770721,0.9650574,1.436572,13.85,
122636.00,21.17737,1.788025,0.9777222,1.499032,13.85,
122637.00,21.65466,1.816864,1.000519,1.405342,13.9,
122639.00,21.94519,1.845703,1.025848,1.530261,13.85,
122640.00,22.16827,1.845703,1.023315,1.561491,13.9,
122641.00,22.43286,1.88031,1.051178,1.499031,13.85,
122642.00,22.87903,1.909149,1.073975,1.467802,13.9,
122644.00,23.03467,1.914917,1.076508,1.561491,13.85,
122645.00,23.28369,1.96106,1.111969,1.499031,13.9,
122646.00,23.42896,1.937988,1.094238,1.561491,13.9,
122647.00,23.41339,1.93222,1.089172,1.405342,13.85,
122649.00,23.30963,1.93222,1.086639,1.467802,13.85,
122650.00,23.15918,1.937988,1.094238,1.623951,13.9,
122651.00,22.8479,1.874542,1.048645,1.530261,13.85,
122652.00,22.22534,1.839935,1.020782,1.561491,13.9,
122654.00,21.82068,1.799561,0.990387,1.623951,13.9,
122655.00,21.50421,1.776489,0.9751892,1.561491,13.85,
122656.00,21.31226,1.770721,0.9726563,1.405342,13.85,
122657.00,21.12549,1.770721,0.9675903,1.561491,13.85,
122659.00,21.10992,1.770721,0.9675903,1.499031,13.85,
122700.00,21.13586,1.764954,0.9625244,1.436572,13.85,
122701.00,21.17218,1.764954,0.9650574,1.74887,13.85,
122702.00,21.28632,1.776489,0.9701233,1.499032,13.8,
122704.00,21.42639,1.776489,0.9751892,1.561491,13.8,
122705.00,21.50421,1.788025,0.9827881,1.592721,13.8,
122706.00,21.51978,1.793793,0.985321,1.374112,13.8,
122707.00,21.67023,1.799561,0.990387,1.467802,13.8,
122709.00,21.84662,1.816864,1.008118,1.561491,13.8,
122710.00,22.08008,1.822632,1.010651,1.561491,13.8,
122711.00,22.36023,1.834167,1.023315,1.499031,13.75,
122712.00,22.69226,1.834167,1.028381,1.467802,13.75,
122714.00,22.73376,1.8284,1.020782,1.592721,13.7,
122715.00,22.53143,1.805328,1.008118,1.530261,13.75,
122716.00,22.17865,1.770721,0.9827881,1.467802,13.75,
122717.00,21.31744,1.741882,0.9549255,1.436572,13.75,
122719.00,20.53406,1.69574,0.9169312,1.436572,13.75,
122720.00,19.89075,1.672668,0.8966675,1.530261,13.75,
122721.00,19.50165,1.649597,0.8814697,1.405342,13.75,
122722.00,19.15924,1.620758,0.8612061,1.374112,13.8,
122724.00,18.97247,1.603455,0.8485413,1.561491,13.8,
122725.00,18.85834,1.597687,0.8485413,1.405342,13.75,
122726.00,18.81165,1.603455,0.8460083,1.467802,13.75,
122727.00,18.67676,1.580383,0.8308105,1.561491,13.75,
122729.00,18.57819,1.574615,0.8282776,1.405342,13.75,
122730.00,18.53149,1.586151,0.8358765,1.405342,13.75,
122731.00,18.47961,1.574615,0.8232117,1.436572,13.75,
122732.00,18.41736,1.580383,0.8308105,1.530261,13.8,
122734.00,18.38623,1.580383,0.8308105,1.530261,13.75,
122735.00,18.40179,1.574615,0.8257446,1.530261,13.75,
122736.00,18.37067,1.586151,0.8384094,1.561491,13.8,
122737.00,18.29803,1.568848,0.8257446,1.499031,13.8,
122739.00,18.26691,1.568848,0.8232117,1.499031,13.85,
122740.00,18.25134,1.56308,0.8206787,1.592721,13.85,
122741.00,18.23578,1.557312,0.8156128,1.436572,13.85,
122742.00,18.20984,1.56308,0.8181458,1.467802,13.8,
122744.00,18.23059,1.557312,0.8156128,1.561491,13.85,
122745.00,18.23059,1.574615,0.8257446,1.561491,13.85,
122746.00,18.17352,1.557312,0.8130798,1.467802,13.85,
122747.00,18.16833,1.568848,0.8206787,1.530261,13.85,
122749.00,18.17352,1.56308,0.8206787,1.561491,13.85,
122750.00,18.19427,1.574615,0.8282776,1.592721,13.85,
122751.00,18.17352,1.56308,0.8206787,1.467802,13.85,
122752.00,18.19427,1.574615,0.8308105,1.530261,13.85,
122754.00,18.16833,1.551544,0.8130798,1.561491,13.85,
122755.00,18.12164,1.551544,0.8130798,1.561491,13.8,
122756.00,18.12683,1.551544,0.8181458,1.467802,13.85,
122757.00,18.12164,1.551544,0.8156128,1.561491,13.85,
122759.00,18.15277,1.551544,0.8156128,1.530261,13.85,
122800.00,18.13202,1.545776,0.8080139,1.530261,13.85,
122801.00,18.1424,1.551544,0.8156128,1.499032,13.85,
122802.00,18.17871,1.551544,0.8156128,1.499032,13.9,
122804.00,18.13202,1.545776,0.8105469,1.374112,13.85,
122805.00,18.13202,1.540009,0.8080139,1.405342,13.9,
122806.00,18.19427,1.551544,0.8156128,1.499031,13.9,
122807.00,18.15796,1.551544,0.8181458,1.561491,13.85,
122809.00,18.16315,1.545776,0.8130798,1.561491,13.85,
122810.00,18.19427,1.574615,0.8358765,1.74887,13.85,
122811.00,18.1839,1.545776,0.8156128,1.561491,13.85,
122812.00,18.17352,1.534241,0.8080139,1.561491,13.85,
122814.00,18.1839,1.540009,0.8130798,1.436572,13.85,
122815.00,18.24615,1.551544,0.8206787,1.499031,13.8,
122816.00,18.25653,1.545776,0.8181458,1.592721,13.8,
122817.00,18.21503,1.540009,0.8130798,1.467802,13.8,
122819.00,18.23578,1.540009,0.8130798,1.467802,13.8,
122820.00,18.24097,1.534241,0.8105469,1.623951,13.8,
122821.00,18.26691,1.540009,0.8130798,1.405342,13.85,
122822.00,18.26172,1.528473,0.8105469,1.405342,13.8,
122824.00,18.30322,1.545776,0.8206787,1.405342,13.8,
122825.00,18.30841,1.534241,0.8130798,1.623951,13.85,
122826.00,18.28247,1.534241,0.8130798,1.499031,13.85,
122827.00,18.29285,1.534241,0.8156128,1.499031,13.85,
122829.00,18.29803,1.528473,0.8130798,1.499031,13.85,
122830.00,18.33435,1.540009,0.8206787,1.561491,13.9,
122831.00,18.31879,1.534241,0.8156128,1.499031,13.85,
122832.00,18.34991,1.534241,0.8156128,1.499032,13.9,
122834.00,18.36548,1.540009,0.8206787,1.499031,13.9,
122835.00,18.32916,1.528473,0.8080139,1.405342,13.9,
122836.00,18.34991,1.528473,0.8130798,1.499032,13.9,
122837.00,18.38623,1.522705,0.8080139,1.467802,13.95,
122839.00,18.37585,1.534241,0.8181458,1.405342,13.9,
122840.00,18.38104,1.522705,0.8130798,1.436572,13.95,
122841.00,18.43811,1.534241,0.8181458,1.592721,13.95,
122842.00,18.4433,1.534241,0.8206787,1.467802,13.95,
122844.00,18.45886,1.528473,0.8206787,1.530261,13.95,
122845.00,18.47961,1.540009,0.8232117,1.405342,13.9,
122846.00,18.51074,1.528473,0.8181458,1.499032,13.9,
122847.00,18.55743,1.534241,0.8206787,1.436572,13.85,
122849.00,18.59894,1.534241,0.8206787,1.592721,13.9,
122850.00,18.66119,1.540009,0.8282776,1.405342,13.9,
122851.00,18.71826,1.551544,0.8358765,1.405342,13.9,
122852.00,18.73383,1.534241,0.8232117,1.467802,13.9,
122854.00,18.78052,1.534241,0.8257446,1.499031,13.9,
122855.00,18.84796,1.545776,0.8333435,1.561491,13.9,
122856.00,18.87909,1.545776,0.8333435,1.499032,13.9,
122857.00,18.94653,1.540009,0.8333435,1.436572,13.9,
122859.00,19.0036,1.551544,0.8358765,1.374112,13.9,
122900.00,19.02954,1.557312,0.8384094,1.467802,13.9,
122901.00,18.99323,1.540009,0.8308105,1.592721,13.9,
122902.00,18.98804,1.545776,0.8308105,1.68641,13.95,
122904.00,18.97247,1.545776,0.8333435,1.436572,13.9,
122905.00,18.95691,1.551544,0.8384094,1.499031,13.95,
122906.00,18.97247,1.551544,0.8358765,1.623951,13.95,
122907.00,19.02435,1.557312,0.8409424,1.530261,13.95,
122909.00,19.02435,1.557312,0.8409424,1.467802,13.95,
122910.00,18.98804,1.545776,0.8308105,1.374112,13.95,
122911.00,19.02954,1.545776,0.8333435,1.499032,13.9,
122912.00,19.07104,1.557312,0.8384094,1.499032,13.9,
122914.00,19.0918,1.557312,0.8384094,1.623951,13.9,
122915.00,19.12811,1.551544,0.8384094,1.592721,13.9,
122916.00,19.15924,1.557312,0.8409424,1.499031,13.9,
122917.00,19.2215,1.56308,0.8460083,1.530261,13.85,
122919.00,19.19037,1.534241,0.8232117,1.374112,13.85,
122920.00,19.21112,1.551544,0.8384094,1.71764,13.8,
122921.00,19.28375,1.56308,0.8434753,1.623951,13.8,
122922.00,19.24744,1.56308,0.8434753,1.623951,13.75,
122924.00,19.263,1.557312,0.8358765,1.530261,13.8,
122925.00,19.26819,1.568848,0.8485413,1.561491,13.75,
122926.00,19.27338,1.557312,0.8434753,1.530261,13.75,
122927.00,19.25262,1.551544,0.8358765,1.467802,13.75,
122929.00,19.24225,1.551544,0.8358765,1.592721,13.8,
122930.00,19.28894,1.56308,0.8485413,1.623951,13.8,
122931.00,19.26819,1.551544,0.8358765,1.592721,13.8,
122932.00,19.2215,1.557312,0.8409424,1.499032,13.8,
122934.00,19.19037,1.551544,0.8333435,1.405342,13.75,
122935.00,19.1748,1.551544,0.8358765,1.530261,13.75,
122936.00,19.15924,1.551544,0.8333435,1.561491,13.8,
122937.00,19.13849,1.551544,0.8358765,1.592721,13.8,
122939.00,19.14886,1.545776,0.8308105,1.499031,13.8,
122940.00,19.15405,1.545776,0.8333435,1.374112,13.85,
122941.00,19.11255,1.528473,0.8181458,1.405342,13.8,
122942.00,19.12292,1.545776,0.8333435,1.623951,13.8,
122944.00,19.12811,1.534241,0.8232117,1.405342,13.8,
122945.00,19.13849,1.545776,0.8333435,1.405342,13.8,
122946.00,19.12811,1.528473,0.8181458,1.405342,13.85,
122947.00,19.16443,1.534241,0.8232117,1.499032,13.85,
122949.00,19.1748,1.540009,0.8282776,1.623951,13.85,
122950.00,19.14886,1.540009,0.8257446,1.561491,13.85,
122951.00,19.15405,1.534241,0.8257446,1.405342,13.85,
122952.00,19.16443,1.534241,0.8232117,1.436572,13.85,
122954.00,19.1748,1.545776,0.8308105,1.499031,13.85,
122955.00,19.1748,1.540009,0.8282776,1.499031,13.85,
122956.00,19.16962,1.540009,0.8257446,1.467802,13.9,
122957.00,19.2215,1.540009,0.8282776,1.561491,13.9,
122959.00,19.1748,1.528473,0.8232117,1.436572,13.85,
123000.00,19.17999,1.534241,0.8232117,1.68641,13.85,
123001.00,19.21112,1.545776,0.8333435,1.374112,13.8,
123002.00,19.19037,1.528473,0.8206787,1.561491,13.75,
123004.00,19.1748,1.522705,0.8130798,1.467802,13.75,
123005.00,19.19037,1.534241,0.8232117,1.467802,13.75,
123006.00,19.19037,1.534241,0.8232117,1.592721,13.75,
123007.00,19.20074,1.540009,0.8282776,1.467802,13.75,
123009.00,19.19037,1.534241,0.8206787,1.499032,13.75,
123010.00,19.21631,1.540009,0.8282776,1.467802,13.75,
123011.00,19.22668,1.540009,0.8257446,1.655181,13.8,
123012.00,19.20074,1.540009,0.8308105,1.623951,13.75,
123014.00,19.21112,1.534241,0.8232117,1.561491,13.8,
123015.00,19.23706,1.534241,0.8257446,1.499032,13.75,
123016.00,19.2215,1.528473,0.8181458,1.561491,13.75,
123017.00,19.20074,1.534241,0.8206787,1.499032,13.75,
123019.00,19.23706,1.540009,0.8257446,1.592721,13.75,
123020.00,19.21631,1.534241,0.8257446,1.530261,13.75,
123021.00,19.19556,1.534241,0.8206787,1.499032,13.75,
123022.00,19.21112,1.534241,0.8232117,1.436572,13.75,
123024.00,19.24744,1.56308,0.8434753,1.530261,13.75,
123025.00,19.19037,1.534241,0.8232117,1.530261,13.7,
123026.00,19.18518,1.528473,0.8181458,1.592721,13.7,
123027.00,19.19556,1.534241,0.8257446,1.561491,13.7,
123029.00,19.15924,1.528473,0.8130798,1.405342,13.7,
123030.00,19.14368,1.528473,0.8156128,1.561491,13.7,
123031.00,19.1748,1.557312,0.8384094,1.655181,13.65,
123032.00,19.1748,1.540009,0.8232117,1.71764,13.7,
123034.00,19.12811,1.522705,0.8156128,1.499031,13.65,
123035.00,19.1333,1.522705,0.8130798,1.530261,13.65,
123036.00,19.15405,1.522705,0.8156128,1.561491,13.65,
123037.00,19.11774,1.511169,0.805481,1.467802,13.55,
123039.00,19.11774,1.528473,0.8181458,1.561491,13.55,
123040.00,19.10217,1.516937,0.8105469,1.436572,13.55,
123041.00,19.1333,1.516937,0.8105469,1.374112,13.5,
123042.00,19.12811,1.528473,0.8181458,1.499031,13.55,
123044.00,19.12811,1.522705,0.8105469,1.623951,13.5,
123045.00,19.14368,1.522705,0.8130798,1.623951,13.5,
123046.00,19.15405,1.534241,0.8206787,1.561491,13.5,
123047.00,19.12811,1.522705,0.8130798,1.499031,13.5,
123049.00,19.11774,1.522705,0.8105469,1.655181,13.5,
123050.00,19.14368,1.522705,0.8130798,1.405342,13.5,
123051.00,19.1333,1.528473,0.8156128,1.499032,13.45,
123052.00,19.14886,1.516937,0.8105469,1.74887,13.45,
123054.00,19.16962,1.528473,0.8156128,1.499031,13.45,
123055.00,19.17999,1.528473,0.8130798,1.405342,13.45,
123056.00,19.15924,1.534241,0.8181458,1.561491,13.45,
123057.00,19.14368,1.528473,0.8156128,1.467802,13.4,
123059.00,19.17999,1.534241,0.8232117,1.405342,13.45,
123100.00,19.16962,1.528473,0.8130798,1.467802,13.4,
123101.00,19.1748,1.534241,0.8206787,1.71764,13.45,
123102.00,19.21112,1.534241,0.8181458,1.592721,13.4,
123104.00,19.21112,1.534241,0.8181458,1.436572,13.35,
123105.00,19.17999,1.522705,0.8130798,1.405342,13.4,
123106.00,19.18518,1.534241,0.8181458,1.592721,13.35,
123107.00,19.18518,1.528473,0.8130798,1.405342,13.35,
123109.00,19.19556,1.540009,0.8206787,1.623951,13.4,
123110.00,19.19556,1.540009,0.8232117,1.74887,13.4,
123111.00,19.18518,1.528473,0.8156128,1.436572,13.45,
123112.00,19.22668,1.540009,0.8206787,1.467802,13.4,
123114.00,19.19556,1.534241,0.8181458,1.530261,13.4,
123115.00,19.19037,1.534241,0.8156128,1.561491,13.4,
123116.00,19.23187,1.545776,0.8206787,1.561491,13.4,
123117.00,19.21631,1.545776,0.8232117,1.592721,13.4,
123119.00,19.21112,1.545776,0.8232117,1.467802,13.45,
123120.00,19.21631,1.545776,0.8232117,1.499031,13.5,
123121.00,19.22668,1.551544,0.8257446,1.71764,13.45,
123122.00,19.22668,1.545776,0.8206787,1.623951,13.45,
123124.00,19.2215,1.545776,0.8206787,1.499031,13.45,
123125.00,19.27856,1.568848,0.8384094,1.499032,13.5,
123126.00,19.263,1.557312,0.8282776,1.405342,13.45,
123127.00,19.23706,1.545776,0.8232117,1.561491,13.4,
123129.00,19.23187,1.545776,0.8181458,1.623951,13.45,
123130.00,19.23706,1.551544,0.8257446,1.68641,13.4,
123131.00,19.263,1.557312,0.8308105,1.530261,13.4,
123132.00,19.26819,1.56308,0.8333435,1.342882,13.4,
123134.00,19.28894,1.56308,0.8308105,1.436572,13.4,
123135.00,19.29932,1.568848,0.8358765,1.561491,13.4,
123136.00,19.28375,1.56308,0.8308105,1.561491,13.4,
123137.00,19.29413,1.580383,0.8409424,1.499031,13.4,
123139.00,19.31488,1.597687,0.8561401,1.405342,13.4,
123140.00,19.3045,1.580383,0.8434753,1.530261,13.45,
123141.00,19.28894,1.574615,0.8358765,1.436572,13.45,
123142.00,19.33563,1.586151,0.8434753,1.436572,13.45,
123144.00,19.3512,1.591919,0.8485413,1.592721,13.5,
123145.00,19.31488,1.586151,0.8409424,1.623951,13.5,
123146.00,19.32526,1.597687,0.8485413,1.499032,13.5,
123147.00,19.31488,1.580383,0.8358765,1.68641,13.5,
123149.00,19.33563,1.591919,0.8460083,1.405342,13.55,
123150.00,19.33563,1.586151,0.8409424,1.436572,13.5,
123151.00,19.3512,1.597687,0.8460083,1.592721,13.5,
123152.00,19.39789,1.609222,0.8561401,1.655181,13.5,
123154.00,19.38232,1.603455,0.8510742,1.592721,13.55,
123155.00,19.37714,1.603455,0.8485413,1.655181,13.5,
123156.00,19.42902,1.61499,0.8561401,1.623951,13.5,
123157.00,19.39789,1.609222,0.8510742,1.436572,13.55,
123159.00,19.41345,1.609222,0.8485413,1.436572,13.55,
123200.00,19.43939,1.61499,0.8561401,1.499031,13.55,
123201.00,19.46014,1.609222,0.8510742,1.655181,13.55,
123202.00,19.50165,1.620758,0.8561401,1.436572,13.55,
123204.00,19.53278,1.632294,0.8612061,1.592721,13.6,
123205.00,19.58466,1.632294,0.8612061,1.561491,13.6,
123206.00,19.62097,1.632294,0.863739,1.561491,13.55,
123207.00,19.6521,1.672668,0.8941345,1.499031,13.55,
123209.00,19.64172,1.649597,0.8713379,1.499031,13.6,
123210.00,19.64172,1.643829,0.8688049,1.530261,13.55,
123211.00,19.64172,1.649597,0.8688049,1.436572,13.55,
123212.00,19.6521,1.649597,0.8713379,1.467802,13.55,
123214.00,19.6936,1.649597,0.8688049,1.405342,13.55,
123215.00,19.71436,1.661133,0.8789368,1.530261,13.55,
123216.00,19.69879,1.661133,0.8738708,1.467802,13.5,
123217.00,19.72992,1.661133,0.8713379,1.592721,13.5,
123219.00,19.75067,1.655365,0.8713379,1.530261,13.5,
123220.00,19.78699,1.661133,0.8738708,1.405342,13.5,
123221.00,19.81293,1.661133,0.8738708,1.623951,13.45,
123222.00,19.9115,1.678436,0.8840027,1.436572,13.45,
123224.00,19.953,1.684204,0.8865356,1.561491,13.45,
123225.00,19.93225,1.684204,0.8865356,1.561491,13.4,
123226.00,19.97375,1.678436,0.8840027,1.467802,13.45,
123227.00,20.04639,1.684204,0.8865356,1.561491,13.45,
123229.00,20.10864,1.684204,0.8865356,1.530261,13.45,
123230.00,20.1709,1.69574,0.8916016,1.436572,13.45,
123231.00,20.22797,1.69574,0.8916016,1.405342,13.45,
123232.00,20.35767,1.701508,0.8992004,1.561491,13.45,
123234.00,20.38879,1.718811,0.9067993,1.530261,13.5,
123235.00,20.45624,1.713043,0.9017334,1.436572,13.45,
123236.00,20.58075,1.736115,0.9169312,1.405342,13.45,
123237.00,20.60669,1.718811,0.9067993,1.530261,13.45,
123239.00,20.62225,1.724579,0.9067993,1.499032,13.45,
123240.00,20.64819,1.764954,0.9397278,1.655181,13.5,
123241.00,20.57556,1.736115,0.9143982,1.530261,13.45,
123242.00,20.48737,1.736115,0.9118652,1.499032,13.45,
123244.00,20.40955,1.736115,0.9143982,1.592721,13.5,
123245.00,20.38361,1.736115,0.9093323,1.561491,13.5,
123246.00,20.35248,1.741882,0.9143982,1.436572,13.45,
123247.00,20.25909,1.730347,0.9042664,1.499032,13.45,
123249.00,20.24872,1.730347,0.9042664,1.530261,13.45,
123250.00,20.26428,1.730347,0.8992004,1.374112,13.5,
123251.00,20.29022,1.741882,0.9143982,1.623951,13.5,
123252.00,20.29541,1.736115,0.9093323,1.499031,13.5,
123254.00,20.34729,1.741882,0.9093323,1.499031,13.5,
123255.00,20.35767,1.736115,0.9093323,1.623951,13.5,
123256.00,20.34729,1.736115,0.9067993,1.499032,13.55,
123257.00,20.39917,1.753418,0.9219971,1.530261,13.5,
123259.00,20.44067,1.759186,0.92453,1.561491,13.55,
123300.00,20.48737,1.753418,0.9169312,1.623951,13.5,
123301.00,20.54443,1.74765,0.9143982,1.592721,13.5,
123302.00,20.59113,1.74765,0.9143982,1.499032,13.55,
123304.00,20.60669,1.753418,0.9194641,1.499031,13.55,
123305.00,20.54443,1.753418,0.9143982,1.374112,13.55,
123306.00,20.52368,1.74765,0.9118652,1.74887,13.55,
123307.00,20.48218,1.74765,0.9143982,1.655181,13.5,
123309.00,20.39398,1.74765,0.9118652,1.405342,13.55,
123310.00,20.3421,1.736115,0.9017334,1.592721,13.55,
123311.00,20.33691,1.741882,0.9067993,1.530261,13.55,
123312.00,20.30579,1.741882,0.9067993,1.499032,13.55,
123314.00,20.27466,1.724579,0.8941345,1.623951,13.55,
123315.00,20.29022,1.730347,0.9017334,1.467802,13.6,
123316.00,20.31616,1.736115,0.9042664,1.71764,13.6,
123317.00,20.33691,1.741882,0.9093323,1.405342,13.5,
123319.00,20.37323,1.74765,0.9093323,1.592721,13.55,
123320.00,20.42511,1.74765,0.9093323,1.592721,13.55,
123321.00,20.44586,1.759186,0.9169312,1.405342,13.55,
123322.00,20.41992,1.741882,0.9042664,1.561491,13.55,
123324.00,20.4718,1.776489,0.9321289,1.374112,13.6,
123325.00,20.45105,1.74765,0.9093323,1.561491,13.6,
123326.00,20.4303,1.74765,0.9093323,1.592721,13.6,
123327.00,20.4303,1.74765,0.9093323,1.436572,13.6,
123329.00,20.45105,1.741882,0.9042664,1.374112,13.65,
123330.00,20.41992,1.736115,0.8992004,1.374112,13.65,
123331.00,20.34729,1.730347,0.8992004,1.561491,13.6,
123332.00,20.41992,1.724579,0.8941345,1.592721,13.65,
123334.00,20.45105,1.741882,0.9093323,1.499032,13.65,
123335.00,20.45105,1.741882,0.9067993,1.405342,13.65,
123336.00,20.46143,1.74765,0.9093323,1.530261,13.7,
123337.00,20.50293,1.741882,0.9067993,1.561491,13.75,
123339.00,20.52887,1.753418,0.9169312,1.623951,13.75,
123340.00,18.95172,1.741882,0.9042664,1.561491,13.75,
123341.00,19.87,1.74765,0.9067993,1.655181,13.8,
123342.00,20.11383,1.74765,0.9093323,1.499031,13.8,
123344.00,19.83368,1.741882,0.9067993,1.655181,13.8,
123345.00,19.66248,1.736115,0.9017334,1.467802,13.8,
123346.00,19.01398,1.764954,0.92453,1.467802,13.8,
123347.00,17.49908,1.724579,0.8916016,1.436572,13.85,
123349.00,17.50427,1.724579,0.8916016,1.68641,13.85,
123350.00,17.89337,1.74765,0.9143982,1.623951,13.85,
123351.00,18.2254,1.74765,0.9118652,1.436572,13.9,
123352.00,19.5639,1.782257,0.9447937,1.436572,13.9,
123354.00,21.26038,1.805328,0.9599915,1.530261,13.85,
123355.00,21.6391,1.822632,0.9751892,1.467802,13.9,
123356.00,22.05414,1.857239,0.9954529,1.623951,13.85,
123357.00,22.63519,1.886078,1.01825,1.592721,13.85,
123359.00,20.16571,1.886078,1.013184,1.499032,13.85,
123400.00,19.72992,1.886078,1.015717,1.592721,13.9,
123401.00,21.62354,1.914917,1.038513,1.592721,13.9,
123402.00,23.91144,1.943756,1.066376,1.405342,13.9,
123404.00,24.03076,1.949524,1.068909,1.405342,13.9,
123405.00,23.98407,1.949524,1.068909,1.436572,13.9,
123406.00,23.74542,1.926453,1.053711,1.405342,13.95,
123407.00,23.26813,1.914917,1.041046,1.499032,13.95,
123409.00,22.84271,1.891846,1.020782,1.530261,13.95,
123410.00,22.54181,1.868774,1.005585,1.561491,14.0,
123411.00,21.22406,1.839935,0.987854,1.623951,14.0,
123412.00,22.26166,1.845703,0.985321,1.530261,14.0,
123413.00,22.25128,1.851471,0.990387,1.561491,14.0,
123414.00,22.19421,1.834167,0.9802551,1.530261,14.0,
123415.00,22.04895,1.839935,0.987854,1.374112,13.95,
123416.00,21.5509,1.793793,0.9549255,1.561491,13.95,
123418.00,19.85962,1.476563,0.8738708,1.561491,14.0,
123419.00,18.52112,1.24585,0.7801514,1.467802,13.95,
123420.00,14.50562,1.315063,0.7168274,1.467802,14.0,
123421.00,16.4563,0.7728882,0.5369873,1.68641,14.0,
123422.00,11.32538,0.5075684,0.4356689,1.561491,14.0,
123423.00,15.65216,1.003601,0.6129761,1.374112,14.05,
123424.00,16.24359,1.182404,0.6484375,1.530261,14.05,
123425.00,9.919434,1.147797,0.6712341,1.342882,14.1,
123426.00,9.971313,0.3979797,0.4660645,1.467802,14.05,
123428.00,8.627625,0.4037476,0.4660645,1.530261,14.05,
123429.00,25.89325,0.4960327,0.5673828,1.530261,14.05,
123430.00,29.16168,0.7209778,0.5471191,1.530261,14.05,
123431.00,36.65314,0.6632996,0.6307068,1.530261,14.0,
123432.00,60.77209,0.9286194,0.8764038,1.499032,13.95,
123433.00,66.91986,0.940155,0.987854,1.436572,13.95,
123434.00,64.91211,0.9055481,1.051178,1.68641,13.95,
123435.00,79.32434,1.142029,1.073975,1.467802,13.95,
123436.00,73.61755,1.049744,1.043579,1.374112,13.95,
123438.00,59.22607,0.9978333,1.03598,1.561491,13.85,
123439.00,62.14691,1.055511,0.9549255,1.436572,13.85,
123440.00,43.48053,0.7959595,0.805481,1.405342,13.85,
123441.00,33.49884,0.5018005,0.6433716,1.436572,13.8,
123442.00,41.64917,0.7036743,0.7193604,1.561491,13.75,
123443.00,45.60242,0.7382813,0.7522888,1.405342,13.75,
123444.00,39.68292,0.680603,0.7902832,1.405342,13.8,
123445.00,47.17957,0.680603,0.8181458,1.436572,13.7,
123446.00,55.112,0.7440491,0.800415,1.592721,13.65,
123448.00,39.89563,0.5998535,0.739624,1.655181,13.65,
123449.00,36.93848,0.5133362,0.6383057,1.592721,13.65,
123450.00,36.09283,0.5075684,0.5724487,1.623951,13.6,
123451.00,47.60498,0.6056213,0.6079102,1.530261,13.55,
123452.00,49.78912,0.5710144,0.5952454,1.499032,13.6,
123453.00,39.24194,0.4729614,0.5116577,1.499032,13.55,
123454.00,35.50659,0.4037476,0.4736633,1.623951,13.55,
123455.00,41.69586,0.4787292,0.5420532,1.7801,13.55,
123456.00,33.10455,0.3864441,0.4863281,1.561491,13.6,
123458.00,25.85175,0.322998,0.3748779,1.499032,13.6,
123459.00,19.41345,0.2422485,0.309021,1.623951,13.6,
123500.00,20.48737,0.2422485,0.2836914,1.530261,13.6,
123501.00,15.92194,0.2191772,0.2558289,1.592721,13.65,
123502.00,15.33569,0.2191772,0.2659607,1.530261,13.65,
123503.00,17.06329,0.259552,0.2988892,1.499032,13.65,
123504.00,11.75079,0.1845703,0.2406311,1.467802,13.6,
123506.00,16.32141,0.2768555,0.2988892,1.374112,13.6,
123507.00,14.13208,0.2826233,0.2988892,1.467802,13.55,
123508.00,21.13068,0.322998,0.3926086,1.561491,13.5,
123509.00,21.07361,0.3172302,0.3520813,1.405342,13.55,
123510.00,16.01013,0.3056946,0.3318176,1.405342,13.55,
123511.00,24.73633,0.4844971,0.5369873,1.405342,13.6,
123512.00,117.0618,1.401581,1.071442,1.592721,13.65,
123513.00,83.46954,1.084351,0.7700195,1.530261,13.7,
123514.00,21.59241,0.5075684,0.491394,1.436572,13.8,
123516.00,22.48993,0.4787292,0.4103394,1.74887,13.8,
123517.00,24.7467,0.4498901,0.4458008,1.374112,13.8,
123518.00,18.23059,0.357605,0.3976746,1.499032,13.8,
123519.00,22.8064,0.3979797,0.5116577,1.499032,13.85,
123520.00,22.47955,0.5075684,0.4812622,1.499032,13.8,
123521.00,23.79211,0.5133362,0.491394,1.561491,13.8,
123522.00,23.48083,0.5652466,0.5268555,1.530261,13.8,
123523.00,22.87384,0.5364075,0.5851135,1.530261,13.7,
123524.00,30.19409,0.6632996,0.7168274,1.467802,13.75,
123526.00,31.11237,0.6575317,0.6509705,1.405342,13.75,
123527.00,29.16687,0.5998535,0.6459045,1.561491,13.7,
123528.00,29.12537,0.5306396,0.5319214,1.405342,13.7,
123529.00,26.67145,0.4787292,0.5091248,1.561491,13.65,
123530.00,29.79462,0.6863708,0.6307068,1.530261,13.7,
123531.00,28.54431,0.5364075,0.5243225,1.467802,13.65,
123532.00,15.05035,0.4325867,0.3926086,1.623951,13.65,
123533.00,29.51447,0.5998535,0.5749817,1.499032,13.6,
123534.00,31.58447,0.5883179,0.615509,1.499032,13.55,
123536.00,32.2226,0.6113892,0.5952454,1.623951,13.5,
123537.00,32.07733,0.5364075,0.5724487,1.592721,13.45,
123538.00,35.56885,0.71521,0.6712341,1.623951,13.5,
123539.00,29.30176,0.5421753,0.5496521,1.499032,13.4,
123540.00,30.38605,0.5998535,0.5927124,1.530261,13.3,
123541.00,29.96582,0.58255,0.5901794,1.374112,13.25,
123542.00,34.13696,0.6863708,0.6383057,1.467802,13.25,
123543.00,34.38599,0.6921387,0.678833,1.499032,13.25,
123544.00,30.14221,0.5306396,0.6560364,1.374112,13.3,
123546.00,27.07092,0.5421753,0.6281738,1.374112,13.3,
123547.00,44.16016,0.7671204,0.7598877,1.530261,13.25,
123548.00,53.31696,0.8940125,0.7142944,1.561491,13.25,
123549.00,42.20947,0.6863708,0.5977783,1.530261,13.3,
123550.00,44.66858,0.6517639,0.6990967,1.467802,13.25,
123551.00,73.09875,0.9113159,0.8738708,1.68641,13.3,
123552.00,71.00281,0.9920654,0.8865356,1.530261,13.35,
123553.00,134.8618,1.684204,1.071442,1.530261,13.4,
123555.00,330.4489,3.091553,2.500031,1.342882,13.4,
123556.00,291.705,3.997101,2.077026,1.623951,13.45,
123557.00,204.5261,2.289825,1.636292,1.467802,13.5,
123558.00,183.3331,1.863007,1.676819,1.530261,13.5,
123559.00,127.8165,1.395813,1.068909,1.530261,13.5,
123600.00,17.90375,0.4960327,0.369812,1.81133,13.5,
123601.00,64.34143,0.8997803,0.7624207,1.436572,13.45,
123602.00,25.4834,0.4383545,0.5825806,1.374112,13.45,
123603.00,23.35632,0.4787292,0.5673828,1.623951,13.4,
123605.00,16.29028,0.357605,0.4458008,1.467802,13.35,
123606.00,14.41742,0.3403015,0.4027405,1.530261,13.35,
123607.00,13.24493,0.3172302,0.3850098,1.499032,13.35,
123608.00,16.29028,0.3691406,0.4078064,1.530261,13.35,
123609.00,18.01788,0.4441223,0.4432678,1.530261,13.35,
123610.00,17.1048,0.3864441,0.4154053,1.530261,13.3,
123611.00,18.27728,0.455658,0.4736633,1.623951,13.3,
123612.00,16.63269,0.4268188,0.4989929,1.623951,13.2,
123614.00,19.66766,0.5133362,0.5293884,1.655181,13.15,
123615.00,22.4173,0.5364075,0.5623169,1.530261,13.1,
123616.00,17.05292,0.3922119,0.4407349,1.467802,13.0,
123617.00,22.24091,0.4787292,0.5825806,1.467802,12.95,
123618.00,22.1579,0.4671936,0.5648499,1.467802,12.9,
123619.00,24.33685,0.4787292,0.5901794,1.436572,12.95,
123620.00,24.23828,0.4844971,0.6231079,1.561491,12.95,
123621.00,15.05554,0.3056946,0.3951416,1.405342,12.9,
123622.00,10.69244,0.2826233,0.3343506,1.561491,12.9,
123624.00,14.8999,0.3518372,0.4255371,1.436572,12.9,
123625.00,14.34479,0.357605,0.4078064,1.499032,12.9,
123626.00,18.93097,0.4729614,0.5344543,1.592721,12.95,
123627.00,26.45874,0.6459961,0.7548218,1.592721,12.95,
123628.00,33.28094,0.71521,0.7598877,1.405342,12.95,
123629.00,38.07983,0.7901917,0.7573547,1.467802,13.0,
123630.00,44.78271,0.6517639,0.742157,1.592721,12.95,
123631.00,47.95776,0.7613525,0.8713379,1.592721,12.95,
123632.00,76.30493,1.009369,0.9346619,1.499031,13.0,
123634.00,131.5051,1.326599,1.190491,1.592721,13.0,
123635.00,136.5219,1.211243,1.139832,1.530261,13.05,
123636.00,149.2221,1.320831,1.175293,1.499031,13.05,
123637.00,125.5338,1.205475,1.053711,1.623951,13.05,
123638.00,97.50824,1.026672,0.9321289,1.530261,13.15,
123639.00,89.74701,0.9862976,0.9371948,1.467802,13.2,
123640.00,98.21899,1.136261,0.9929199,1.561491,13.2,
123641.00,68.63708,0.8824768,0.9498596,1.592721,13.2,
123642.00,55.87463,0.8017273,0.9067993,1.499032,13.2,
123644.00,53.83575,0.778656,0.8612061,1.530261,13.2,
123645.00,59.41803,0.8478699,0.8966675,1.530261,13.2,
123646.00,65.06256,0.8709412,0.9447937,1.592721,13.25,
123647.00,49.86176,0.71521,0.8384094,1.374112,13.25,
123648.00,58.31818,0.8132629,0.9143982,1.592721,13.3,
123649.00,48.42987,0.6979065,0.8510742,1.68641,13.25,
123650.00,61.61774,0.7613525,0.9422607,1.342882,13.35,
123651.00,80.04028,0.8824768,1.01825,1.530261,13.35,
123652.00,78.8678,0.9170837,1.005585,1.436572,13.4,
123654.00,76.41388,0.8651733,0.9599915,1.530261,13.45,
123655.00,73.56049,0.940155,0.9321289,1.405342,13.45,
123656.00,89.41498,0.9978333,1.038513,1.623951,13.5,
123657.00,94.52515,0.9805298,1.043579,1.592721,13.5,
123658.00,89.56024,1.043976,0.9954529,1.561491,13.55,
123659.00,112.7194,1.170868,1.10437,1.561491,13.6,
123700.00,77.35809,0.9055481,0.8434753,1.499032,13.65,
123701.00,104.9997,1.067047,1.003052,1.436572,13.65,
123702.00,111.7752,1.107422,0.9751892,1.374112,13.65,
123704.00,66.48926,0.6690674,0.742157,1.374112,13.65,
123705.00,43.21075,0.5133362,0.5724487,1.436572,13.65,
123706.00,41.90338,0.5248718,0.4888611,1.405342,13.7,
123707.00,47.34558,0.6344604,0.5344543,1.71764,13.7,
123708.00,46.65039,0.6056213,0.554718,1.467802,13.65,
123709.00,58.18329,0.9805298,0.6535034,1.623951,13.7,
123710.00,51.70349,0.8824768,0.6383057,1.592721,13.7,
123711.00,18.14758,0.6459961,0.5521851,1.530261,13.75,
123712.00,16.34216,0.5306396,0.4356689,1.623951,13.8,
123714.00,27.6001,0.617157,0.5420532,1.467802,13.75,
123715.00,30.03326,0.9516907,0.5876465,1.530261,13.8,
123716.00,34.15253,0.7613525,0.6104431,1.530261,13.8,
123717.00,36.05133,0.6921387,0.6307068,1.467802,13.85,
123718.00,43.28857,0.7728882,0.7193604,1.405342,13.8,
123719.00,37.32239,0.778656,0.6914978,1.561491,13.85,
123720.00,43.22632,0.8997803,0.7548218,1.561491,13.9,
123721.00,70.9198,1.793793,1.025848,1.655181,13.9,
123722.00,43.75549,0.8651733,0.7776184,1.436572,13.9,
123724.00,43.41309,0.8651733,0.7497559,1.436572,13.9,
123725.00,56.18073,1.234314,0.8764038,1.592721,13.9,
123726.00,50.51544,0.8017273,0.7472229,1.592721,13.9,
123727.00,84.78729,1.159332,0.9017334,1.405342,13.95,
123728.00,87.31384,1.130493,0.9067993,1.71764,13.9,
123729.00,78.95599,1.020905,0.8460083,1.530261,13.95,
123730.00,63.29346,0.9516907,0.7548218,1.530261,13.9,
123731.00,51.34033,0.7959595,0.7092285,1.655181,13.95,
123733.00,67.66174,0.9978333,0.7826843,1.467802,13.9,
123734.00,64.58527,0.9632263,0.7522888,1.623951,13.9,
123735.00,68.91724,1.049744,0.7573547,1.467802,13.95,
123736.00,76.18561,1.182404,0.7877502,1.499032,13.95,
123737.00,65.61768,1.090118,0.7193604,1.623951,14.0,
123738.00,77.09869,1.286224,0.7573547,1.499031,13.95,
123739.00,72.41913,1.326599,0.742157,1.561491,13.9,
123740.00,85.2179,1.493866,0.7598877,1.405342,13.9,
123741.00,64.11835,1.090118,0.6383057,1.499032,13.85,
123743.00,37.229,0.8940125,0.4736633,1.561491,13.9,
123744.00,26.86859,0.8305664,0.4660645,1.499031,13.85,
123745.00,29.39514,0.8594055,0.554718,1.405342,13.8,
123746.00,29.04755,0.8017273,0.5471191,1.405342,13.8,
123747.00,56.48682,1.090118,0.6383057,1.342882,13.8,
123748.00,92.37213,1.74765,0.8941345,1.561491,13.8,
123749.00,100.3461,2.047577,1.013184,1.561491,13.8,
123750.00,185.896,3.714478,1.304474,1.561491,13.8,
123751.00,88.08167,2.214844,0.9802551,1.374112,13.8,
123753.00,84.85992,1.69574,0.9599915,1.530261,13.8,
123754.00,113.6792,2.030273,1.175293,1.436572,13.85,
123755.00,278.9426,7.671204,1.727478,1.592721,13.85,
123756.00,339.9948,10.70508,2.211273,1.467802,13.85,
123757.00,339.9948,10.63586,2.19101,1.561491,13.9,
123758.00,339.9948,19.23569,3.120605,1.374112,14.0,
123759.00,339.9948,26.39355,3.708252,1.499032,14.05,
123800.00,339.9948,14.24652,2.137817,1.405342,14.15,
123801.00,339.9948,31.20969,3.710785,1.592721,14.25,
123803.00,339.9948,32.87082,4.093262,1.499032,14.3,
123804.00,339.9948,35.92776,4.817688,1.561491,14.4,
123805.00,339.9948,38.85782,4.850616,1.623951,14.55,
123806.00,339.9948,41.96667,5.159637,1.530261,14.65,
123807.00,339.9948,40.7785,5.309082,1.530261,14.75,
123808.00,339.9948,44.08923,6.00058,1.561491,14.85,
123809.00,339.9948,42.84915,5.894196,1.623951,14.95,
123810.00,339.9948,36.6026,5.402802,1.592721,15.05,
123811.00,339.9948,40.82465,5.676361,1.623951,15.05,
123813.00,339.9948,43.29327,5.61557,1.405342,15.15,
123814.00,339.9948,46.90393,5.721954,1.405342,15.15,
123815.00,138.9655,2.630127,1.790802,1.592721,15.1,
123816.00,339.9948,30.55215,4.620117,1.530261,15.1,
123817.00,339.9948,38.23489,5.306549,1.561491,15.15,
123818.00,339.9948,34.64731,4.683441,1.530261,15.2,
123819.00,339.9948,27.50674,4.303497,1.561491,15.25,
123820.00,339.9948,25.59183,3.915955,1.405342,15.15,
123821.00,198.2745,3.299194,1.993439,1.68641,15.1,
123823.00,339.9948,20.04318,3.644928,1.405342,15.1,
123824.00,339.9948,28.49881,4.635315,1.623951,15.05,
123825.00,262.8131,4.256653,2.036499,1.467802,15.0,
123826.00,184.9518,3.270355,1.768005,1.592721,14.9,
123827.00,98.64441,1.88031,1.42099,1.467802,14.8,
123828.00,71.00281,1.522705,1.48938,1.467802,14.75,
123829.00,126.9086,2.382111,1.841461,1.561491,14.65,
123830.00,206.954,3.754852,2.023834,1.592721,14.6,
123831.00,339.9948,44.13538,5.088715,1.405342,14.75,
123833.00,339.9948,41.88593,4.962067,1.467802,14.85,
123834.00,339.9948,38.86359,4.91394,1.499032,14.95,
123835.00,339.9948,42.38196,4.749298,1.592721,14.95,
123836.00,143.8889,3.720245,2.74826,1.561491,15.0,
123837.00,139.9719,3.224213,2.269531,1.342882,15.05,
123838.00,72.04559,1.413116,1.301941,1.592721,15.0,
123839.00,21.66504,0.6402283,0.5015259,1.499032,14.95,
123840.00,0.8560181,0.06921387,0.07852173,1.467802,14.9,
123842.00,0.446167,0.04614258,0.0557251,1.592721,14.95,
123843.00,0.1919556,0.03460693,0.03546143,1.499031,14.9,
123844.00,0.1556396,0.03460693,0.02532959,1.499032,14.95,
123845.00,0.08300781,0.02883911,0.02532959,1.561491,14.95,
123846.00,0.05706787,0.02883911,0.02279663,1.592721,15.0,
123847.00,0.03631592,0.02883911,0.02279663,1.436572,15.0,
123848.00,0.05187988,0.02883911,0.02279663,1.467802,15.05,
123849.00,0.03631592,0.02307129,0.01773071,1.68641,15.05,
123850.00,0.05706787,0.02883911,0.02279663,1.592721,15.05,
123852.00,0.07781982,0.02307129,0.01773071,1.623951,15.1,
123853.00,0.04669189,0.02307129,0.01773071,1.467802,15.1,
123854.00,0.09857178,0.02883911,0.02532959,1.592721,15.15,
123855.00,0.1660156,0.03460693,0.02786255,1.623951,15.2,
123856.00,0.2957153,0.04037476,0.03546143,1.405342,15.25,
123857.00,0.2957153,0.04037476,0.04052734,1.467802,15.25,
123858.00,0.5136108,0.0519104,0.05065918,1.530261,15.35,
123900.00,0.8248901,0.06344604,0.06585693,1.530261,15.4,
123901.00,1.463013,0.08074951,0.09371948,1.561491,15.4,
123902.00,2.765198,0.09228516,0.1063843,1.405342,15.5,
123903.00,3.341064,0.08651733,0.09118652,1.623951,15.5,
123904.00,1.665344,0.05767822,0.07092285,1.592721,15.5,
123905.00,0.892334,0.04614258,0.05319214,1.561491,15.55,
123906.00,1.364441,0.0519104,0.03546143,1.436572,15.55,
123907.00,0.2386475,0.03460693,0.02786255,1.655181,15.65,
123909.00,0.2386475,0.01730347,0.01773071,1.499032,15.6,
123910.00,0.03112793,0.02307129,0.01773071,1.530261,15.65,
123911.00,0.03631592,0.02883911,0.02279663,1.561491,15.65,
123912.00,0.03112793,0.02883911,0.02532959,1.467802,15.7,
123913.00,0.01556396,0.01730347,0.01266479,1.68641,15.75,
123914.00,0.03112793,0.03460693,0.02532959,1.592721,15.75,
123915.00,0.02593994,0.02883911,0.02026367,1.623951,15.8,
123916.00,0.02075195,0.01730347,0.01519775,1.405342,15.8,
123918.00,0.02593994,0.02883911,0.02026367,1.467802,15.8,
123919.00,0.02593994,0.02307129,0.01773071,1.499031,15.9,
123920.00,0.2801514,0.02307129,0.01773071,1.405342,15.95,
123921.00,0.02593994,0.02883911,0.02279663,1.592721,15.95,
123922.00,0.06225586,0.02883911,0.02532959,1.530261,16.0,
123923.00,0.09338379,0.04614258,0.03799438,1.499031,16.1,
123924.00,0.1089478,0.04037476,0.03799438,1.530261,16.1,
123925.00,0.2593994,0.0519104,0.05065918,1.499032,16.25,
123926.00,0.2023315,0.0519104,0.05065918,1.499031,16.3,
123928.00,0.3009033,0.06344604,0.05825806,1.499031,16.35,
123929.00,0.3527832,0.06344604,0.05319214,1.530261,16.4,
123930.00,0.3839111,0.0519104,0.05825806,1.655181,16.55,
123931.00,0.461731,0.06344604,0.07345581,1.561491,16.6,
123932.00,0.430603,0.0519104,0.05825806,1.561491,16.65,
123933.00,0.4876709,0.08651733,0.08865356,1.68641,16.7,
123934.00,0.5032349,0.06344604,0.07345581,1.436572,16.7,
123935.00,0.5136108,0.05767822,0.06838989,1.530261,16.75,
123937.00,0.5395508,0.07498169,0.07598877,1.561491,16.75,
123938.00,0.5914307,0.1095886,0.0987854,1.499032,16.75,
123939.00,0.5447388,0.07498169,0.06838989,1.405342,16.8,
123940.00,0.5395508,0.08651733,0.07852173,1.405342,16.8,
123941.00,0.5603027,0.1153564,0.0987854,1.436572,16.8,
123942.00,0.5291748,0.09228516,0.08105469,1.655181,16.9,
123943.00,0.5084229,0.08651733,0.07598877,1.405342,16.9,
123944.00,0.3942871,0.07498169,0.06332397,1.561491,16.9,
123945.00,0.3735352,0.06921387,0.06079102,1.499031,17.0,
123947.00,0.3372192,0.06344604,0.05825806,1.530261,17.0,
123948.00,0.3475952,0.06921387,0.06332397,1.405342,17.05,
123949.00,0.3787231,0.05767822,0.0557251,1.499032,17.1,
123950.00,0.4772949,0.06921387,0.06332397,1.74887,17.15,
123951.00,0.4876709,0.07498169,0.06585693,1.68641,17.15,
124433.00,0.5032349,0.05767822,0.05065918,1.655181,21.15,
124434.00,0.4928589,0.0519104,0.04052734,1.68641,21.2,
124435.00,0.4928589,0.0519104,0.0430603,1.592721,21.2,
124436.00,0.4980469,0.0519104,0.0430603,1.467802,21.2,
124437.00,0.4980469,0.0519104,0.0430603,1.623951,21.2,
124438.00,0.4980469,0.05767822,0.04812622,1.499031,21.25,
124439.00,0.5032349,0.05767822,0.05065918,1.436572,21.25,
124440.00,0.4980469,0.0519104,0.0430603,1.499031,21.2,
124442.00,0.4980469,0.0519104,0.04559326,1.499031,21.2,
124443.00,0.4980469,0.0519104,0.0430603,1.530261,21.25,
124444.00,0.4928589,0.0519104,0.0430603,1.436572,21.25,
124445.00,0.4928589,0.0519104,0.0430603,1.467802,21.25,
124446.00,0.5032349,0.05767822,0.05065918,1.592721,21.25,
124447.00,0.4980469,0.0519104,0.04559326,1.655181,21.25,
124448.00,0.4876709,0.04614258,0.03799438,1.499031,21.25,
124449.00,0.4980469,0.05767822,0.04559326,1.592721,21.3,
124450.00,0.4876709,0.04614258,0.03799438,1.499031,21.3,
124452.00,0.4980469,0.05767822,0.04812622,1.623951,21.3,
124453.00,0.4980469,0.0519104,0.04052734,1.374112,21.3,
124454.00,0.4980469,0.05767822,0.04559326,1.467802,21.3,
124455.00,0.4980469,0.0519104,0.0430603,1.436572,21.35,
124456.00,0.5032349,0.06344604,0.05065918,1.499032,21.3,
124457.00,0.4928589,0.0519104,0.04052734,1.467802,21.3,
124536.00,0.5032349,0.05767822,0.04559326,1.467802,21.55,
124537.00,0.5032349,0.05767822,0.04812622,1.623951,21.6,
124538.00,0.5032349,0.05767822,0.04812622,1.467802,21.55,
124539.00,0.4980469,0.0519104,0.0430603,1.561491,21.55,
124540.00,0.5032349,0.0519104,0.04559326,1.467802,21.6,
124541.00,0.5032349,0.0519104,0.04559326,1.592721,21.6,
124542.00,0.5032349,0.0519104,0.04559326,1.467802,21.6,
124543.00,0.5084229,0.05767822,0.04812622,1.530261,21.6,
124545.00,0.5032349,0.0519104,0.04559326,1.561491,21.6,
124546.00,0.5084229,0.0519104,0.0430603,1.530261,21.65,
124547.00,0.5032349,0.04614258,0.04052734,1.467802,21.65,
124548.00,0.5032349,0.04614258,0.03799438,1.623951,21.65,
124549.00,0.5032349,0.04037476,0.03799438,1.592721,21.65,
124550.00,0.4980469,0.04037476,0.03546143,1.499032,21.7,
124551.00,0.5032349,0.0519104,0.0430603,1.499031,21.65,
124552.00,0.5187988,0.05767822,0.05065918,1.530261,21.7,
124553.00,0.5136108,0.05767822,0.05065918,1.68641,21.7,
124555.00,0.5136108,0.05767822,0.04559326,1.467802,21.7,
124556.00,0.5136108,0.05767822,0.04812622,1.467802,21.75,
124557.00,0.5032349,0.04614258,0.04052734,1.623951,21.75,
124558.00,0.5084229,0.05767822,0.04812622,1.623951,21.7,
124559.00,0.4980469,0.04037476,0.03546143,1.623951,21.75,
124600.00,0.5032349,0.0519104,0.0430603,1.467802,21.75,
124601.00,0.5136108,0.05767822,0.04812622,1.623951,21.75,
124602.00,0.5136108,0.05767822,0.05065918,1.530261,21.75,
000000.000,1.296997,0.4037476,0.184906,1.74887,25.55,
000000.000,1.053162,0.4498901,0.2001038,1.655181,25.5,
000000.000,1.509705,0.455658,0.2077026,1.530261,25.5,
000000.000,1.390381,0.4498901,0.1975708,1.467802,25.5,
000000.000,1.426697,0.4498901,0.2001038,1.499031,25.55,
000000.000,1.64978,0.4037476,0.184906,1.467802,25.55,
000000.000,1.395569,0.2941589,0.1393127,1.655181,25.6,
000000.000,1.88324,0.1211243,0.1063843,1.436572,25.6,
000000.000,1.88324,0.1095886,0.1038513,1.467802,25.55,
000000.000,1.888428,0.1153564,0.1038513,1.530261,25.6,
000000.000,1.878052,0.1211243,0.1038513,1.592721,25.55,
000000.000,1.888428,0.1557312,0.1165161,1.499031,25.55,
000000.000,1.872864,0.1788025,0.124115,1.530261,25.6,
000000.000,1.8573,0.1845703,0.1190491,1.467802,25.55,
000000.000,1.333313,0.357605,0.1494446,1.467802,25.55,
000000.000,1.556396,0.3806763,0.1671753,1.592721,25.6,
000000.000,1.540833,0.4671936,0.2102356,1.623951,25.5,
000000.000,1.556396,0.4844971,0.2229004,1.499031,25.5,
000000.000,1.546021,0.4671936,0.2102356,1.561491,25.5,
000000.000,1.535645,0.4671936,0.2102356,1.623951,25.45,
000000.000,1.426697,0.4671936,0.2051697,1.499031,25.45,
000000.000,1.457825,0.4729614,0.2102356,1.561491,25.45,
000000.000,1.473389,0.4614258,0.2026367,1.623951,25.45,
000000.000,1.566772,0.4787292,0.2178345,1.405342,25.5,
000000.000,1.535645,0.4729614,0.2127686,1.592721,25.5,
000000.000,1.535645,0.1441956,0.1013184,1.623951,25.45,
000000.000,1.717224,0.161499,0.1063843,1.623951,25.5,
000000.000,1.722412,0.1845703,0.1089172,1.499031,25.5,
000000.000,1.722412,0.1845703,0.1063843,1.530261,25.5,
000000.000,0.5187988,0.3056946,0.1266479,1.71764,25.5,
000000.000,1.374817,0.1211243,0.09625244,1.655181,25.5,
000000.000,1.64978,0.2307129,0.1367798,1.499031,25.45,
000000.000,1.717224,0.3403015,0.1697083,1.499031,25.5,
000000.000,1.634216,0.3056946,0.1494446,1.655181,25.5,
000000.000,1.763916,0.3172302,0.1570435,1.499031,25.5,
000000.000,1.763916,0.3172302,0.1570435,1.561491,25.5,
000000.000,1.603088,0.1441956,0.1013184,1.623951,25.5,
000000.000,0.9909058,0.1557312,0.1038513,1.74887,25.5,
000000.000,1.094666,0.1903381,0.121582,1.499031,25.45,
134134.77,1.089478,0.1557312,0.1063843,1.499031,25.45,
134137.00,1.05835,0.1557312,0.1038513,1.405342,25.45,
134138.00,1.442261,0.421051,0.1975708,1.623951,25.45,
134335.00,1.400757,0.1672668,0.124115,1.499031,25.6,
134336.00,1.914368,0.2018738,0.1545105,1.592721,25.65,
134357.00,1.836548,0.196106,0.1469116,1.592721,25.6,
134358.00,1.846924,0.2307129,0.1545105,1.530261,25.55,
134419.00,2.080383,0.3172302,0.187439,1.68641,25.6,
134420.00,2.931213,0.4441223,0.2406311,1.467802,25.55,
134444.00,2.884521,0.4729614,0.2532959,1.467802,25.55,
134445.00,1.582336,0.455658,0.2178345,1.530261,25.55,
134506.00,1.613464,0.4787292,0.2304993,1.655181,25.5,
134507.00,1.618652,0.4902649,0.245697,1.467802,25.45,
134518.00,1.603088,0.5018005,0.2608948,1.592721,25.5,
134539.00,2.023315,0.4729614,0.24823,1.467802,25.55,
134540.00,1.473389,0.5364075,0.2760925,1.530261,25.55,
134551.00,1.7276,0.4729614,0.2507629,1.436572,25.6,
134602.00,1.670532,0.4498901,0.2330322,1.623951,25.6,
134613.00,1.862488,0.4325867,0.2127686,1.436572,25.65,
134624.00,1.903992,0.455658,0.2304993,1.561491,25.65,
134635.00,1.940308,0.455658,0.2355652,1.530261,25.65,
134646.00,1.924744,0.4614258,0.2330322,1.561491,25.7,
134657.00,1.976624,0.4614258,0.2355652,1.592721,25.75,
134708.00,1.987,0.519104,0.2710266,1.592721,25.7,
134719.00,1.976624,0.4729614,0.2431641,1.561491,25.6,
134730.00,1.924744,0.4671936,0.2380981,1.68641,25.6,
134741.00,1.862488,0.4614258,0.2355652,1.530261,25.55,
134752.00,1.862488,0.4498901,0.2279663,1.71764,25.6,
134803.00,1.940308,0.4671936,0.2406311,1.467802,25.6,
134814.00,1.971436,0.4787292,0.24823,1.561491,25.65,
134825.00,1.955872,0.4787292,0.2507629,1.623951,25.6,
134836.00,1.903992,0.4729614,0.24823,1.499031,25.55,
134847.00,1.836548,0.421051,0.2102356,1.467802,25.55,
134857.00,1.919556,0.4671936,0.2431641,1.561491,25.55,
134908.00,1.971436,0.4902649,0.2558289,1.561491,25.6,
134919.00,0.7989502,0.4441223,0.2001038,1.436572,25.65,
134929.00,1.945496,0.4671936,0.2406311,1.74887,25.7,
000000.000,0.1919556,0.04037476,0.03292847,1.530261,26.5,
000000.000,0.2438354,0.03460693,0.03292847,1.74887,26.45,
000000.000,9.462891,0.3864441,0.2710266,1.592721,26.4,
000000.000,9.976501,0.3922119,0.2786255,1.499031,26.5,
000000.000,0.1608276,0.06344604,0.0430603,1.499032,26.45,
000000.000,0.2075195,0.04037476,0.03292847,1.467802,26.4,
000000.000,19.12811,0.1788025,0.1975708,1.530261,26.5,
000000.000,19.59503,0.1730347,0.2001038,1.499031,26.45,
000000.000,21.28113,0.2018738,0.2279663,1.592721,26.5,
000000.000,21.6391,0.196106,0.2304993,1.499031,26.5,
000000.000,23.39264,0.2018738,0.2380981,1.436572,26.55,
000000.000,24.16046,0.2076416,0.2406311,1.530261,26.55,
000000.000,23.24219,0.2018738,0.2330322,1.655181,26.55,
000000.000,23.83881,0.2076416,0.2406311,1.530261,26.6,
000000.000,20.33173,0.1788025,0.2279663,1.623951,26.6,
000000.000,21.80511,0.1788025,0.2330322,1.592721,26.6,
000000.000,34.25629,0.2768555,0.3495483,1.592721,26.65,
000000.000,35.74524,0.2826233,0.3748779,1.68641,26.7,
000000.000,30.79071,0.2653198,0.3343506,1.592721,26.65,
000000.000,31.46515,0.2653198,0.3419495,1.592721,26.7,
000000.000,26.72333,0.2307129,0.2836914,1.436572,26.65,
000000.000,35.52216,0.2653198,0.3546143,1.655181,26.7,
000000.000,32.38861,0.2653198,0.3343506,1.436572,26.75,
000000.000,39.9527,0.2999268,0.4052734,1.436572,26.8,
000000.000,29.31732,0.2422485,0.311554,1.561491,26.8,
000000.000,29.28619,0.2249451,0.2608948,1.467802,26.8,
000000.000,25.57678,0.2018738,0.245697,1.561491,26.8,
000000.000,30.33936,0.2307129,0.2862244,1.592721,26.85,
000000.000,32.01508,0.2537842,0.3166199,1.71764,26.85,
000000.000,32.17072,0.2710876,0.3292847,1.592721,26.85,
000000.000,34.34448,0.259552,0.3242188,1.499031,26.9,
000000.000,36.69464,0.2826233,0.3546143,1.561491,26.95,
000000.000,35.96832,0.2710876,0.3368835,1.561491,26.95,
000000.000,33.32764,0.2768555,0.3318176,1.655181,26.9,
000000.000,31.51184,0.2480164,0.3039551,1.623951,26.9,
000000.000,21.04767,0.1672668,0.2127686,1.561491,26.9,
000000.000,0.2905273,0.0519104,0.04559326,1.499032,26.65,
000000.000,0.2853394,0.0519104,0.04559326,1.467802,26.6,
000000.000,0.2853394,0.0519104,0.04559326,1.499031,26.6,
000000.000,0.2801514,0.04614258,0.0430603,1.467802,26.6,
000000.000,0.2801514,0.04614258,0.04052734,1.623951,26.6,
000000.000,0.2801514,0.04614258,0.0430603,1.530261,26.6,
000000.000,0.2801514,0.04614258,0.0430603,1.655181,26.55,
000000.000,0.2801514,0.0519104,0.04559326,1.530261,26.55,
000000.000,0.2697754,0.04037476,0.03799438,1.467802,26.55,
000000.000,0.2749634,0.04614258,0.04052734,1.499031,26.55,
000000.000,0.2853394,0.05767822,0.04559326,1.592721,26.5,
000000.000,0.2749634,0.04614258,0.04052734,1.68641,26.5,
000000.000,0.3268433,0.0519104,0.04559326,1.467802,26.5,
000000.000,0.3372192,0.0519104,0.04559326,1.592721,26.45,
000000.000,0.1608276,0.04614258,0.03799438,1.530261,26.45,
000000.000,0.1867676,0.0519104,0.04052734,1.530261,26.4,
000000.000,0.1971436,0.04037476,0.03546143,1.467802,26.4,
000000.000,0.3060913,0.1095886,0.06585693,1.499031,26.45,
000000.000,0.3060913,0.09805298,0.05825806,1.68641,26.4,
000000.000,0.2178955,0.0519104,0.04052734,1.467802,26.5,
000000.000,0.3112793,0.09228516,0.05825806,1.467802,26.45,
000000.000,0.3475952,0.09805298,0.06332397,1.655181,26.5,
000000.000,0.3579712,0.1038208,0.06332397,1.655181,26.5,
000000.000,0.3631592,0.1038208,0.06585693,1.499031,26.5,
000000.000,0.2749634,0.09228516,0.05825806,1.499031,26.5,
000000.000,0.2749634,0.09228516,0.05825806,1.655181,26.55,
000000.000,0.3060913,0.09805298,0.06079102,1.499031,26.55,
000000.000,0.3216553,0.1038208,0.06332397,1.623951,26.55,
000000.000,0.3527832,0.1095886,0.06585693,1.68641,26.6,
000000.000,0.3424072,0.09805298,0.05825806,1.561491,26.6,
000000.000,0.3527832,0.1095886,0.06838989,1.655181,26.6,
000000.000,0.3424072,0.1153564,0.07345581,1.655181,26.6,
000000.000,0.3164673,0.09805298,0.05825806,1.530261,26.6,
000000.000,0.3164673,0.1095886,0.07092285,1.655181,26.6,
000000.000,0.3268433,0.1038208,0.06332397,1.623951,26.6,
000000.000,0.3320313,0.1095886,0.06585693,1.655181,26.65,
000000.000,0.3268433,0.1038208,0.06332397,1.68641,26.65,
000000.000,0.3475952,0.1095886,0.06585693,1.655181,26.65,
000000.000,0.3372192,0.09805298,0.06079102,1.71764,26.7,
000000.000,0.3579712,0.1038208,0.06585693,1.499031,26.65,
000000.000,0.3424072,0.1038208,0.06585693,1.467802,26.65,
000000.000,0.3320313,0.1038208,0.06585693,1.655181,26.65,
000000.000,0.3372192,0.1095886,0.06838989,1.592721,26.65,
000000.000,0.3424072,0.1095886,0.07092285,1.592721,26.7,
000000.000,0.3579712,0.1038208,0.06585693,1.436572,26.7,
000000.000,0.3683472,0.1153564,0.07345581,1.499031,26.7,
000000.000,0.3164673,0.1038208,0.06332397,1.623951,26.7,
000000.000,0.3475952,0.1095886,0.06585693,1.405342,26.7,
000000.000,0.3475952,0.1153564,0.07345581,1.561491,26.7,
000000.000,0.3320313,0.09805298,0.06079102,1.623951,26.7,
000000.000,0.2490234,0.1153564,0.06838989,1.530261,26.75,
000000.000,0.2334595,0.1268921,0.07598877,1.561491,26.75,
000000.000,0.2127075,0.1211243,0.07092285,1.499031,26.75,
000000.000,0.2334595,0.1384277,0.08612061,1.467802,26.75,
000000.000,0.2749634,0.09228516,0.06838989,1.655181,26.75,
000000.000,0.2801514,0.1038208,0.07598877,1.530261,26.7,
000000.000,0.2645874,0.08651733,0.05319214,1.561491,26.7,
000000.000,0.3216553,0.1211243,0.07598877,1.499031,26.7,
000000.000,0.2127075,0.09805298,0.05825806,1.592721,26.7,
000000.000,0.2230835,0.08651733,0.0557251,1.530261,26.7,
000000.000,0.5239868,0.09805298,0.05825806,1.655181,26.7,
000000.000,0.2645874,0.1441956,0.08612061,1.499031,26.7,
000000.000,0.1971436,0.1268921,0.07598877,1.436572,26.75,
000000.000,0.2490234,0.1326599,0.07092285,1.499031,26.7,
000000.000,0.446167,0.06921387,0.06079102,1.623951,26.15,
000000.000,0.456543,0.07498169,0.06585693,1.561491,26.15,
000000.000,0.451355,0.06921387,0.06079102,1.530261,26.15,
000000.000,0.461731,0.08074951,0.06585693,1.592721,26.15,
000000.000,0.451355,0.07498169,0.06332397,1.561491,26.1,
000000.000,0.456543,0.06921387,0.06079102,1.530261,26.15,
000000.000,0.4669189,0.07498169,0.06585693,1.561491,26.15,
000000.000,0.4772949,0.08074951,0.06838989,1.74887,26.1,
000000.000,0.456543,0.06921387,0.06079102,1.71764,26.1,
000000.000,0.456543,0.06921387,0.05825806,1.592721,26.1,
000000.000,0.461731,0.06921387,0.06079102,1.530261,26.15,
000000.000,0.4772949,0.07498169,0.06585693,1.499031,26.1,
000000.000,0.4721069,0.07498169,0.06332397,1.592721,26.1,
000000.000,0.4980469,0.07498169,0.06332397,1.467802,26.1,
000000.000,0.4980469,0.06921387,0.06332397,1.561491,26.1,
000000.000,0.4721069,0.07498169,0.06585693,1.655181,26.1,
000000.000,0.4824829,0.08074951,0.07092285,1.561491,26.1,
000000.000,0.4721069,0.07498169,0.06585693,1.655181,26.1,
000000.000,0.4669189,0.08074951,0.06585693,1.655181,26.1,
000000.000,0.4721069,0.07498169,0.06332397,1.436572,26.1,
000000.000,0.4721069,0.07498169,0.06585693,1.623951,26.1,
000000.000,0.451355,0.06344604,0.05825806,1.68641,26.1,
000000.000,0.451355,0.07498169,0.06332397,1.499031,26.15,
000000.000,0.435791,0.05767822,0.05319214,1.530261,26.15,
000000.000,0.456543,0.07498169,0.06585693,1.623951,26.15,
000000.000,0.451355,0.06921387,0.05825806,1.436572,26.15,
000000.000,0.446167,0.06921387,0.05825806,1.436572,26.15,
000000.000,0.456543,0.06921387,0.06079102,1.467802,26.15,
000000.000,0.4669189,0.08074951,0.06838989,1.499031,26.1,
000000.000,0.446167,0.06344604,0.05319214,1.655181,26.15,
000000.000,0.456543,0.06921387,0.06079102,1.561491,26.1,
000000.000,0.451355,0.06921387,0.05825806,1.561491,26.1,
000000.000,0.4669189,0.06921387,0.06079102,1.623951,26.15,
000000.000,0.4824829,0.08651733,0.07598877,1.561491,26.1,
000000.000,0.4721069,0.08074951,0.07092285,1.592721,26.1,
000000.000,0.4721069,0.07498169,0.06585693,1.436572,26.15,
000000.000,0.4772949,0.08074951,0.06838989,1.499031,26.15,
000000.000,0.4721069,0.06921387,0.06079102,1.467802,26.1,
000000.000,0.4772949,0.07498169,0.06079102,1.530261,26.1,
000000.000,0.4876709,0.08074951,0.07092285,1.623951,26.15,
000000.000,0.4669189,0.07498169,0.06079102,1.499031,26.15,
000000.000,0.4772949,0.07498169,0.06332397,1.71764,26.15,
000000.000,0.4772949,0.07498169,0.06585693,1.530261,26.15,
000000.000,0.4824829,0.07498169,0.06585693,1.499031,26.2,
000000.000,0.4669189,0.06921387,0.06079102,1.623951,26.15,
000000.000,0.4772949,0.08074951,0.06838989,1.499031,26.15,
000000.000,0.4721069,0.06921387,0.05825806,1.436572,26.2,
000000.000,0.4721069,0.08074951,0.06838989,1.467802,26.2,
000000.000,0.4876709,0.08074951,0.06838989,1.499031,26.2,
000000.000,0.4876709,0.07498169,0.06585693,1.405342,26.2,
000000.000,0.4824829,0.06921387,0.06079102,1.499031,26.25,
000000.000,0.4928589,0.08074951,0.06838989,1.71764,26.25,
000000.000,0.4980469,0.08651733,0.07092285,1.499031,26.2,
000000.000,0.4772949,0.07498169,0.06332397,1.592721,26.2,
000000.000,0.4824829,0.08074951,0.06838989,1.499031,26.2,
000000.000,0.4876709,0.09228516,0.07852173,1.467802,26.2,
000000.000,0.4669189,0.07498169,0.06585693,1.499031,26.25,
000000.000,0.4721069,0.07498169,0.06585693,1.530261,26.25,
000000.000,0.435791,0.07498169,0.06079102,1.7801,26.2,
000000.000,0.446167,0.07498169,0.06079102,1.530261,26.2,
000000.000,0.1815796,0.06921387,0.04812622,1.561491,26.25,
000000.000,0.1815796,0.06344604,0.04559326,1.623951,26.25,
000000.000,0.1712036,0.05767822,0.03799438,1.530261,26.25,
000000.000,0.1763916,0.06344604,0.0430603,1.467802,26.25,
000000.000,0.1712036,0.06344604,0.0430603,1.592721,26.25,
000000.000,0.1815796,0.07498169,0.05065918,1.467802,26.25,
000000.000,0.1763916,0.06344604,0.04559326,1.623951,26.25,
000000.000,0.1712036,0.05767822,0.03799438,1.467802,26.25,
000000.000,0.1763916,0.06344604,0.04559326,1.623951,26.3,
000000.000,0.1712036,0.05767822,0.03799438,1.68641,26.3,
000000.000,0.1763916,0.06921387,0.04559326,1.530261,26.3,
000000.000,0.1815796,0.06921387,0.04812622,1.592721,26.3,
000000.000,0.1763916,0.06344604,0.04052734,1.592721,26.3,
000000.000,0.1712036,0.05767822,0.04052734,1.68641,26.35,
000000.000,0.1660156,0.05767822,0.03799438,1.499031,26.3,
000000.000,0.1763916,0.06921387,0.04559326,1.530261,26.35,
000000.000,0.1712036,0.06344604,0.04052734,1.499031,26.35,
000000.000,0.1763916,0.06344604,0.0430603,1.499031,26.35,
000000.000,0.1712036,0.06344604,0.0430603,1.499031,26.35,
000000.000,0.1660156,0.0519104,0.03292847,1.623951,26.35,
000000.000,0.1660156,0.05767822,0.03799438,1.68641,26.4,
000000.000,0.1712036,0.06344604,0.0430603,1.592721,26.35,
000000.000,0.1712036,0.05767822,0.04052734,1.530261,26.4,
000000.000,0.1763916,0.06344604,0.0430603,1.623951,26.4,
000000.000,0.1712036,0.06344604,0.04052734,1.74887,26.4,
000000.000,0.1712036,0.05767822,0.04052734,1.592721,26.4,
000000.000,0.1660156,0.0519104,0.03799438,1.530261,26.4,
000000.000,0.1712036,0.06344604,0.0430603,1.74887,26.4,
000000.000,0.1712036,0.06344604,0.0430603,1.592721,26.4,
000000.000,0.1763916,0.06921387,0.04812622,1.592721,26.45,
000000.000,0.1660156,0.05767822,0.04052734,1.499031,26.45,
000000.000,0.1712036,0.06344604,0.0430603,1.561491,26.45,
000000.000,0.1660156,0.05767822,0.04052734,1.71764,26.5,
000000.000,0.1608276,0.05767822,0.03799438,1.561491,26.45,
000000.000,0.1608276,0.05767822,0.03799438,1.561491,26.45,
000000.000,0.1608276,0.0519104,0.03799438,1.530261,26.5,
000000.000,0.1608276,0.0519104,0.03799438,1.68641,26.5,
000000.000,0.1712036,0.06344604,0.04559326,1.561491,26.5,
000000.000,0.1763916,0.06344604,0.04559326,1.561491,26.55,
000000.000,0.1608276,0.04614258,0.03292847,1.655181,26.5,
000000.000,0.1712036,0.06344604,0.0430603,1.623951,26.5,
000000.000,0.1763916,0.06921387,0.04812622,1.592721,26.5,
000000.000,0.1712036,0.05767822,0.04052734,1.499031,26.5,
000000.000,0.1660156,0.05767822,0.03799438,1.499031,26.5,
000000.000,0.1556396,0.0519104,0.03546143,1.436572,26.55,
000000.000,0.1660156,0.05767822,0.03799438,1.592721,26.5,
000000.000,0.1660156,0.05767822,0.03799438,1.467802,26.55,
000000.000,0.1608276,0.05767822,0.03799438,1.592721,26.5,
000000.000,0.1660156,0.06344604,0.0430603,1.499031,26.55,
000000.000,0.1608276,0.05767822,0.0430603,1.74887,26.55,
000000.000,0.1556396,0.0519104,0.03546143,1.530261,26.55,
000000.000,0.1608276,0.0519104,0.03546143,1.68641,26.55,
000000.000,0.1608276,0.0519104,0.03546143,1.499031,26.55,
000000.000,0.1660156,0.06344604,0.0430603,1.623951,26.55,
000000.000,0.1504517,0.0519104,0.03292847,1.530261,26.55,
000000.000,0.1608276,0.05767822,0.03799438,1.561491,26.6,
000000.000,0.1556396,0.0519104,0.03546143,1.467802,26.6,
000000.000,0.1660156,0.06921387,0.04812622,1.68641,26.55,
000000.000,0.1660156,0.05767822,0.0430603,1.561491,26.55,
000000.000,0.1556396,0.0519104,0.03546143,1.592721,26.6,
000000.000,0.1608276,0.06344604,0.0430603,1.561491,26.6,
000000.000,0.1556396,0.05767822,0.03799438,1.467802,26.6,
000000.000,0.1660156,0.06344604,0.04559326,1.499031,26.6,
000000.000,0.1660156,0.06344604,0.04559326,1.592721,26.65,
000000.000,0.1660156,0.06344604,0.04559326,1.592721,26.6,
000000.000,0.1556396,0.05767822,0.03799438,1.530261,26.65,
000000.000,0.1556396,0.05767822,0.03799438,1.530261,26.65,
000000.000,0.1608276,0.06344604,0.0430603,1.592721,26.6,
000000.000,0.1504517,0.0519104,0.03546143,1.436572,26.6,
000000.000,0.1556396,0.05767822,0.04052734,1.467802,26.65,
000000.000,0.1660156,0.06344604,0.04559326,1.530261,26.65,
000000.000,0.1608276,0.0519104,0.03799438,1.436572,26.65,
000000.000,0.1608276,0.05767822,0.03546143,1.592721,26.7,
000000.000,0.1660156,0.06344604,0.0430603,1.592721,26.7,
000000.000,0.1712036,0.06344604,0.04559326,1.499031,26.65,
000000.000,0.1556396,0.04614258,0.03039551,1.561491,26.7,
000000.000,0.1660156,0.05767822,0.0430603,1.499031,26.7,
000000.000,0.1608276,0.0519104,0.03546143,1.467802,26.65,
000000.000,0.1608276,0.0519104,0.03546143,1.530261,26.7,
000000.000,0.1556396,0.0519104,0.03292847,1.623951,26.7,
000000.000,0.1712036,0.06921387,0.04559326,1.655181,26.7,
000000.000,0.1556396,0.04614258,0.03292847,1.467802,26.7,
000000.000,0.1712036,0.05767822,0.04052734,1.499031,26.7,
000000.000,0.1660156,0.05767822,0.03799438,1.655181,26.65,
000000.000,0.1763916,0.06344604,0.0430603,1.623951,26.7,
000000.000,0.1763916,0.06921387,0.04812622,1.405342,26.7,
000000.000,0.1815796,0.06921387,0.04812622,1.592721,26.7,
000000.000,0.1608276,0.0519104,0.03292847,1.623951,26.65,
000000.000,0.1763916,0.06344604,0.0430603,1.655181,26.65,
000000.000,0.1763916,0.06344604,0.04052734,1.561491,26.65,
000000.000,0.1712036,0.05767822,0.03799438,1.655181,26.6,
000000.000,0.1815796,0.06921387,0.04812622,1.499031,26.65,
000000.000,0.1712036,0.06344604,0.04052734,1.623951,26.6,
000000.000,0.1815796,0.06921387,0.04559326,1.655181,26.65,
000000.000,0.1556396,0.04614258,0.02786255,1.71764,26.65,
000000.000,0.1763916,0.06344604,0.0430603,1.592721,26.6,
000000.000,0.1660156,0.05767822,0.04052734,1.530261,26.65,
000000.000,0.1867676,0.08074951,0.0557251,1.623951,26.6,
000000.000,0.1712036,0.06344604,0.04559326,1.592721,26.6,
000000.000,0.1608276,0.05767822,0.04052734,1.530261,26.6,
000000.000,0.1608276,0.05767822,0.03799438,1.561491,26.65,
000000.000,0.1660156,0.06921387,0.04559326,1.436572,26.6,
000000.000,0.1712036,0.06344604,0.0430603,1.592721,26.65,
000000.000,0.1712036,0.06921387,0.04559326,1.623951,26.6,
000000.000,0.1608276,0.0519104,0.03546143,1.592721,26.65,
000000.000,0.1712036,0.06344604,0.04559326,1.592721,26.65,
000000.000,0.1712036,0.06344604,0.0430603,1.592721,26.6,
000000.000,0.1763916,0.06921387,0.04559326,1.499031,26.6,
000000.000,0.1763916,0.07498169,0.05065918,1.592721,26.6,
000000.000,0.1712036,0.06921387,0.04812622,1.499031,26.6,
000000.000,0.1763916,0.06921387,0.04812622,1.592721,26.6,
000000.000,0.1712036,0.06921387,0.05065918,1.74887,26.6,
000000.000,0.1712036,0.06921387,0.04812622,1.623951,26.6,
000000.000,0.1608276,0.05767822,0.03799438,1.623951,26.65,
000000.000,0.1660156,0.05767822,0.04052734,1.623951,26.6,
000000.000,0.1556396,0.0519104,0.03799438,1.623951,26.6,
000000.000,0.1556396,0.0519104,0.03546143,1.592721,26.65,
000000.000,0.1504517,0.04614258,0.03039551,1.499031,26.65,
000000.000,0.1608276,0.05767822,0.03799438,1.71764,26.6,
000000.000,0.1660156,0.06344604,0.04559326,1.467802,26.65,
000000.000,0.1608276,0.06344604,0.04559326,1.655181,26.65,
000000.000,0.1556396,0.05767822,0.04052734,1.499031,26.65,
000000.000,0.1608276,0.05767822,0.0430603,1.623951,26.65,
000000.000,0.1608276,0.06344604,0.04052734,1.499031,26.65,
000000.000,0.1660156,0.06344604,0.04559326,1.530261,26.65,
000000.000,0.1712036,0.06921387,0.04812622,1.71764,26.7,
000000.000,0.1556396,0.0519104,0.03292847,1.592721,26.7,
000000.000,0.1608276,0.05767822,0.04052734,1.499031,26.7,
000000.000,0.1556396,0.0519104,0.03546143,1.592721,26.7,
000000.000,0.1608276,0.06344604,0.04559326,1.561491,26.65,
000000.000,0.1504517,0.0519104,0.03799438,1.467802,26.7,
000000.000,0.1556396,0.05767822,0.04052734,1.499031,26.65,
000000.000,0.1556396,0.05767822,0.04052734,1.530261,26.65,
000000.000,0.1556396,0.06344604,0.04559326,1.467802,26.65,
000000.000,0.1452637,0.0519104,0.03546143,1.68641,26.7,
000000.000,0.1400757,0.04614258,0.03039551,1.499031,26.65,
000000.000,0.1452637,0.0519104,0.03799438,1.561491,26.65,
000000.000,0.1400757,0.0519104,0.03546143,1.71764,26.65,
000000.000,0.1296997,0.04037476,0.02786255,1.623951,26.65,
000000.000,0.1400757,0.0519104,0.03546143,1.623951,26.7,
000000.000,0.1348877,0.04614258,0.03292847,1.592721,26.7,
000000.000,0.1296997,0.04614258,0.03039551,1.623951,26.7,
000000.000,0.1348877,0.04614258,0.03546143,1.436572,26.7,
000000.000,0.1296997,0.04614258,0.03039551,1.592721,26.7,
000000.000,0.1296997,0.04614258,0.03292847,1.467802,26.7,
000000.000,0.1400757,0.05767822,0.04052734,1.623951,26.7,
000000.000,0.1400757,0.05767822,0.0430603,1.467802,26.7,
000000.000,0.1296997,0.04037476,0.02786255,1.467802,26.7,
000000.000,0.1296997,0.04037476,0.03039551,1.592721,26.7,
000000.000,0.1296997,0.04614258,0.03292847,1.530261,26.7,
000000.000,0.1348877,0.0519104,0.03799438,1.530261,26.75,
000000.000,0.1245117,0.04037476,0.03039551,1.467802,26.7,
000000.000,0.1141357,0.02883911,0.02026367,1.68641,26.75,
000000.000,0.1245117,0.04037476,0.03039551,1.68641,26.7,
000000.000,0.1296997,0.04614258,0.03039551,1.530261,26.7,
000000.000,0.1348877,0.0519104,0.03546143,1.467802,26.75,
000000.000,0.1245117,0.04614258,0.03039551,1.561491,26.75,
000000.000,0.1296997,0.04614258,0.03546143,1.499031,26.75,
000000.000,0.1348877,0.0519104,0.03799438,1.530261,26.75,
000000.000,0.1348877,0.04614258,0.03546143,1.592721,26.75,
000000.000,0.1348877,0.04614258,0.03546143,1.467802,26.75,
000000.000,0.1296997,0.04614258,0.03546143,1.467802,26.75,
000000.000,0.1245117,0.04614258,0.03292847,1.655181,26.75,
000000.000,0.1245117,0.04037476,0.02786255,1.530261,26.75,
000000.000,0.1245117,0.04037476,0.02786255,1.623951,26.75,
000000.000,0.1296997,0.04614258,0.03546143,1.467802,26.75,
000000.000,0.1245117,0.04037476,0.03039551,1.436572,26.75,
000000.000,0.1296997,0.04614258,0.03546143,1.561491,26.75,
000000.000,0.1245117,0.04614258,0.03292847,1.499031,26.7,
000000.000,0.1296997,0.04614258,0.03292847,1.467802,26.75,
000000.000,0.1245117,0.04614258,0.03292847,1.499031,26.7,
000000.000,0.1296997,0.04614258,0.03292847,1.499031,26.75,
000000.000,0.1296997,0.04614258,0.03292847,1.530261,26.75,
000000.000,0.1296997,0.04614258,0.03546143,1.499031,26.75,
000000.000,0.1296997,0.0519104,0.03799438,1.655181,26.75,
000000.000,0.1141357,0.03460693,0.02532959,1.499031,26.75,
000000.000,0.1193237,0.03460693,0.02532959,1.623951,26.75,
000000.000,0.1193237,0.04037476,0.03039551,1.623951,26.75,
000000.000,0.1245117,0.0519104,0.03799438,1.499031,26.75,
000000.000,0.1193237,0.04037476,0.03039551,1.592721,26.75,
000000.000,0.1193237,0.04037476,0.02786255,1.499031,26.8,
000000.000,0.1193237,0.04037476,0.02786255,1.530261,26.8,
000000.000,0.1141357,0.03460693,0.02532959,1.467802,26.8,
000000.000,0.1141357,0.03460693,0.02279663,1.499031,26.75,
000000.000,0.1193237,0.04037476,0.03292847,1.530261,26.8,
000000.000,0.1245117,0.04614258,0.03292847,1.655181,26.8,
000000.000,0.1141357,0.04037476,0.02786255,1.499031,26.8,
000000.000,0.1193237,0.04037476,0.03039551,1.561491,26.8,
000000.000,0.1245117,0.04614258,0.03292847,1.561491,26.75,
000000.000,0.1296997,0.05767822,0.0430603,1.499031,26.75,
000000.000,0.1193237,0.04037476,0.03292847,1.623951,26.75,
000000.000,0.1193237,0.04037476,0.03039551,1.592721,26.75,
000000.000,0.1245117,0.0519104,0.03799438,1.467802,26.75,
000000.000,0.1296997,0.0519104,0.04052734,1.561491,26.8,
000000.000,0.1193237,0.04037476,0.03292847,1.592721,26.8,
000000.000,0.1245117,0.04614258,0.03546143,1.499031,26.8,
000000.000,0.1245117,0.04614258,0.03546143,1.467802,26.75,
000000.000,0.1193237,0.04037476,0.03039551,1.592721,26.75,
000000.000,0.1193237,0.04037476,0.02786255,1.592721,26.75,
000000.000,0.1141357,0.03460693,0.02532959,1.561491,26.75,
000000.000,0.1141357,0.04037476,0.02786255,1.467802,26.75,
000000.000,0.1193237,0.04037476,0.02786255,1.467802,26.75,
000000.000,0.1193237,0.04037476,0.02786255,1.623951,26.75,
000000.000,0.1193237,0.04037476,0.03039551,1.623951,26.75,
000000.000,0.1245117,0.04614258,0.03292847,1.467802,26.75,
000000.000,0.1245117,0.04037476,0.03292847,1.436572,26.75,
000000.000,0.1245117,0.04614258,0.03292847,1.530261,26.75,
000000.000,0.1141357,0.03460693,0.02532959,1.561491,26.75,
000000.000,0.1193237,0.04037476,0.03039551,1.530261,26.75,
000000.000,0.1193237,0.04037476,0.03039551,1.561491,26.75,
000000.000,0.1348877,0.0519104,0.04052734,1.499031,26.75,
000000.000,0.1245117,0.0519104,0.03799438,1.499031,26.75,
000000.000,0.1193237,0.04037476,0.03039551,1.623951,26.75,
000000.000,0.1245117,0.04614258,0.03546143,1.499031,26.75,
000000.000,0.1193237,0.04037476,0.03039551,1.655181,26.75,
000000.000,0.1193237,0.04037476,0.02786255,1.592721,26.75,
000000.000,0.1193237,0.04614258,0.03292847,1.499031,26.75,
000000.000,0.1193237,0.04037476,0.02786255,1.81133,26.75,
000000.000,0.1193237,0.04037476,0.03039551,1.561491,26.75,
000000.000,0.1245117,0.04614258,0.03546143,1.623951,26.7,
000000.000,0.1193237,0.04037476,0.03039551,1.592721,26.75,
000000.000,0.1245117,0.04614258,0.03292847,1.623951,26.75,
000000.000,0.1245117,0.04614258,0.03546143,1.499031,26.75,
000000.000,0.1348877,0.0519104,0.03799438,1.592721,26.7,
000000.000,0.1245117,0.04614258,0.03039551,1.623951,26.7,
000000.000,0.1245117,0.04614258,0.03546143,1.499031,26.7,
000000.000,0.1245117,0.04614258,0.03292847,1.623951,26.7,
000000.000,0.1193237,0.04037476,0.02786255,1.655181,26.7,
000000.000,0.1193237,0.04037476,0.03039551,1.68641,26.7,
000000.000,0.1348877,0.05767822,0.04052734,1.561491,26.7,
000000.000,0.1245117,0.04614258,0.03292847,1.68641,26.7,
000000.000,0.1141357,0.04037476,0.02786255,1.530261,26.7,
000000.000,0.1141357,0.03460693,0.02532959,1.499031,26.7,
000000.000,0.1245117,0.04614258,0.03292847,1.499031,26.7,
000000.000,0.1296997,0.04614258,0.03546143,1.623951,26.7,
000000.000,0.1141357,0.04037476,0.02786255,1.7801,26.7,
000000.000,0.1245117,0.04614258,0.03292847,1.74887,26.7,
000000.000,0.1193237,0.04614258,0.03292847,1.436572,26.7,
000000.000,0.1400757,0.04614258,0.03292847,1.530261,26.7,
000000.000,0.1400757,0.04037476,0.02786255,1.592721,26.7,
000000.000,0.1400757,0.04037476,0.02786255,1.499031,26.7,
000000.000,0.1504517,0.04614258,0.03799438,1.561491,26.7,
000000.000,0.1400757,0.04037476,0.03039551,1.467802,26.7,
000000.000,0.1400757,0.04037476,0.02786255,1.405342,26.65,
000000.000,0.1400757,0.04614258,0.03292847,1.68641,26.7,
000000.000,0.1400757,0.04037476,0.03039551,1.623951,26.7,
000000.000,0.1400757,0.04037476,0.03292847,1.467802,26.7,
000000.000,0.1452637,0.04614258,0.03546143,1.655181,26.7,
000000.000,0.1452637,0.04614258,0.03039551,1.467802,26.7,
000000.000,0.1504517,0.0519104,0.03799438,1.68641,26.7,
000000.000,0.1348877,0.04037476,0.02786255,1.68641,26.7,
000000.000,0.1504517,0.0519104,0.03799438,1.530261,26.65,
000000.000,0.1400757,0.04614258,0.03292847,1.592721,26.65,
000000.000,0.1452637,0.0519104,0.03546143,1.623951,26.65,
000000.000,0.1452637,0.04614258,0.03546143,1.499031,26.65,
000000.000,0.1348877,0.03460693,0.02532959,1.561491,26.65,
000000.000,0.1400757,0.04037476,0.03039551,1.592721,26.7,
000000.000,0.1400757,0.04037476,0.03039551,1.623951,26.7,
000000.000,0.1400757,0.04037476,0.03039551,1.499031,26.7,
000000.000,0.1400757,0.04037476,0.03039551,1.68641,26.7,
000000.000,0.1348877,0.03460693,0.02532959,1.436572,26.65,
000000.000,0.1400757,0.04037476,0.03292847,1.655181,26.7,
000000.000,0.1452637,0.04037476,0.03292847,1.592721,26.7,
000000.000,0.1348877,0.03460693,0.02532959,1.592721,26.7,
000000.000,0.1400757,0.04037476,0.03039551,1.499031,26.65,
000000.000,0.1245117,0.02883911,0.02026367,1.623951,26.7,
000000.000,0.1296997,0.02883911,0.02026367,1.561491,26.7,
000000.000,0.1400757,0.04037476,0.03039551,1.530261,26.7,
000000.000,0.1452637,0.0519104,0.03546143,1.530261,26.7,
000000.000,0.1400757,0.04037476,0.02786255,1.71764,26.7,
000000.000,0.1400757,0.04614258,0.03292847,1.561491,26.65,
000000.000,0.1400757,0.04037476,0.03039551,1.467802,26.7,
000000.000,0.1400757,0.04614258,0.03292847,1.561491,26.7,
000000.000,0.1400757,0.04037476,0.03292847,1.499032,26.7,
000000.000,0.1452637,0.0519104,0.03799438,1.499031,26.7,
000000.000,0.1452637,0.04614258,0.03292847,1.530261,26.65,
000000.000,0.1452637,0.04614258,0.03546143,1.530261,26.65,
000000.000,0.1400757,0.04037476,0.02786255,1.655181,26.65,
000000.000,0.1452637,0.0519104,0.03799438,1.561491,26.65,
000000.000,0.1348877,0.03460693,0.02532959,1.623951,26.65,
000000.000,0.1348877,0.03460693,0.02786255,1.561491,26.65,
000000.000,0.1400757,0.04037476,0.03039551,1.71764,26.65,
000000.000,0.1400757,0.03460693,0.02786255,1.623951,26.65,
000000.000,0.1400757,0.04037476,0.03039551,1.467802,26.7,
000000.000,0.1452637,0.04614258,0.03292847,1.561491,26.65,
000000.000,0.1245117,0.02307129,0.01773071,1.561491,26.7,
000000.000,0.1452637,0.04614258,0.03292847,1.530261,26.65,
000000.000,0.1452637,0.04614258,0.03292847,1.592721,26.7,
000000.000,0.1452637,0.04614258,0.03546143,1.592721,26.65,
000000.000,0.1348877,0.03460693,0.02532959,1.592721,26.7,
000000.000,0.1348877,0.04037476,0.03039551,1.623951,26.7,
000000.000,0.1400757,0.04037476,0.03039551,1.74887,26.7,
000000.000,0.1400757,0.04037476,0.03039551,1.499031,26.65,
000000.000,0.1400757,0.04037476,0.03039551,1.561491,26.7,
000000.000,0.1452637,0.04614258,0.03546143,1.499031,26.7,
000000.000,0.1452637,0.04614258,0.03546143,1.499031,26.7,
000000.000,0.1348877,0.03460693,0.02532959,1.467802,26.7,
000000.000,0.1400757,0.04037476,0.03039551,1.592721,26.65,
000000.000,0.1348877,0.03460693,0.02786255,1.71764,26.65,
000000.000,0.1400757,0.04037476,0.02786255,1.499031,26.65,
000000.000,0.1400757,0.04037476,0.03039551,1.623951,26.65,
000000.000,0.1452637,0.04614258,0.03546143,1.592721,26.65,
000000.000,0.1452637,0.04614258,0.03292847,1.623951,26.7,
000000.000,0.1452637,0.04614258,0.03546143,1.561491,26.65,
000000.000,0.1348877,0.04037476,0.02786255,1.530261,26.65,
000000.000,0.1452637,0.04037476,0.03039551,1.530261,26.65,
000000.000,0.1452637,0.0519104,0.04052734,1.499031,26.6,
000000.000,0.1452637,0.04614258,0.03546143,1.467802,26.6,
000000.000,0.1348877,0.03460693,0.02532959,1.499031,26.65,
000000.000,0.1400757,0.04037476,0.02786255,1.499031,26.6,
000000.000,0.1452637,0.04614258,0.03292847,1.499031,26.6,
000000.000,0.1452637,0.04614258,0.03546143,1.623951,26.6,
000000.000,0.1452637,0.04614258,0.03546143,1.623951,26.6,
000000.000,0.1504517,0.0519104,0.03799438,1.623951,26.6,
000000.000,0.1452637,0.04614258,0.03546143,1.561491,26.6,
000000.000,0.1504517,0.04614258,0.03546143,1.530261,26.6,
000000.000,0.1400757,0.04037476,0.03039551,1.467802,26.55,
000000.000,0.1452637,0.04614258,0.03292847,1.499031,26.6,
000000.000,0.1400757,0.04037476,0.02786255,1.623951,26.55,
000000.000,0.1400757,0.04037476,0.02786255,1.592721,26.55,
000000.000,0.1452637,0.04614258,0.03292847,1.623951,26.6,
000000.000,0.1400757,0.04037476,0.02786255,1.499031,26.55,
000000.000,0.1452637,0.04037476,0.03039551,1.561491,26.55,
000000.000,0.1348877,0.03460693,0.02532959,1.530261,26.55,
000000.000,0.1452637,0.04614258,0.03799438,1.499031,26.55,
000000.000,0.1348877,0.03460693,0.02786255,1.467802,26.55,
000000.000,0.1400757,0.04037476,0.03039551,1.655181,26.55,
000000.000,0.1504517,0.04614258,0.03546143,1.561491,26.5,
000000.000,0.1452637,0.04614258,0.03292847,1.655181,26.55,
000000.000,0.1400757,0.03460693,0.02786255,1.499031,26.55,
000000.000,0.1452637,0.04614258,0.03292847,1.592721,26.5,
000000.000,0.1452637,0.04614258,0.03546143,1.592721,26.5,
000000.000,0.1452637,0.04614258,0.03546143,1.561491,26.5,
000000.000,0.1400757,0.04037476,0.03039551,1.467802,26.5,
000000.000,0.1400757,0.04037476,0.03039551,1.68641,26.5,
000000.000,0.1504517,0.04614258,0.03546143,1.436572,26.5,
000000.000,0.1452637,0.04614258,0.03546143,1.499031,26.5,
000000.000,0.1452637,0.04614258,0.03546143,1.623951,26.5,
000000.000,0.1504517,0.0519104,0.03546143,1.561491,26.5,
000000.000,0.1400757,0.04037476,0.02786255,1.68641,26.5,
000000.000,0.1504517,0.0519104,0.03799438,1.655181,26.5,
000000.000,0.1504517,0.0519104,0.03799438,1.530261,26.5,
000000.000,0.1400757,0.04037476,0.02786255,1.561491,26.5,
000000.000,0.1400757,0.04037476,0.02786255,1.436572,26.5,
000000.000,0.1452637,0.04037476,0.03039551,1.655181,26.5,
000000.000,0.1400757,0.04037476,0.03039551,1.592721,26.5,
000000.000,0.1504517,0.0519104,0.03799438,1.530261,26.5,
000000.000,0.1400757,0.03460693,0.02786255,1.592721,26.5,
000000.000,0.1452637,0.04037476,0.03292847,1.561491,26.5,
000000.000,0.1400757,0.04037476,0.02786255,1.623951,26.5,
000000.000,0.1504517,0.0519104,0.03799438,1.71764,26.5,
000000.000,0.1400757,0.04037476,0.03039551,1.592721,26.5,
000000.000,0.1452637,0.04614258,0.03292847,1.68641,26.55,
000000.000,0.1296997,0.03460693,0.02532959,1.499031,26.55,
000000.000,0.1245117,0.0519104,0.03546143,1.561491,26.5,
000000.000,0.1089478,0.04037476,0.02786255,1.74887,26.5,
000000.000,0.1141357,0.04614258,0.03292847,1.467802,26.55,
000000.000,0.1141357,0.04614258,0.03546143,1.499031,26.5,
000000.000,0.1141357,0.04037476,0.03039551,1.592721,26.55,
000000.000,0.1193237,0.0519104,0.03799438,1.592721,26.5,
000000.000,0.1141357,0.04614258,0.03292847,1.467802,26.5,
000000.000,0.1089478,0.04037476,0.03292847,1.561491,26.5,
000000.000,0.1089478,0.04037476,0.03039551,1.68641,26.5,
000000.000,0.1089478,0.04037476,0.03039551,1.561491,26.5,
000000.000,0.1193237,0.0519104,0.03799438,1.71764,26.5,
000000.000,0.1193237,0.0519104,0.03799438,1.655181,26.5,
000000.000,0.1089478,0.04037476,0.02786255,1.655181,26.45,
000000.000,0.1193237,0.04614258,0.03546143,1.530261,26.5,
000000.000,0.1193237,0.0519104,0.03799438,1.655181,26.5,
000000.000,0.1193237,0.0519104,0.03546143,1.68641,26.5,
000000.000,0.1037598,0.03460693,0.02279663,1.7801,26.45,
000000.000,0.1193237,0.0519104,0.03546143,1.467802,26.45,
000000.000,0.09857178,0.02883911,0.02279663,1.530261,26.5,
000000.000,0.1089478,0.03460693,0.02532959,1.499031,26.45,
000000.000,0.1141357,0.04614258,0.03292847,1.561491,26.45,
000000.000,0.1141357,0.04614258,0.03546143,1.405342,26.5,
000000.000,0.1037598,0.02883911,0.02279663,1.68641,26.5,
000000.000,0.1141357,0.04614258,0.03292847,1.623951,26.5,
000000.000,0.1037598,0.03460693,0.02532959,1.499031,26.5,
000000.000,0.1089478,0.04037476,0.03039551,1.592721,26.45,
000000.000,0.1089478,0.04037476,0.03039551,1.71764,26.5,
000000.000,0.1089478,0.04037476,0.03039551,1.68641,26.5,
000000.000,0.1141357,0.04614258,0.03292847,1.499031,26.45,
000000.000,0.1037598,0.03460693,0.02532959,1.592721,26.5,
000000.000,0.1089478,0.04037476,0.03039551,1.499031,26.45,
000000.000,0.1245117,0.06344604,0.04559326,1.68641,26.45,
000000.000,0.1089478,0.04614258,0.03292847,1.592721,26.5,
000000.000,0.09857178,0.03460693,0.02532959,1.592721,26.5,
000000.000,0.1867676,0.04037476,0.02786255,1.71764,26.5,
000000.000,0.3372192,0.04614258,0.03799438,1.592721,26.5,
000000.000,0.3735352,0.0519104,0.0430603,1.530261,26.45,
000000.000,0.3683472,0.0519104,0.04559326,1.592721,26.45,
000000.000,0.3787231,0.0519104,0.04812622,1.499031,26.5,
000000.000,0.3735352,0.04037476,0.03546143,1.530261,26.5,
000000.000,0.3735352,0.04037476,0.03546143,1.592721,26.5,
000000.000,0.3839111,0.04614258,0.04052734,1.81133,26.45,
000000.000,0.3942871,0.0519104,0.04559326,1.655181,26.45,
000000.000,0.3787231,0.0519104,0.0430603,1.623951,26.45,
000000.000,0.3839111,0.0519104,0.0430603,1.623951,26.45,
000000.000,0.3787231,0.04614258,0.03799438,1.499031,26.4,
000000.000,0.3942871,0.0519104,0.0430603,1.530261,26.4,
000000.000,0.3994751,0.0519104,0.04812622,1.499031,26.4,
000000.000,0.3942871,0.0519104,0.0430603,1.655181,26.4,
000000.000,0.3942871,0.04614258,0.04052734,1.530261,26.4,
000000.000,0.3994751,0.0519104,0.04559326,1.467802,26.35,
000000.000,0.3994751,0.0519104,0.04559326,1.74887,26.4,
000000.000,0.3994751,0.05767822,0.04812622,1.467802,26.35,
000000.000,0.4098511,0.06921387,0.05825806,1.467802,26.35,
000000.000,0.3994751,0.0519104,0.04559326,1.467802,26.35,
000000.000,0.3994751,0.0519104,0.04559326,1.561491,26.3,
000000.000,0.4046631,0.05767822,0.05065918,1.74887,26.3,
000000.000,0.3942871,0.04614258,0.0430603,1.592721,26.35,
000000.000,0.3890991,0.0519104,0.04559326,1.561491,26.3,
000000.000,0.3942871,0.04614258,0.0430603,1.467802,26.3,
000000.000,0.3890991,0.04037476,0.03799438,1.561491,26.3,
000000.000,0.4046631,0.0519104,0.04812622,1.499031,26.3,
000000.000,0.3942871,0.04614258,0.04052734,1.467802,26.35,
000000.000,0.3994751,0.0519104,0.04812622,1.623951,26.3,
000000.000,0.3994751,0.05767822,0.04812622,1.71764,26.35,
000000.000,0.3994751,0.0519104,0.04559326,1.68641,26.35,
000000.000,0.4098511,0.05767822,0.04812622,1.592721,26.3,
000000.000,0.4098511,0.06344604,0.05319214,1.655181,26.3,
000000.000,0.3942871,0.04037476,0.03799438,1.530261,26.3,
000000.000,0.3994751,0.05767822,0.05319214,1.436572,26.3,
000000.000,0.3994751,0.0519104,0.04559326,1.530261,26.3,
000000.000,0.3942871,0.04614258,0.0430603,1.561491,26.3,
000000.000,0.3839111,0.05767822,0.05065918,1.499031,26.3,
000000.000,0.3942871,0.05767822,0.04812622,1.561491,26.3,
000000.000,0.3994751,0.05767822,0.05319214,1.530261,26.35,
000000.000,0.3787231,0.04614258,0.04052734,1.499031,26.3,
000000.000,0.3787231,0.04037476,0.03799438,1.499031,26.3,
000000.000,0.3839111,0.04614258,0.0430603,1.561491,26.3,
000000.000,0.3942871,0.0519104,0.04559326,1.499031,26.25,
000000.000,0.3994751,0.0519104,0.04559326,1.81133,26.3,
000000.000,0.3942871,0.0519104,0.0430603,1.68641,26.3,
000000.000,0.3942871,0.05767822,0.04812622,1.592721,26.25,
000000.000,0.3942871,0.0519104,0.04559326,1.499031,26.25,
000000.000,0.3890991,0.0519104,0.0430603,1.530261,26.25,
000000.000,0.3890991,0.0519104,0.0430603,1.467802,26.25,
000000.000,0.3994751,0.05767822,0.05319214,1.436572,26.25,
000000.000,0.3839111,0.04037476,0.03799438,1.655181,26.25,
000000.000,0.3942871,0.0519104,0.04559326,1.530261,26.25,
000000.000,0.3994751,0.05767822,0.04812622,1.71764,26.25,
000000.000,0.3942871,0.0519104,0.04559326,1.623951,26.25,
000000.000,0.3890991,0.04037476,0.04052734,1.499031,26.25,
000000.000,0.3890991,0.04037476,0.03799438,1.561491,26.2,
000000.000,0.3942871,0.0519104,0.0430603,1.499031,26.25,
000000.000,0.3942871,0.04614258,0.04052734,1.68641,26.25,
000000.000,0.3994751,0.0519104,0.04812622,1.592721,26.25,
000000.000,0.3994751,0.05767822,0.05065918,1.436572,26.25,
000000.000,0.3942871,0.04037476,0.03799438,1.499031,26.25,
000000.000,0.3994751,0.0519104,0.04559326,1.530261,26.25,
000000.000,0.3994751,0.0519104,0.04559326,1.592721,26.25,
000000.000,0.4046631,0.06344604,0.05319214,1.623951,26.25,
000000.000,0.3994751,0.05767822,0.04812622,1.592721,26.25,
000000.000,0.3994751,0.0519104,0.04559326,1.592721,26.25,
000000.000,0.3942871,0.04614258,0.04052734,1.561491,26.25,
000000.000,0.4046631,0.05767822,0.04812622,1.561491,26.25,
000000.000,0.4098511,0.06344604,0.05065918,1.530261,26.25,
000000.000,0.4098511,0.05767822,0.05319214,1.467802,26.25,
000000.000,0.4098511,0.05767822,0.05319214,1.561491,26.25,
000000.000,0.3994751,0.04614258,0.0430603,1.467802,26.25,
000000.000,0.4098511,0.05767822,0.04812622,1.530261,26.25,
000000.000,0.4046631,0.0519104,0.04812622,1.530261,26.25,
000000.000,0.4150391,0.05767822,0.05319214,1.561491,26.3,
000000.000,0.4202271,0.05767822,0.05319214,1.530261,26.25,
000000.000,0.4150391,0.0519104,0.04559326,1.530261,26.3,
000000.000,0.4098511,0.05767822,0.04812622,1.436572,26.3,
000000.000,0.4098511,0.05767822,0.04812622,1.561491,26.25,
000000.000,0.4046631,0.04614258,0.0430603,1.530261,26.25,
000000.000,0.4046631,0.04614258,0.0430603,1.499031,26.3,
000000.000,0.4046631,0.0519104,0.04559326,1.592721,26.3,
000000.000,0.4098511,0.05767822,0.05065918,1.530261,26.3,
000000.000,0.4098511,0.05767822,0.04812622,1.592721,26.25,
000000.000,0.4098511,0.05767822,0.05065918,1.530261,26.3,
000000.000,0.3994751,0.0519104,0.0430603,1.623951,26.25,
000000.000,0.4046631,0.04614258,0.0430603,1.655181,26.25,
000000.000,0.4150391,0.05767822,0.05319214,1.530261,26.25,
000000.000,0.3942871,0.04614258,0.04052734,1.467802,26.25,
000000.000,0.4046631,0.0519104,0.0430603,1.623951,26.25,
000000.000,0.4098511,0.0519104,0.04812622,1.499031,26.25,
000000.000,0.3579712,0.0519104,0.0430603,1.530261,26.25,
000000.000,0.3527832,0.04614258,0.0430603,1.499031,26.2,
000000.000,0.3683472,0.0519104,0.04559326,1.592721,26.2,
000000.000,0.4772949,0.0519104,0.04559326,1.530261,26.25,
000000.000,0.4721069,0.0519104,0.04559326,1.592721,26.2,
000000.000,0.4772949,0.05767822,0.05319214,1.561491,26.2,
000000.000,0.4772949,0.0519104,0.04812622,1.71764,26.2,
000000.000,0.4669189,0.0519104,0.04812622,1.561491,26.2,
000000.000,0.4098511,0.06344604,0.05319214,1.499031,26.25,
000000.000,0.4721069,0.04614258,0.0430603,1.592721,26.2,
000000.000,0.3631592,0.04614258,0.04559326,1.499031,26.25,
000000.000,0.3735352,0.04614258,0.04052734,1.530261,26.2,
000000.000,0.3735352,0.04614258,0.0430603,1.592721,26.2,
000000.000,0.3787231,0.04614258,0.0430603,1.655181,26.2,
000000.000,0.3735352,0.0519104,0.04812622,1.68641,26.2,
000000.000,0.3787231,0.0519104,0.04559326,1.623951,26.15,
000000.000,0.3787231,0.04614258,0.04559326,1.68641,26.2,
000000.000,0.3839111,0.0519104,0.04812622,1.499031,26.2,
000000.000,0.3839111,0.0519104,0.04812622,1.592721,26.2,
000000.000,0.3890991,0.05767822,0.05065918,1.561491,26.2,
000000.000,0.3839111,0.0519104,0.04559326,1.623951,26.2,
000000.000,0.3735352,0.03460693,0.03292847,1.655181,26.2,
000000.000,0.3839111,0.04614258,0.04052734,1.623951,26.25,
000000.000,0.3994751,0.05767822,0.05319214,1.592721,26.25,
000000.000,0.3942871,0.05767822,0.05319214,1.561491,26.2,
000000.000,0.3942871,0.0519104,0.04812622,1.592721,26.2,
000000.000,0.3994751,0.06344604,0.0557251,1.499031,26.2,
000000.000,0.3994751,0.05767822,0.05065918,1.623951,26.2,
000000.000,0.3942871,0.05767822,0.05065918,1.467802,26.2,
000000.000,0.3942871,0.0519104,0.04812622,1.71764,26.2,
000000.000,0.3994751,0.0519104,0.04812622,1.499031,26.25,
000000.000,0.3942871,0.0519104,0.04812622,1.561491,26.25,
000000.000,0.4046631,0.05767822,0.05319214,1.499031,26.25,
000000.000,0.4098511,0.06344604,0.0557251,1.623951,26.25,
000000.000,0.440979,0.04614258,0.04052734,1.530261,26.25,
000000.000,0.435791,0.0519104,0.04812622,1.467802,26.25,
000000.000,0.451355,0.05767822,0.05319214,1.561491,26.25,
000000.000,0.4669189,0.06344604,0.0557251,1.592721,26.3,
000000.000,0.5187988,0.05767822,0.05065918,1.436572,26.3,
000000.000,0.4980469,0.05767822,0.05065918,1.561491,26.25,
000000.000,0.4824829,0.0519104,0.04812622,1.467802,26.3,
000000.000,0.456543,0.04614258,0.04559326,1.74887,26.25,
000000.000,0.5291748,0.06344604,0.05825806,1.561491,26.3,
000000.000,0.430603,0.05767822,0.05065918,1.499031,26.3,
000000.000,0.4202271,0.0519104,0.04559326,1.530261,26.25,
000000.000,0.440979,0.0519104,0.04812622,1.499031,26.25,
000000.000,0.5499268,0.0519104,0.04812622,1.467802,26.25,
000000.000,0.5810547,0.06344604,0.05825806,1.623951,26.25,
000000.000,0.5706787,0.06344604,0.05319214,1.530261,26.25,
000000.000,0.5239868,0.0519104,0.04559326,1.68641,26.25,
000000.000,0.5966187,0.06344604,0.05825806,1.623951,26.3,
000000.000,0.6069946,0.06921387,0.06079102,1.655181,26.25,
000000.000,0.5966187,0.05767822,0.05319214,1.561491,26.3,
000000.000,0.5966187,0.06344604,0.06079102,1.530261,26.25,
000000.000,0.5810547,0.0519104,0.04812622,1.499031,26.25,
000000.000,0.5862427,0.06344604,0.0557251,1.71764,26.3,
000000.000,0.5758667,0.06344604,0.05319214,1.499031,26.3,
000000.000,0.5187988,0.06344604,0.05319214,1.623951,26.25,
000000.000,0.5395508,0.06344604,0.0557251,1.623951,26.25,
000000.000,0.440979,0.03460693,0.03799438,1.655181,26.25,
000000.000,0.3942871,0.03460693,0.03546143,1.592721,26.25,
000000.000,0.3424072,0.04037476,0.03799438,1.71764,26.25,
000000.000,0.3994751,0.04037476,0.04052734,1.530261,26.25,
000000.000,0.3112793,0.04614258,0.04052734,1.592721,26.3,
000000.000,0.2957153,0.03460693,0.03546143,1.530261,26.3,
000000.000,0.3009033,0.03460693,0.03292847,1.623951,26.3,
000000.000,0.2645874,0.04037476,0.03799438,1.561491,26.3,
000000.000,0.3890991,0.04037476,0.04052734,1.499031,26.3,
000000.000,0.2697754,0.04614258,0.0430603,1.499031,26.35,
000000.000,0.2386475,0.04614258,0.0430603,1.71764,26.35,
000000.000,0.2075195,0.03460693,0.03292847,1.561491,26.4,
000000.000,0.2127075,0.03460693,0.03546143,1.499031,26.35,
000000.000,0.2178955,0.03460693,0.03546143,1.499031,26.4,
000000.000,0.1971436,0.03460693,0.03039551,1.499031,26.4,
000000.000,0.5706787,0.05767822,0.0557251,1.530261,26.4,
000000.000,0.5603027,0.06921387,0.06079102,1.467802,26.35,
000000.000,0.5862427,0.06344604,0.05825806,1.467802,26.4,
000000.000,0.6018066,0.06344604,0.05825806,1.592721,26.35,
000000.000,0.6225586,0.06344604,0.06079102,1.561491,26.35,
000000.000,0.6381226,0.06921387,0.06585693,1.499031,26.35,
000000.000,0.6484985,0.06344604,0.06079102,1.499031,26.35,
000000.000,0.6640625,0.06921387,0.06332397,1.655181,26.35,
000000.000,0.6692505,0.06921387,0.06585693,1.561491,26.35,
000000.000,0.6744385,0.07498169,0.06838989,1.499031,26.35,
000000.000,0.5966187,0.08074951,0.07092285,1.74887,26.35,
000000.000,0.5603027,0.07498169,0.06838989,1.81133,26.35,
000000.000,0.5447388,0.06921387,0.06585693,1.592721,26.35,
000000.000,0.5239868,0.05767822,0.0557251,1.467802,26.35,
000000.000,0.5187988,0.06344604,0.06079102,1.623951,26.35,
000000.000,0.5654907,0.06921387,0.06585693,1.561491,26.35,
000000.000,0.5499268,0.06344604,0.0557251,1.530261,26.3,
000000.000,0.6121826,0.06344604,0.0557251,1.561491,26.3,
000000.000,0.6121826,0.06921387,0.06332397,1.561491,26.35,
000000.000,0.4980469,0.0519104,0.05065918,1.499031,26.3,
000000.000,0.5862427,0.06344604,0.05825806,1.467802,26.35,
000000.000,0.6018066,0.07498169,0.06585693,1.592721,26.35,
000000.000,0.5758667,0.05767822,0.0557251,1.655181,26.35,
000000.000,0.5810547,0.05767822,0.0557251,1.561491,26.35,
000000.000,0.461731,0.0519104,0.05065918,1.592721,26.35,
000000.000,0.5084229,0.0519104,0.05065918,1.405342,26.35,
000000.000,0.461731,0.0519104,0.04812622,1.467802,26.35,
000000.000,0.4669189,0.05767822,0.05319214,1.7801,26.3,
000000.000,0.4980469,0.06344604,0.05825806,1.68641,26.3,
000000.000,0.4721069,0.05767822,0.0557251,1.71764,26.3,
000000.000,0.461731,0.0519104,0.05065918,1.436572,26.3,
000000.000,0.4824829,0.06344604,0.06079102,1.530261,26.3,
000000.000,0.4721069,0.0519104,0.04812622,1.530261,26.3,
000000.000,0.5810547,0.06344604,0.06079102,1.592721,26.3,
000000.000,0.4824829,0.05767822,0.05319214,1.561491,26.3,
000000.000,0.4876709,0.05767822,0.0557251,1.655181,26.25,
000000.000,0.5706787,0.06344604,0.05825806,1.68641,26.3,
000000.000,0.5862427,0.05767822,0.0557251,1.623951,26.25,
000000.000,0.5966187,0.06344604,0.05825806,1.499031,26.3,
000000.000,0.5136108,0.05767822,0.05319214,1.592721,26.25,
000000.000,0.4980469,0.06344604,0.05825806,1.530261,26.25,
000000.000,0.4980469,0.05767822,0.05065918,1.655181,26.25,
000000.000,0.5239868,0.05767822,0.05319214,1.561491,26.25,
000000.000,0.5239868,0.0519104,0.05065918,1.592721,26.25,
000000.000,0.5810547,0.06344604,0.06079102,1.74887,26.25,
000000.000,0.5654907,0.07498169,0.06585693,1.74887,26.25,
000000.000,0.5706787,0.06921387,0.06585693,1.467802,26.25,
000000.000,0.3527832,0.0519104,0.04812622,1.467802,26.25,
000000.000,0.456543,0.05767822,0.05065918,1.71764,26.25,
000000.000,0.5706787,0.07498169,0.07092285,1.71764,26.25,
000000.000,0.5343628,0.06344604,0.0557251,1.467802,26.25,
000000.000,0.5395508,0.06344604,0.05825806,1.592721,26.25,
000000.000,0.4721069,0.06921387,0.06079102,1.499031,26.25,
000000.000,0.451355,0.07498169,0.06332397,1.592721,26.25,
000000.000,0.3631592,0.06344604,0.0557251,1.499031,26.25,
000000.000,0.4669189,0.0519104,0.04812622,1.530261,26.25,
000000.000,0.5239868,0.05767822,0.0557251,1.71764,26.2,
000000.000,0.5187988,0.06344604,0.0557251,1.561491,26.2,
000000.000,0.435791,0.06344604,0.05825806,1.71764,26.2,
000000.000,0.5291748,0.06344604,0.0557251,1.561491,26.2,
000000.000,0.5084229,0.06344604,0.06079102,1.68641,26.2,
000000.000,0.4876709,0.06344604,0.06079102,1.623951,26.2,
000000.000,0.4824829,0.05767822,0.05319214,1.405342,26.25,
000000.000,0.4669189,0.04614258,0.04559326,1.561491,26.2,
000000.000,0.4824829,0.06921387,0.06332397,1.592721,26.2,
000000.000,0.4669189,0.05767822,0.0557251,1.592721,26.25,
000000.000,0.4669189,0.05767822,0.05319214,1.530261,26.25,
000000.000,0.4772949,0.06344604,0.05825806,1.71764,26.2,
000000.000,0.4721069,0.06344604,0.05825806,1.592721,26.25,
000000.000,0.4772949,0.06344604,0.05825806,1.436572,26.2,
000000.000,0.4721069,0.05767822,0.0557251,1.623951,26.15,
000000.000,0.4669189,0.05767822,0.05319214,1.530261,26.15,
000000.000,0.4669189,0.05767822,0.05319214,1.499031,26.15,
000000.000,0.451355,0.04614258,0.04559326,1.499031,26.15,
000000.000,0.3942871,0.06344604,0.05065918,1.623951,26.15,
000000.000,0.3009033,0.0519104,0.04052734,1.623951,26.15,
000000.000,0.3060913,0.05767822,0.0430603,1.68641,26.2,
000000.000,0.2957153,0.0519104,0.03799438,1.499031,26.2,
145435.00,2.002563,0.06344604,0.07092285,1.436572,26.7,
145436.00,2.002563,0.07498169,0.07852173,1.530261,26.7,
145438.00,1.997375,0.05767822,0.06585693,1.561491,26.75,
145440.00,1.903992,0.0519104,0.06079102,1.7801,26.75,
145534.00,1.987,0.05767822,0.06838989,1.499031,26.65,
145535.00,1.966248,0.05767822,0.06332397,1.68641,26.65,
145537.00,1.981812,0.06921387,0.07598877,1.499031,26.65,
145539.00,1.966248,0.05767822,0.06332397,1.623951,26.65,
145540.00,1.981812,0.06921387,0.07345581,1.592721,26.65,
145542.00,1.976624,0.0519104,0.06332397,1.499031,26.65,
145544.00,1.878052,0.06344604,0.07092285,1.71764,26.65,
145545.00,1.955872,0.05767822,0.06585693,1.499031,26.6,
145547.00,1.96106,0.06344604,0.06838989,1.561491,26.65,
145549.00,1.981812,0.05767822,0.06838989,1.655181,26.6,
145550.00,1.976624,0.06344604,0.06838989,1.467802,26.65,
145552.00,1.966248,0.05767822,0.06332397,1.592721,26.65,
145554.00,1.971436,0.05767822,0.06332397,1.499031,26.65,
145555.00,1.976624,0.06344604,0.07092285,1.561491,26.65,
145557.00,1.987,0.05767822,0.06585693,1.71764,26.65,
145559.00,1.971436,0.05767822,0.06585693,1.592721,26.65,
145600.00,1.992188,0.06344604,0.06838989,1.561491,26.65,
145602.00,1.987,0.06344604,0.07092285,1.467802,26.7,
145604.00,1.987,0.06344604,0.06838989,1.530261,26.65,
145723.00,0.1971436,0.04037476,0.03292847,1.655181,26.75,
145724.00,0.2645874,0.03460693,0.03039551,1.499031,26.75,
145726.00,0.2645874,0.03460693,0.03292847,1.592721,26.75,
145728.00,0.2542114,0.04037476,0.03292847,1.655181,26.75,
145729.00,0.2697754,0.04614258,0.03546143,1.655181,26.75,
145731.00,0.2697754,0.04037476,0.03292847,1.499031,26.75,
145733.00,0.2593994,0.02883911,0.02786255,1.623951,26.75,
145734.00,0.2957153,0.02883911,0.02279663,1.561491,26.75,
145736.00,0.3372192,0.03460693,0.03039551,1.530261,26.75,
145738.00,0.2853394,0.03460693,0.03292847,1.592721,26.7,
145739.00,0.2697754,0.04037476,0.03292847,1.68641,26.7,
145741.00,0.2697754,0.04037476,0.03546143,1.467802,26.75,
145743.00,0.2905273,0.03460693,0.03292847,1.623951,26.7,
145744.00,0.2593994,0.04037476,0.03292847,1.655181,26.75,
145746.00,0.2542114,0.04037476,0.03546143,1.561491,26.75,
145748.00,0.2438354,0.02883911,0.02532959,1.592721,26.7,
145749.00,0.2490234,0.04037476,0.03799438,1.71764,26.7,
145751.00,0.2334595,0.04037476,0.03292847,1.436572,26.75,
145753.00,0.2490234,0.04037476,0.03546143,1.561491,26.7,
145754.00,0.1504517,0.03460693,0.03039551,1.623951,26.75,
145756.00,0.1608276,0.03460693,0.02786255,1.530261,26.75,
145758.00,0.1919556,0.04037476,0.03292847,1.436572,26.75,
145759.00,0.2023315,0.03460693,0.03039551,1.561491,26.7,
145801.00,0.2127075,0.03460693,0.03292847,1.530261,26.75,
145803.00,0.1815796,0.04037476,0.03292847,1.467802,26.7,
145804.00,0.2593994,0.03460693,0.03039551,1.623951,26.7,
145806.00,0.3112793,0.04037476,0.03546143,1.436572,26.75,
145808.00,0.2178955,0.03460693,0.02786255,1.467802,26.75,
145809.00,0.2334595,0.04614258,0.03799438,1.71764,26.75,
145811.00,0.2542114,0.04037476,0.03292847,1.499031,26.75,
145813.00,0.2542114,0.0519104,0.0430603,1.530261,26.75,
145814.00,0.3424072,0.03460693,0.03039551,1.655181,26.75,
145816.00,0.3475952,0.02883911,0.02786255,1.467802,26.75,
145818.00,0.3683472,0.04037476,0.03546143,1.467802,26.75,
145819.00,0.2490234,0.03460693,0.02786255,1.623951,26.75,
150200.00,0.1815796,0.03460693,0.02786255,1.655181,22.95,
150201.00,0.2386475,0.02883911,0.02532959,1.71764,23.0,
150203.00,0.1608276,0.03460693,0.03039551,1.499031,23.0,
150205.00,0.2023315,0.04037476,0.03546143,1.655181,23.0,
150206.00,0.1867676,0.03460693,0.03039551,1.530261,23.0,
150209.00,0.2127075,0.03460693,0.02786255,1.436572,22.95,
150210.00,0.1867676,0.03460693,0.03039551,1.467802,22.95,
150212.00,0.1919556,0.03460693,0.02786255,1.68641,23.0,
150214.00,0.2542114,0.04614258,0.03546143,1.499031,23.0,
150216.00,0.2490234,0.04037476,0.03292847,1.623951,23.0,
150218.00,0.2801514,0.04037476,0.03039551,1.436572,23.0,
150220.00,0.3164673,0.05767822,0.0430603,1.499031,23.0,
150222.00,0.3009033,0.0519104,0.03546143,1.561491,23.0,
150224.00,0.2905273,0.04614258,0.03546143,1.530261,23.0,
150226.00,0.3216553,0.04037476,0.03292847,1.74887,22.95,
150227.00,0.3164673,0.04037476,0.03292847,1.655181,22.95,
150229.00,0.3216553,0.04614258,0.03546143,1.592721,22.95,
150231.00,0.2957153,0.04037476,0.03039551,1.499032,22.95,
150232.00,0.3320313,0.0519104,0.0430603,1.467802,22.95,
150234.00,0.3216553,0.04037476,0.03039551,1.530261,22.95,
150236.00,0.2801514,0.04037476,0.03039551,1.592721,23.0,
150237.00,0.2334595,0.03460693,0.02532959,1.592721,23.0,
150239.00,0.2075195,0.04037476,0.03039551,1.499031,23.0,
150241.00,0.2490234,0.03460693,0.02786255,1.623951,23.05,
150242.00,0.2230835,0.03460693,0.02786255,1.467802,23.05,
150244.00,0.3372192,0.03460693,0.03039551,1.623951,23.05,
150246.00,0.2075195,0.02883911,0.02279663,1.467802,23.05,
150247.00,0.425415,0.04614258,0.03799438,1.592721,23.1,
150249.00,0.1919556,0.03460693,0.02786255,1.405342,23.1,
150251.00,0.2178955,0.03460693,0.02279663,1.592721,23.1,
150252.00,0.1141357,0.02883911,0.02279663,1.623951,23.1,
150254.00,0.1141357,0.03460693,0.02532959,1.68641,23.1,
150256.00,0.06744385,0.03460693,0.02279663,1.68641,23.2,
150432.00,0.425415,0.04614258,0.03799438,1.530261,23.55,
150433.00,0.425415,0.04037476,0.03799438,1.467802,23.5,
150435.00,0.4202271,0.03460693,0.03292847,1.499032,23.55,
150437.00,0.4202271,0.04037476,0.03546143,1.467802,23.55,
150438.00,0.2334595,0.03460693,0.03292847,1.655181,23.55,
150440.00,0.1037598,0.03460693,0.02786255,1.499031,23.55,
150442.00,0.1608276,0.04614258,0.03546143,1.592721,23.55,
150443.00,0.1245117,0.04037476,0.03292847,1.592721,23.55,
150445.00,0.0881958,0.02883911,0.02279663,1.436572,23.6,
150447.00,0.09857178,0.02307129,0.02279663,1.530261,23.6,
000000.000,0.1348877,0.04614258,0.03546143,1.499031,24.95,
000000.000,0.1504517,0.05767822,0.04812622,1.467802,24.95,
000000.000,0.1348877,0.04614258,0.03546143,1.7801,25.0,
000000.000,0.1296997,0.03460693,0.02786255,1.499031,25.05,
000000.000,0.1348877,0.03460693,0.02786255,1.405342,25.1,
000000.000,0.1504517,0.06344604,0.04812622,1.405342,25.05,
000000.000,0.1348877,0.04037476,0.03292847,1.530261,25.1,
000000.000,0.1348877,0.04037476,0.03039551,1.436572,25.1,
000000.000,0.1296997,0.03460693,0.02786255,1.467802,25.15,
000000.000,0.1971436,0.09228516,0.04812622,1.68641,25.1,
000000.000,1.255493,0.0519104,0.04559326,1.592721,25.1,
000000.000,0.8197021,0.04037476,0.03546143,1.592721,25.2,
000000.000,7.24762,0.09228516,0.0987854,1.499031,25.3,
000000.000,16.01532,0.1730347,0.1899719,1.592721,25.25,
000000.000,15.979,0.161499,0.1773071,1.530261,25.2,
000000.000,16.18652,0.161499,0.1798401,1.561491,25.25,
000000.000,5.405884,0.08074951,0.08612061,1.623951,25.25,
000000.000,0.5343628,0.04614258,0.04052734,1.436572,25.25,
000000.000,0.5395508,0.04037476,0.03546143,1.530261,25.45,
000000.000,0.9078979,0.04614258,0.0430603,1.592721,25.65,
000000.000,0.7315063,0.0519104,0.0430603,1.530261,25.75,
150957.00,15.15411,0.161499,0.1595764,1.499031,25.7,
150958.00,4.907837,0.08074951,0.07598877,1.74887,25.7,
151000.00,0.4824829,0.04037476,0.03546143,1.499031,25.75,
151002.00,0.3216553,0.04037476,0.03546143,1.530261,25.85,
151003.00,0.2386475,0.02883911,0.02532959,1.623951,26.0,
151005.00,0.2386475,0.02883911,0.02532959,1.499031,26.0,
151007.00,0.2386475,0.02883911,0.02532959,1.499031,26.0,
151008.00,0.2386475,0.02883911,0.02532959,1.530261,26.0,
151010.00,0.2386475,0.02883911,0.02532959,1.499031,26.0,
151012.00,0.1712036,376.5234,83.6459,1.499031,355.5,
151013.00,0.1712036,376.5234,83.6459,1.655181,355.5,
151015.00,0.1712036,376.5234,83.6459,1.623951,355.5,
151358.00,13.83636,0.1384277,0.1443787,1.499031,24.85,
151359.00,13.94531,0.1499634,0.1570435,1.499031,24.9,
151401.00,14.0802,0.1499634,0.1545105,1.467802,24.85,
151403.00,14.0802,0.161499,0.1646423,1.7801,24.85,
151404.00,13.97644,0.1499634,0.1545105,1.499031,24.85,
151406.00,14.05945,0.1441956,0.1519775,1.74887,24.85,
151408.00,0.2334595,0.06344604,0.04559326,1.655181,24.85,
151409.00,10.32928,0.1326599,0.1291809,1.499031,24.8,
151411.00,11.17493,0.1441956,0.1418457,1.561491,24.85,
151413.00,13.62885,0.161499,0.1621094,1.592721,24.85,
151414.00,13.78967,0.1672668,0.1697083,1.623951,24.85,
151416.00,13.77411,0.1672668,0.1646423,1.436572,24.85,
151418.00,13.72742,0.1788025,0.1773071,1.623951,24.85,
151419.00,13.76373,0.1672668,0.1646423,1.623951,24.85,
151421.00,3.776855,0.1038208,0.09118652,1.655181,24.8,
151423.00,1.193237,0.06921387,0.05319214,1.467802,24.85,
151424.00,4.855957,0.08074951,0.08105469,1.592721,24.85,
151426.00,9.56665,0.1211243,0.124115,1.436572,24.85,
151619.00,5.10498,0.1268921,0.1038513,1.467802,24.8,
151620.00,8.238525,0.1384277,0.124115,1.561491,24.75,
151622.00,2.957153,0.1038208,0.08105469,1.561491,24.75,
151624.00,2.957153,0.1038208,0.08105469,1.68641,24.75,
151642.00,1.774292,0.06344604,0.06079102,1.530261,24.8,
151643.00,1.795044,0.05767822,0.05319214,1.623951,24.8,
151645.00,11.57959,0.1441956,0.1621094,1.405342,24.85,
151647.00,0.5603027,0.06921387,0.05319214,1.499031,24.85,
151648.00,0.871582,0.1268921,0.1013184,1.68641,24.85,
151650.00,0.7107544,0.09805298,0.07852173,1.623951,24.85,
151652.00,0.7418823,0.09228516,0.07092285,1.592721,24.85,
151653.00,0.6744385,0.09228516,0.07092285,1.467802,24.85,
151655.00,9.530334,0.1788025,0.1671753,1.655181,24.85,
151657.00,12.50824,0.1903381,0.1798401,1.84256,24.85,
151658.00,10.55237,0.1672668,0.1570435,1.592721,24.85,
151700.00,4.041443,0.09805298,0.08612061,1.467802,24.85,
151702.00,14.26697,0.1845703,0.1899719,1.530261,24.85,
151703.00,8.534241,0.1441956,0.1393127,1.561491,24.85,
151705.00,3.367004,0.1038208,0.08865356,1.530261,24.9,
151707.00,3.154297,0.09805298,0.08358765,1.592721,24.95,
151708.00,8.15033,0.1211243,0.1418457,1.499031,25.0,
151710.00,8.15033,0.1095886,0.1342468,1.592721,24.95,
151712.00,8.15033,0.1095886,0.1317139,1.592721,24.95,
151713.00,8.171082,0.1268921,0.1443787,1.592721,24.95,
151715.00,8.181458,0.1211243,0.1393127,1.592721,24.95,
151717.00,8.165894,0.1153564,0.1367798,1.530261,24.95,
151718.00,5.047913,0.09805298,0.0987854,1.68641,24.9,
151720.00,10.27222,0.09805298,0.1089172,1.436572,24.9,
151722.00,7.859802,0.1153564,0.1139832,1.499031,24.9,
151723.00,7.527771,0.1095886,0.1114502,1.623951,24.95,
152803.00,0.4772949,0.06344604,0.05319214,1.592721,23.45,
152804.00,0.4772949,0.09805298,0.08105469,1.530261,23.45,
152806.00,0.5187988,0.1211243,0.0987854,1.499031,23.45,
152808.00,0.4772949,0.08651733,0.07345581,1.530261,23.45,
152809.00,0.4772949,0.07498169,0.05825806,1.499031,23.5,
152811.00,0.3268433,0.05767822,0.04559326,1.7801,23.5,
152813.00,3.761292,0.08074951,0.07092285,1.561491,23.45,
152814.00,4.726257,0.1211243,0.0987854,1.561491,23.45,
152816.00,4.747009,0.08074951,0.07598877,1.499031,23.4,
153120.00,0.1089478,0.07498169,0.0557251,1.530261,23.25,
153121.00,0.1296997,0.09228516,0.07092285,1.467802,23.25,
153123.00,0.1141357,0.06344604,0.04812622,1.436572,23.25,
153125.00,0.1400757,0.08074951,0.06332397,1.530261,23.3,
153126.00,0.1348877,0.08074951,0.06838989,1.530261,23.35,
153128.00,0.1296997,0.08074951,0.06332397,1.499031,23.3,
153130.00,0.09338379,0.09228516,0.07345581,1.467802,23.35,
153131.00,0.08300781,0.07498169,0.06079102,1.499031,23.35,
153133.00,0.1089478,0.09805298,0.07852173,1.592721,23.35,
153135.00,0.09338379,0.08651733,0.07092285,1.530261,23.35,
000000.000,4.404602,0.1211243,0.1190491,1.499031,22.2,
000000.000,4.38385,0.09805298,0.0987854,1.436572,22.25,
000000.000,4.35791,0.1153564,0.1114502,1.530261,22.25,
000000.000,4.347534,0.1211243,0.1089172,1.499031,22.25,
000000.000,4.389038,0.1268921,0.1165161,1.499031,22.25,
000000.000,4.389038,0.1268921,0.1165161,1.592721,22.25,
000000.000,2.728882,0.1211243,0.1038513,1.530261,22.5,
000000.000,2.68219,0.1268921,0.1038513,1.530261,22.5,
000000.000,2.718506,0.09805298,0.08612061,1.530261,22.5,
000000.000,2.697754,0.09228516,0.08105469,1.530261,22.5,
000000.000,2.692566,0.1038208,0.08358765,1.530261,22.55,
000000.000,2.744446,0.1095886,0.09625244,1.561491,22.55,
000000.000,2.692566,0.1326599,0.0987854,1.530261,22.55,
000000.000,2.713318,0.1153564,0.1013184,1.561491,22.6,
000000.000,2.677002,0.1038208,0.08612061,1.530261,22.6,
000000.000,2.687378,0.1038208,0.08612061,1.530261,22.65,
000000.000,2.68219,0.1211243,0.1013184,1.530261,22.65,
000000.000,2.702942,0.09228516,0.07598877,1.467802,22.65,
000000.000,2.718506,0.08651733,0.07345581,1.499032,22.65,
000000.000,2.73407,0.1038208,0.09118652,1.561491,22.7,
000000.000,4.721069,0.09805298,0.07598877,1.530261,22.25,
000000.000,4.570618,0.161499,0.1291809,1.499031,22.2,
000000.000,4.482422,0.1384277,0.1114502,1.530261,22.25,
000000.000,4.612122,0.1038208,0.08105469,1.530261,22.25,
000000.000,4.472046,0.09805298,0.07345581,1.623951,22.25,
000000.000,4.430542,0.09228516,0.07345581,1.467802,22.25,
000000.000,4.43573,0.09228516,0.07345581,1.561491,22.3,
000000.000,4.378662,0.09228516,0.07092285,1.592721,22.25,
000000.000,4.389038,0.1038208,0.07852173,1.561491,22.3,
000000.000,4.389038,0.1038208,0.07852173,1.561491,22.3,
000000.000,4.389038,0.1038208,0.07852173,1.530261,22.3,
000000.000,4.503174,0.09805298,0.07092285,1.561491,22.25,
000000.000,4.648438,0.1153564,0.09118652,1.530261,22.25,
000000.000,1.70166,0.1153564,0.0987854,1.561491,22.5,
000000.000,1.795044,0.09228516,0.07852173,1.405342,22.5,
000000.000,1.680908,0.1038208,0.08105469,1.467802,22.55,
000000.000,1.660156,0.1038208,0.08105469,1.561491,22.55,
000000.000,1.62384,0.1268921,0.1063843,1.592721,22.55,
000000.000,1.748352,0.06921387,0.06079102,1.530261,22.55,
000000.000,1.654968,0.06344604,0.05319214,1.530261,22.6,
000000.000,1.789856,0.05767822,0.05065918,1.623951,22.6,
000000.000,1.789856,0.05767822,0.05065918,1.530261,22.6,
000000.000,1.966248,0.08074951,0.07092285,1.530261,22.65,
000000.000,1.208801,0.1268921,0.1038513,1.530261,22.65,
000000.000,2.625122,0.06344604,0.06079102,1.592721,22.5,
000000.000,2.671814,0.06921387,0.06838989,1.561491,22.55,
000000.000,2.070007,0.08074951,0.07598877,1.405342,22.55,
000000.000,2.241211,0.07498169,0.07345581,1.530261,22.6,
000000.000,2.241211,0.07498169,0.07345581,1.436572,22.6,
000000.000,2.236023,0.06921387,0.07092285,1.499031,22.6,
000000.000,2.298279,0.08074951,0.07598877,1.530261,22.6,
111111.000,2.225647,0.1326599,0.1266479,1.530261,22.35,
111111.000,1.758728,0.08651733,0.07598877,1.530261,22.35,
111111.000,1.862488,0.1211243,0.1063843,1.467802,22.4,
111111.000,1.997375,0.1211243,0.1114502,1.499031,22.4,
111111.000,2.101135,0.09228516,0.09118652,1.467802,22.4,
111111.000,2.101135,0.09805298,0.08612061,1.561491,22.4,
111111.000,1.88324,0.1672668,0.1342468,1.467802,22.4,
111111.000,1.483765,0.08074951,0.07092285,1.467802,22.4,
111111.000,1.603088,0.1268921,0.1190491,1.499031,22.4,
111111.000,1.629028,0.08651733,0.08105469,1.467802,22.45,
111111.000,1.546021,0.06921387,0.07092285,1.592721,22.4,
111111.000,1.499329,0.0519104,0.0557251,1.467802,22.45,
111111.000,1.546021,0.06921387,0.07345581,1.499031,22.45,
111111.000,1.556396,0.07498169,0.07598877,1.530261,22.45,
111111.000,1.556396,0.06921387,0.07092285,1.561491,22.45,
111111.000,1.888428,0.1095886,0.09371948,1.530261,22.45,
111111.000,2.080383,0.0519104,0.06332397,1.499031,22.45,
111111.000,2.116699,0.08074951,0.08105469,1.530261,22.45,
111111.000,2.350159,0.1326599,0.1165161,1.499031,22.45,
111111.000,4.155579,0.1038208,0.1013184,1.561491,22.5,
111111.000,4.155579,0.1845703,0.1418457,1.499031,22.5,
111111.000,4.010315,0.1326599,0.1139832,1.405342,22.5,
111111.000,12.93365,0.1903381,0.1747742,1.561491,22.2,
111111.000,12.81433,0.196106,0.1798401,1.530261,22.25,
111111.000,12.29553,0.2134094,0.187439,1.623951,22.3,
111111.000,10.04913,0.1788025,0.1570435,1.592721,22.3,
111111.000,7.527771,0.1557312,0.1342468,1.592721,22.3,
111111.000,8.586121,0.1557312,0.1367798,1.561491,22.3,
111111.000,11.87531,0.1845703,0.1646423,1.655181,22.3,
111111.000,12.0932,0.1845703,0.1697083,1.561491,22.3,
111111.000,12.04132,0.1903381,0.1722412,1.467802,22.3,
111111.000,12.32666,0.2134094,0.1950378,1.561491,22.35,
111111.000,12.56531,0.1845703,0.1722412,1.561491,22.3,
111111.000,12.47192,0.1672668,0.1519775,1.561491,22.3,
111111.000,12.31628,0.196106,0.1798401,1.499031,22.3,
111111.000,12.19696,0.1788025,0.1697083,1.530261,22.35,
111111.000,12.12952,0.1903381,0.1697083,1.530261,22.35,
111111.000,12.10876,0.1730347,0.1519775,1.530261,22.35,
111111.000,12.12433,0.1788025,0.1671753,1.592721,22.35,
111111.000,12.09839,0.196106,0.1773071,1.530261,22.35,
111111.000,11.922,0.1845703,0.1671753,1.467802,22.4,
111111.000,11.922,0.1788025,0.1646423,1.467802,22.4,
111111.000,11.99982,0.196106,0.1773071,1.499031,22.4,
111111.000,11.99463,0.2134094,0.1925049,1.530261,22.35,
111111.000,12.28516,0.2076416,0.1925049,1.561491,22.35,
111111.000,12.45117,0.196106,0.1798401,1.623951,22.4,
111111.000,12.15546,0.1788025,0.1595764,1.499031,22.35,
111111.000,11.99463,0.161499,0.1469116,1.561491,22.4,
111111.000,12.03094,0.1903381,0.1646423,1.530261,22.35,
111111.000,12.03094,0.1903381,0.1646423,1.561491,22.35,
111111.000,12.03094,0.1903381,0.1646423,1.561491,22.35,
111111.000,11.68335,0.1672668,0.1494446,1.561491,22.4,
111111.000,11.78711,0.1903381,0.1697083,1.592721,22.35,
111111.000,11.27869,0.1730347,0.1595764,1.561491,22.35,
111111.000,11.98425,0.161499,0.1494446,1.561491,22.35,
111111.000,12.09839,0.196106,0.1747742,1.530261,22.35,
111111.000,12.17621,0.2018738,0.1747742,1.592721,22.35,
111111.000,12.51862,0.1730347,0.1545105,1.530261,22.35,
111111.000,13.62885,0.161499,0.1519775,1.530261,22.35,
111111.000,13.62885,0.161499,0.1519775,1.499031,22.35,
111111.000,13.62885,0.161499,0.1519775,1.592721,22.35,
111111.000,10.41748,0.1672668,0.1494446,1.561491,22.25,
111111.000,10.29297,0.196106,0.1798401,1.467802,22.3,
111111.000,10.22034,0.196106,0.1747742,1.592721,22.35,
111111.000,10.20996,0.1788025,0.1595764,1.592721,22.35,
111111.000,10.16327,0.196106,0.1747742,1.530261,22.35,
111111.000,10.18402,0.1845703,0.1621094,1.499031,22.35,
111111.000,10.22552,0.1672668,0.1494446,1.530261,22.35,
111111.000,10.22552,0.1672668,0.1494446,1.467802,22.35,
111111.000,10.22552,0.1672668,0.1494446,1.561491,22.35,
111111.000,9.95575,0.1672668,0.1519775,1.499031,22.4,
111111.000,10.17883,0.1845703,0.1671753,1.623951,22.35,
111111.000,10.07507,0.1903381,0.1697083,1.561491,22.35,
111111.000,10.15289,0.1845703,0.1671753,1.467802,22.35,
111111.000,10.15289,0.1845703,0.1671753,1.592721,22.35,
111111.000,10.3241,0.1441956,0.1342468,1.530261,22.4,
111111.000,10.3241,0.1788025,0.1621094,1.499031,22.35,
111111.000,10.37079,0.1672668,0.1545105,1.467802,22.35,
111111.000,9.64447,0.1672668,0.1443787,1.499031,22.35,
111111.000,9.64447,0.1672668,0.1443787,1.561491,22.35,
111111.000,8.451233,0.1672668,0.1393127,1.436572,22.4,
111111.000,7.963562,0.1672668,0.1418457,1.592721,22.15,
111111.000,6.900024,0.1499634,0.1266479,1.561491,22.2,
111111.000,6.012878,0.1788025,0.1494446,1.592721,22.2,
111111.000,5.172424,0.161499,0.1317139,1.467802,22.25,
111111.000,4.134827,0.161499,0.1317139,1.530261,22.2,
111111.000,3.631592,0.1326599,0.1063843,1.530261,22.25,
111111.000,3.50708,0.1268921,0.09625244,1.530261,22.25,
111111.000,3.989563,0.1268921,0.1013184,1.623951,22.25,
111111.000,6.666565,0.1557312,0.1317139,1.499031,22.25,
111111.000,8.352661,0.1845703,0.1545105,1.499032,22.3,
111111.000,8.632813,0.1730347,0.1443787,1.530261,22.25,
111111.000,8.440857,0.161499,0.1393127,1.592721,22.25,
111111.000,8.554993,0.1788025,0.1545105,1.467802,22.25,
111111.000,8.695068,0.1499634,0.1317139,1.499031,22.3,
111111.000,8.68988,0.1557312,0.1393127,1.530261,22.3,
111111.000,8.684692,0.161499,0.1393127,1.530261,22.25,
111111.000,8.752136,0.1499634,0.1342468,1.530261,22.3,
111111.000,8.752136,0.1499634,0.1342468,1.530261,22.3,
111111.000,11.97388,0.1384277,0.1393127,1.499031,22.4,
111111.000,11.9635,0.1499634,0.1469116,1.499031,22.45,
111111.000,12.0517,0.1384277,0.1443787,1.530261,22.45,
111111.000,12.10358,0.1384277,0.1418457,1.561491,22.5,
111111.000,12.12433,0.1441956,0.1494446,1.499031,22.5,
111111.000,12.12433,0.1441956,0.1494446,1.623951,22.5,
111111.000,8.394165,0.1211243,0.1139832,1.499031,22.45,
111111.000,8.311157,0.1153564,0.1089172,1.467802,22.5,
111111.000,8.311157,0.1268921,0.1190491,1.499031,22.5,
111111.000,8.326721,0.1211243,0.1165161,1.561491,22.55,
111111.000,8.430481,0.1268921,0.1190491,1.499031,22.5,
111111.000,8.373413,0.1095886,0.1038513,1.561491,22.5,
111111.000,8.12439,0.1153564,0.1139832,1.499031,22.55,
111111.000,8.446045,0.1153564,0.1114502,1.561491,22.55,
111111.000,8.347473,0.1268921,0.1190491,1.467802,22.55,
111111.000,8.347473,0.1268921,0.1190491,1.499031,22.55,
111111.000,7.569275,0.1211243,0.1139832,1.530261,22.6,
111111.000,7.491455,0.1095886,0.1063843,1.68641,22.55,
111111.000,7.78717,0.1326599,0.1190491,1.530261,22.55,
111111.000,7.875366,0.1153564,0.1089172,1.561491,22.55,
111111.000,7.906494,0.1153564,0.1063843,1.499031,22.55,
111111.000,8.010254,0.1153564,0.1114502,1.499031,22.6,
111111.000,8.466797,0.1268921,0.121582,1.530261,22.55,
111111.000,8.959656,0.1211243,0.1165161,1.561491,22.6,
111111.000,8.970032,0.1211243,0.1165161,1.561491,22.55,
111111.000,9.146423,0.1038208,0.1038513,1.467802,22.55,
111111.000,9.161987,0.1211243,0.1165161,1.530261,22.55,
111111.000,0.2178955,0.0519104,0.0430603,0.5933687,26.95,
111111.000,0.2230835,0.0519104,0.04559326,-0.03123674,26.95,
111111.000,0.2127075,0.04614258,0.04052734,-0.0,27.0,
111111.000,0.2230835,0.0519104,0.04559326,-0.0,27.05,
111111.000,0.2230835,0.04614258,0.03799438,0.1561467,27.0,
111111.000,0.2282715,0.04037476,0.03546143,-0.1249192,27.05,
111111.000,0.2230835,0.03460693,0.03292847,-0.0,27.05,
111111.000,0.1608276,0.05767822,0.05065918,-0.062455,27.05,
111111.000,0.09857178,0.02883911,0.02279663,0.0312275,27.1,
111111.000,0.09857178,0.02883911,0.02279663,-0.1561467,27.1,
111111.000,0.2438354,0.0519104,0.04052734,-0.1873835,27.0,
111111.000,0.2334595,0.04037476,0.03292847,-0.0,27.05,
111111.000,0.2282715,0.03460693,0.02786255,-0.0312275,27.05,
111111.000,0.2334595,0.04037476,0.03292847,-0.0,27.1,
111111.000,0.2386475,0.0519104,0.0430603,-0.0,27.05,
111111.000,0.2386475,0.04614258,0.03546143,0.0312275,27.05,
111111.000,0.2230835,0.03460693,0.02786255,-0.0312275,27.05,
111111.000,0.2282715,0.04037476,0.03039551,-0.06246424,27.05,
111111.000,0.2334595,0.0519104,0.04052734,-0.1249192,27.05,
111111.000,0.2230835,0.03460693,0.02786255,-0.0312275,27.1,
111111.000,0.2282715,0.04037476,0.03039551,-0.0936825,27.1,
111111.000,0.2334595,0.04037476,0.03292847,0.03123674,27.05,
111111.000,0.2334595,0.04037476,0.03292847,-0.0,27.1,
111111.000,0.2334595,0.04037476,0.03292847,-0.218611,27.1,
111111.000,0.2334595,0.04037476,0.03292847,-0.062455,27.1,
111111.000,0.2334595,0.04614258,0.03546143,-0.1873835,27.15,
111111.000,0.2178955,0.02883911,0.02026367,-0.062455,27.1,
111111.000,0.2334595,0.04037476,0.03292847,0.0312275,27.15,
111111.000,0.2230835,0.03460693,0.03039551,0.09369174,27.1,
111111.000,0.1919556,0.0519104,0.0430603,-0.0,27.15,
111111.000,0.2230835,0.0519104,0.04052734,-0.0312275,27.15,
111111.000,0.2542114,0.0519104,0.0430603,0.09369174,27.15,
111111.000,0.2593994,0.05767822,0.04559326,-0.1561467,27.15,
111111.000,0.2438354,0.06344604,0.04812622,0.062455,27.15,
111111.000,0.2334595,0.06344604,0.05065918,-0.09369174,27.2,
111111.000,0.2334595,0.05767822,0.04559326,-0.062455,27.15,
111111.000,0.2127075,0.04614258,0.03292847,0.1249192,27.2,
111111.000,0.2334595,0.06344604,0.05065918,-0.0312275,27.2,
111111.000,0.2282715,0.05767822,0.0430603,0.0312275,27.2,
111111.000,0.2178955,0.0519104,0.03799438,-0.0312275,27.25,
111111.000,0.2178955,0.04614258,0.03799438,0.1561467,27.25,
111111.000,0.2282715,0.06344604,0.04812622,0.03123674,27.2,
111111.000,0.2282715,0.05767822,0.0430603,-0.062455,27.25,
111111.000,0.2127075,0.04614258,0.03799438,-0.0312275,27.25,
111111.000,0.2230835,0.0519104,0.0430603,-0.06246424,27.25,
111111.000,0.2282715,0.05767822,0.04559326,-0.062455,27.25,
111111.000,0.2230835,0.05767822,0.0430603,-0.1249192,27.3,
111111.000,0.2230835,0.0519104,0.04052734,0.1249192,27.3,
111111.000,0.2230835,0.0519104,0.04052734,0.0312275,27.25,
111111.000,0.2230835,0.04614258,0.03799438,-0.2498385,27.3,
111111.000,0.2230835,0.0519104,0.03799438,0.03123674,27.3,
111111.000,0.2282715,0.0519104,0.04052734,-0.0312275,27.3,
111111.000,0.2230835,0.0519104,0.03799438,-0.06246424,27.3,
111111.000,0.2282715,0.0519104,0.04052734,-0.2498385,27.3,
111111.000,0.2230835,0.05767822,0.04559326,-0.062455,27.3,
111111.000,0.2282715,0.0519104,0.04052734,-0.0312275,27.3,
111111.000,0.2230835,0.0519104,0.03799438,-0.1249192,27.3,
111111.000,0.2282715,0.06344604,0.04559326,-0.0312275,27.3,
111111.000,0.2490234,0.04614258,0.04052734,-0.0,27.3,
111111.000,0.2957153,0.04614258,0.04052734,-0.062455,27.3,
111111.000,0.3787231,0.04614258,0.0430603,-0.0,27.35,
111111.000,0.3994751,0.05767822,0.05065918,0.0312275,27.35,
111111.000,0.3060913,0.04614258,0.04052734,-0.09369174,27.35,
111111.000,0.2905273,0.04614258,0.04052734,-0.09369174,27.35,
111111.000,0.2697754,0.04614258,0.03799438,-0.0312275,27.3,
111111.000,0.2645874,0.02883911,0.02532959,0.1249192,27.3,
111111.000,0.3060913,0.04037476,0.03546143,-0.062455,27.35,
111111.000,0.3009033,0.0519104,0.0430603,-0.3122935,27.35,
111111.000,0.3060913,0.0519104,0.04559326,-0.09369174,27.35,
111111.000,0.3009033,0.04614258,0.04052734,0.06246424,27.35,
111111.000,0.2957153,0.04037476,0.03546143,-0.09369174,27.35,
111111.000,0.3060913,0.04614258,0.04052734,-0.0312275,27.35,
111111.000,0.3060913,0.0519104,0.0430603,-0.0936825,27.35,
111111.000,0.3060913,0.0519104,0.0430603,-0.0,27.35,
111111.000,0.2438354,0.04037476,0.03039551,-0.0,24.45,
111111.000,0.2438354,0.04037476,0.03039551,-0.0,24.5,
111111.000,0.2490234,0.04037476,0.03039551,-0.0,24.5,
111111.000,0.2386475,0.04037476,0.03039551,-0.0,24.5,
111111.000,0.2386475,0.03460693,0.02786255,-0.0,24.5,
111111.000,0.2386475,0.04037476,0.03039551,-0.0,24.5,
111111.000,0.2386475,0.03460693,0.02786255,-0.0,24.55,
111111.000,0.2438354,0.04037476,0.03039551,-0.0,24.55,
111111.000,0.2438354,0.04037476,0.02786255,-0.0,24.55,
111111.000,0.2438354,0.04037476,0.03039551,-0.0,24.55,
111111.000,0.2438354,0.04037476,0.03039551,-0.0,24.55,
111111.000,0.2490234,0.04614258,0.03292847,-0.0,24.5,
111111.000,0.2438354,0.04037476,0.02786255,-0.0,24.5,
111111.000,0.2386475,0.03460693,0.02532959,-0.0,24.5,
111111.000,0.2438354,0.03460693,0.02532959,-0.0,24.5,
111111.000,0.2438354,0.02883911,0.02026367,-0.0,24.5,
111111.000,0.3424072,0.1903381,0.1469116,-0.0,24.55,
111111.000,0.2282715,0.03460693,0.02532959,-0.0,24.55,
111111.000,0.2127075,0.04037476,0.02532959,-0.0,24.55,
111111.000,0.2075195,0.03460693,0.02532959,-0.0,24.55,
111111.000,0.2075195,0.03460693,0.02279663,-0.0,24.55,
111111.000,0.2075195,0.03460693,0.02026367,-0.0,24.6,
111111.000,0.2230835,0.04614258,0.03039551,-0.0,24.6,
111111.000,0.2230835,0.04614258,0.03039551,-0.0,24.6,
111111.000,0.2178955,0.04037476,0.02532959,-0.0,24.55,
111111.000,0.2127075,0.04037476,0.02786255,-0.0,24.6,
111111.000,0.2178955,0.03460693,0.02532959,-0.0,24.55,
111111.000,0.2127075,0.04037476,0.02532959,-0.0,24.55,
111111.000,0.2178955,0.04037476,0.02786255,-0.0,24.5,
111111.000,0.2178955,0.04037476,0.02786255,-0.0,24.5,
111111.000,0.2075195,0.02883911,0.02026367,-0.0,24.55,
111111.000,0.2075195,0.02883911,0.02026367,-0.0,24.6,
111111.000,0.2178955,0.04037476,0.02786255,-0.0,24.6,
111111.000,0.2178955,0.04037476,0.02786255,-0.0,24.6,
111111.000,0.2075195,0.03460693,0.02279663,-0.0,24.65,
111111.000,0.05187988,0.01730347,0.01013184,-0.0,25.55,
111111.000,0.05706787,0.02883911,0.02026367,-0.0,25.6,
111111.000,0.05187988,0.02307129,0.01519775,-0.0,25.55,
111111.000,0.04150391,0.03460693,0.02279663,-0.0,25.6,
111111.000,0.04150391,0.02307129,0.01773071,-0.0,25.6,
111111.000,0.06744385,0.02307129,0.01773071,-0.0,25.6,
111111.000,0.04669189,0.02307129,0.01773071,-0.0,25.6,
111111.000,0.05706787,0.02307129,0.01773071,-0.0,25.6,
111111.000,0.05706787,0.02883911,0.02026367,-0.0,25.6,
111111.000,0.04669189,0.02883911,0.02279663,-0.0,25.55,
111111.000,0.07263184,0.02307129,0.01773071,-0.0,25.55,
111111.000,0.06744385,0.02883911,0.02279663,-0.0,25.55,
111111.000,0.07781982,0.02883911,0.02279663,-0.0,25.6,
111111.000,0.07263184,0.02883911,0.02026367,-0.0,25.6,
111111.000,0.07781982,0.02883911,0.01773071,-0.0,25.55,
111111.000,0.07781982,0.02883911,0.02026367,-0.0,25.55,
111111.000,0.07781982,0.02883911,0.02026367,-0.0,25.55,
111111.000,0.07781982,0.02307129,0.01773071,-0.0,25.5,
111111.000,0.07263184,0.02883911,0.02026367,-0.0,25.7,
111111.000,0.07263184,0.03460693,0.02279663,-0.0,25.7,
111111.000,0.07263184,0.03460693,0.02532959,-0.0,25.75,
111111.000,0.07781982,0.03460693,0.02532959,-0.0,25.75,
111111.000,0.06225586,0.02883911,0.02279663,-0.0,25.75,
111111.000,0.05706787,0.02883911,0.02279663,-0.0,25.8,
111111.000,0.06225586,0.03460693,0.02532959,-0.0,25.8,
111111.000,0.06225586,0.03460693,0.02532959,-0.0,25.8,
111111.000,0.07781982,0.04037476,0.03039551,-0.0,25.95,
111111.000,0.07781982,0.03460693,0.02532959,-0.0,26.0,
111111.000,0.08300781,0.03460693,0.02532959,-0.0,26.0,
111111.000,0.07263184,0.03460693,0.02279663,-0.0,26.0,
111111.000,0.04150391,0.02307129,0.01773071,-0.0,26.0,
111111.000,0.04150391,0.02307129,0.01773071,-0.0,26.0,
111111.000,0.05187988,0.03460693,0.02532959,-0.0,26.0,
111111.000,0.05706787,0.02307129,0.01773071,-0.0,26.0,
111111.000,0.05706787,0.02307129,0.01773071,-0.0,26.0,
111111.000,0.06225586,0.03460693,0.02279663,-0.0,26.05,
111111.000,0.06744385,0.03460693,0.02279663,-0.0,26.05,
111111.000,0.09857178,0.02307129,0.01773071,-0.0,26.1,
111111.000,0.06225586,0.02307129,0.01773071,-0.0,26.1,
111111.000,0.06225586,0.02307129,0.01773071,-0.0,26.1,
111111.000,0.09857178,0.02883911,0.02279663,-0.0,24.9,
111111.000,0.09857178,0.02883911,0.02279663,-0.0,24.95,
111111.000,0.0881958,0.02307129,0.01773071,-0.0,25.0,
111111.000,0.06225586,0.02307129,0.01773071,-0.0,25.0,
111111.000,0.07263184,0.03460693,0.02532959,-0.0,25.05,
111111.000,0.07263184,0.03460693,0.02532959,-0.0,25.05,
111111.000,0.06744385,0.03460693,0.02532959,-0.0,25.15,
111111.000,0.09857178,0.02883911,0.02279663,-0.0,25.0,
111111.000,0.09857178,0.02883911,0.02279663,-0.0,25.0,
111111.000,0.0881958,0.02307129,0.01773071,-0.0,25.0,
111111.000,0.09338379,0.02307129,0.02026367,-0.0,25.0,
111111.000,0.09857178,0.02883911,0.02279663,-0.0,25.05,
111111.000,0.1089478,0.02883911,0.01519775,-0.0,23.75,
111111.000,0.1296997,0.04037476,0.02532959,-0.0,23.8,
111111.000,0.1504517,0.02883911,0.02532959,-0.0,23.85,
111111.000,0.1504517,0.02883911,0.02532959,-0.0,23.85,
111111.000,0.1556396,0.03460693,0.02786255,-0.0,23.75,
111111.000,0.1556396,0.03460693,0.02786255,-0.0,23.7,
111111.000,0.1504517,0.02883911,0.02532959,-0.0,23.7,
111111.000,0.1556396,0.04037476,0.03039551,-0.0,23.75,
111111.000,0.1504517,0.02883911,0.02532959,-0.0,23.7,
111111.000,0.1452637,0.02883911,0.02279663,-0.0,23.7,
111111.000,0.1556396,0.04037476,0.03039551,-0.0,23.75,
111111.000,0.1452637,0.02307129,0.02026367,-0.0,23.7,
111111.000,0.1556396,0.04037476,0.03039551,-0.0,23.75,
111111.000,0.1556396,0.03460693,0.02786255,-0.0,23.75,
111111.000,0.1504517,0.02883911,0.02532959,-0.0,23.75,
111111.000,0.1504517,0.03460693,0.02532959,-0.0,23.75,
111111.000,0.1556396,0.03460693,0.03039551,-0.0,23.75,
111111.000,0.1504517,0.02883911,0.02532959,-0.0,23.7,
111111.000,0.1452637,0.02883911,0.02026367,-0.0,23.7,
111111.000,0.1452637,0.02883911,0.02532959,-0.0,23.7,
111111.000,0.1452637,0.02883911,0.02279663,-0.0,23.7,
111111.000,0.1556396,0.03460693,0.03039551,-0.0,23.7,
111111.000,0.1504517,0.03460693,0.02786255,-0.0,23.7,
111111.000,0.1452637,0.02307129,0.01773071,-0.0,23.7,
111111.000,0.1504517,0.03460693,0.02532959,-0.0,23.7,
111111.000,0.1504517,0.03460693,0.02786255,-0.0,23.7,
111111.000,0.1452637,0.02883911,0.02026367,-0.0,23.7,
111111.000,0.1452637,0.02883911,0.02279663,-0.0,23.65,
111111.000,0.1504517,0.02883911,0.02532959,-0.0,23.65,
111111.000,0.1504517,0.02883911,0.02279663,-0.0,23.7,
111111.000,0.1452637,0.02883911,0.02279663,-0.0,23.75,
111111.000,0.1504517,0.02883911,0.02532959,-0.0,23.7,
111111.000,0.1504517,0.02883911,0.02279663,-0.0,23.7,
111111.000,0.1452637,0.02883911,0.02279663,-0.0,23.7,
111111.000,0.1452637,0.02883911,0.02279663,-0.0,23.7,
111111.000,0.1556396,0.04037476,0.03039551,-0.0,23.7,
111111.000,0.1504517,0.03460693,0.02786255,-0.0,23.65,
111111.000,0.1556396,0.03460693,0.03039551,-0.0,23.65,
111111.000,0.1504517,0.02883911,0.02532959,-0.0,23.75,
